5_AFTER,0,1,2,3,4,6,7,8,9,10,11,12,13,14,15,16,17,18,19,20,21
0,90,8,0,1,1,1,5,6,9,2,1,1,2,7,0,0,3,66,8,14,0
0,58,11,1,2,0,0,1,0,13,5,0,0,1,2,2,0,2,487,13,20,1
0,95,11,2,1,0,0,6,13,15,3,2,2,3,23,0,2,2,269,8,10,0
0,28,19,0,1,2,1,0,1,14,4,1,3,4,22,0,0,0,6,6,20,0
0,145,13,2,0,2,1,1,7,15,2,0,0,3,14,2,1,2,264,8,18,1
0,223,20,1,1,2,0,3,10,10,5,2,0,1,10,0,2,3,708,2,19,1
0,31,10,1,2,2,0,3,5,18,4,0,1,1,22,2,0,0,638,2,14,0
0,137,15,1,1,0,0,6,2,16,5,2,2,1,3,0,0,1,756,4,4,0
0,282,24,2,2,1,0,0,6,4,2,2,1,1,20,0,2,0,404,9,18,0
0,87,12,1,0,0,1,5,6,3,5,2,1,3,3,0,2,0,462,5,2,0
0,97,14,0,0,2,0,3,1,8,1,0,0,4,6,2,0,1,469,9,16,1
0,128,12,1,2,0,1,2,6,15,4,2,2,4,9,0,0,2,631,11,20,0
0,282,27,1,0,1,1,5,6,11,0,0,1,1,3,2,1,0,327,12,11,0
0,346,35,0,0,2,1,4,10,2,3,2,1,0,0,0,0,2,393,6,6,0
0,236,25,2,0,2,0,2,4,9,3,1,3,2,9,0,0,3,53,3,3,0
0,83,7,1,0,0,1,4,3,4,0,0,0,1,6,2,1,2,152,9,15,0
0,352,34,0,2,2,1,1,13,5,4,0,1,4,17,3,0,0,434,11,17,0
0,248,23,0,2,1,1,0,9,12,3,2,2,4,12,0,1,3,553,7,10,0
0,10,7,1,0,2,1,4,11,0,1,0,0,0,3,2,0,3,129,6,6,1
0,376,41,2,1,1,0,0,11,11,0,1,1,4,6,0,0,3,43,8,12,0
0,341,34,1,1,0,1,0,11,15,1,1,3,4,8,0,0,1,110,11,7,0
0,117,13,2,0,2,0,1,11,5,2,2,2,1,0,0,1,0,397,5,4,1
0,265,29,1,2,2,1,5,9,12,1,0,0,0,16,1,2,3,415,1,18,1
0,23,20,1,1,1,1,5,12,17,0,2,0,4,0,0,0,2,253,8,20,0
0,84,9,2,1,1,1,0,1,2,2,3,3,2,3,0,1,2,13,8,19,0
0,51,21,0,1,2,1,1,10,9,2,0,2,0,0,2,0,2,276,2,15,0
0,66,7,0,1,2,1,3,3,12,2,0,0,4,12,2,2,0,528,1,14,1
0,333,34,0,2,2,1,5,1,5,4,3,1,4,6,0,1,2,77,8,6,1
0,282,31,2,0,0,1,4,12,2,3,0,2,3,17,2,0,3,674,4,13,0
0,142,15,1,0,0,1,6,6,0,2,0,0,4,15,2,2,1,534,9,19,1
0,69,8,2,2,0,1,3,4,16,0,0,0,4,16,2,1,3,177,5,5,1
0,74,11,2,0,1,0,4,2,18,3,0,2,1,9,2,2,1,382,5,9,0
0,220,19,2,1,1,0,1,7,13,1,2,0,0,16,0,0,1,498,8,19,0
0,63,11,2,0,0,0,2,10,15,0,0,2,3,15,2,0,0,356,1,18,0
0,231,20,0,0,0,0,1,5,7,5,1,3,4,3,0,2,3,14,4,8,0
0,227,25,0,1,0,1,3,2,14,2,0,1,3,4,2,2,1,274,6,1,0
0,238,25,2,2,2,0,6,8,5,1,1,3,4,7,0,2,2,78,8,10,1
0,251,22,0,1,1,1,2,11,6,4,0,2,0,17,2,1,1,402,8,19,1
0,180,20,1,1,0,1,5,0,13,3,0,0,3,3,2,2,2,425,4,17,0
0,186,15,1,1,1,0,1,9,1,2,2,2,4,10,0,2,2,345,3,14,0
0,86,9,2,0,1,1,3,4,18,0,2,2,0,22,0,1,0,215,7,11,0
0,389,45,2,1,0,0,0,0,15,4,0,1,1,17,2,1,1,139,2,3,0
0,282,31,0,0,2,1,5,11,4,1,0,0,1,1,3,1,2,575,4,15,0
0,175,20,2,1,2,0,1,12,12,3,0,1,4,7,2,2,0,470,4,2,0
0,140,14,2,0,1,0,2,4,5,0,2,1,0,2,0,0,2,679,5,7,1
0,17,20,0,1,1,0,3,0,10,4,1,3,4,9,0,2,1,15,11,7,0
0,287,29,2,0,1,0,5,8,0,2,2,0,4,21,0,1,0,333,1,10,1
0,179,22,2,1,0,0,3,2,16,1,2,0,3,1,0,1,0,761,11,16,1
0,188,15,1,0,0,1,3,3,5,1,3,1,2,5,0,2,1,62,11,8,1
0,1,10,2,2,0,0,3,2,13,2,2,1,4,15,0,2,3,702,6,8,0
0,125,14,2,1,1,0,6,2,13,1,2,1,1,23,0,0,1,128,12,20,0
1,338,36,2,1,0,1,2,0,12,4,3,3,4,7,0,2,3,83,0,17,0
1,279,30,2,1,0,1,4,6,4,5,0,0,3,16,2,0,2,534,10,12,0
1,379,38,0,0,0,0,2,4,9,3,0,0,0,7,2,0,1,384,4,0,0
1,244,27,1,0,1,1,6,9,4,4,2,1,3,19,0,0,3,660,3,18,0
1,139,17,2,1,2,0,4,0,11,3,0,1,4,12,2,1,1,444,5,5,0
1,199,16,2,1,0,1,4,12,12,0,2,2,1,13,0,2,0,588,5,12,0
1,141,15,0,2,1,0,0,8,19,0,0,1,3,9,2,2,1,520,5,12,0
1,203,22,0,2,2,0,0,6,16,3,0,2,4,15,2,1,2,160,0,1,0
1,302,27,0,0,1,1,4,11,15,2,2,1,4,2,0,2,1,363,7,3,0
1,342,36,0,1,0,1,6,6,9,4,0,1,1,2,3,0,2,162,3,2,0
1,221,21,1,0,1,1,1,2,11,0,2,1,3,6,0,1,3,631,5,10,0
1,229,21,1,2,0,0,5,1,16,2,2,2,3,0,0,0,1,693,3,3,0
1,311,31,2,2,0,0,5,8,2,2,0,2,4,14,2,0,2,200,1,20,0
1,147,18,0,2,1,1,0,12,4,5,2,2,4,13,0,2,0,544,4,4,0
1,90,13,0,1,0,1,3,11,18,2,2,1,0,4,0,0,3,197,11,15,0
1,185,22,2,1,1,0,0,11,13,0,2,1,0,10,0,1,2,127,3,4,0
1,297,27,1,0,2,1,4,12,2,5,2,1,3,13,0,1,0,653,7,16,0
1,153,16,0,1,0,1,1,2,4,3,2,2,3,8,0,1,3,537,2,13,0
1,1,14,0,1,0,0,2,13,19,1,0,1,4,1,2,1,0,131,12,11,0
1,214,20,0,0,1,0,4,2,3,4,2,0,1,0,0,1,3,590,0,7,1
1,221,24,2,1,0,0,6,11,1,0,2,0,4,23,0,0,1,388,3,3,0
1,355,34,2,1,2,0,2,8,13,0,0,1,1,17,2,1,2,743,10,10,0
1,315,35,2,2,0,1,1,9,19,5,0,0,3,23,2,2,1,524,1,12,1
1,204,22,0,0,0,1,3,9,9,5,0,2,4,14,2,2,0,688,10,18,0
1,92,10,2,2,0,1,0,9,0,2,1,1,4,5,0,2,3,90,0,10,0
1,162,15,2,0,0,0,3,5,0,5,2,0,3,14,0,2,1,153,6,14,1
1,5,2,1,1,0,0,2,3,17,3,2,2,4,23,0,0,0,173,9,3,0
1,115,11,0,2,2,1,1,11,9,4,0,2,4,16,2,2,0,589,8,7,0
1,143,16,2,1,1,0,0,10,10,1,2,1,0,0,0,0,3,241,9,2,0
1,70,6,1,0,0,0,2,12,10,3,0,0,3,11,2,1,0,586,6,8,1
1,215,18,2,1,0,0,2,11,5,5,2,0,1,14,0,2,0,558,8,2,1
1,53,5,1,0,0,0,1,8,13,2,0,0,0,15,2,2,1,486,12,16,1
1,172,19,2,0,0,1,2,0,9,0,3,3,2,7,0,1,1,17,6,4,0
1,60,7,0,0,2,0,2,6,0,4,2,1,1,14,0,2,2,447,1,13,0
1,118,11,0,2,2,0,6,11,18,0,2,2,3,7,0,1,3,592,11,14,0
1,240,24,1,2,2,0,6,5,0,0,2,2,3,12,0,2,2,448,8,10,0
1,96,7,0,2,2,1,4,11,6,3,0,2,1,2,2,2,3,642,1,1,1
1,225,24,1,1,1,1,0,9,9,3,3,3,4,21,0,1,0,91,13,8,0
1,157,18,0,0,1,1,3,1,12,2,0,2,4,4,2,2,1,371,1,10,0
1,110,15,2,0,1,0,4,1,3,5,1,1,2,5,0,1,1,94,12,15,0
1,140,14,1,1,0,0,6,13,8,5,2,0,1,16,0,0,0,545,11,6,1
1,216,23,1,0,0,1,1,5,11,1,2,1,3,11,0,2,3,619,12,20,1
1,253,22,2,1,2,1,4,10,5,5,2,1,1,23,0,0,0,685,5,14,1
1,242,24,0,0,0,0,5,4,0,1,3,3,4,15,0,1,3,101,1,13,0
1,257,26,0,2,0,0,2,6,15,5,0,1,1,11,2,0,2,531,5,15,0
1,155,17,0,0,1,0,5,3,4,2,0,0,0,22,2,0,0,536,8,13,1
1,79,12,2,1,2,0,6,7,10,1,2,2,3,2,0,1,0,605,0,12,0
1,105,11,1,2,0,1,3,5,9,1,0,0,3,8,2,0,3,394,13,9,1
1,218,22,1,0,0,0,3,13,18,5,0,0,4,3,2,2,1,745,3,12,1
1,56,6,0,1,1,1,5,9,18,0,0,0,0,22,3,0,0,603,12,10,0
1,217,24,2,1,1,0,1,12,7,2,0,1,3,17,2,2,3,188,9,5,0
1,109,11,1,1,0,0,0,8,12,0,2,1,3,20,0,1,1,704,10,5,0
1,265,29,0,2,0,0,6,6,8,0,0,0,1,19,2,0,0,223,13,3,0
1,309,32,0,0,1,0,5,11,13,1,0,0,1,18,2,2,2,599,2,11,1
1,229,20,2,1,0,0,0,0,4,0,0,1,4,7,2,0,1,574,2,15,0
1,150,14,2,1,0,0,0,3,0,2,0,0,1,17,3,2,1,146,8,1,1
1,101,8,2,0,0,0,5,12,8,4,0,0,0,21,2,0,1,265,9,18,0
1,176,21,2,2,2,0,3,3,4,2,1,3,2,10,0,2,1,77,9,6,0
1,66,8,1,2,2,0,2,0,0,3,0,1,0,1,2,0,0,503,13,0,0
1,16,13,0,0,1,1,4,12,5,1,0,2,0,0,2,0,2,390,4,0,1
1,268,22,0,2,2,1,5,13,18,5,3,3,2,9,0,2,3,47,11,6,0
1,223,23,0,0,1,1,1,3,15,1,3,3,2,10,0,0,0,58,1,12,0
1,92,14,1,0,1,1,4,1,8,3,2,1,0,21,0,1,0,618,3,7,0
1,322,36,0,0,2,1,2,9,13,2,0,0,0,20,2,0,0,562,11,5,1
1,215,24,0,1,2,1,1,10,15,5,0,1,4,15,2,2,2,621,1,15,0
1,247,26,2,1,0,0,1,3,6,4,3,3,2,3,0,2,3,12,5,0,0
1,351,33,1,1,1,1,6,6,14,1,0,2,4,15,1,1,3,267,12,8,0
1,62,10,2,2,0,0,0,2,8,3,2,0,0,9,0,1,0,491,4,18,0
1,290,25,0,1,1,0,5,11,15,2,0,2,3,12,2,1,0,120,13,11,0
1,96,7,2,0,0,0,3,1,16,5,0,1,0,14,2,1,0,395,9,7,0
1,240,24,1,0,1,0,3,13,11,2,2,2,4,0,0,0,1,696,9,11,0
1,331,32,1,1,1,0,4,2,15,0,0,1,3,14,2,1,3,508,11,12,0
1,211,19,2,2,0,0,6,5,14,4,2,0,1,16,0,1,2,571,2,18,1
1,383,39,1,2,2,1,5,13,3,3,2,2,1,2,0,2,3,342,9,19,0
1,120,10,1,1,1,0,0,11,13,3,2,0,1,5,0,1,3,611,11,8,0
1,300,31,0,2,1,0,2,11,19,0,2,2,1,19,0,0,0,247,3,0,0
1,128,17,2,2,2,0,3,13,6,3,0,0,1,2,3,0,2,573,6,3,0
1,380,40,0,1,1,0,3,3,19,1,0,0,3,14,1,1,2,572,3,4,1
1,243,24,1,0,0,0,3,3,16,1,2,2,1,18,0,1,0,599,6,16,0
1,90,8,0,2,0,0,1,13,18,4,1,1,2,9,0,1,0,47,12,6,0
1,238,24,1,2,0,0,3,13,2,4,0,0,1,14,1,2,2,595,9,12,1
1,196,20,2,2,1,1,0,1,13,4,3,1,2,4,0,1,2,103,4,2,0
1,128,13,0,1,1,0,1,10,6,2,2,0,1,13,0,2,3,676,3,0,1
1,117,9,2,2,1,0,2,0,14,2,2,2,0,11,0,0,2,753,6,12,0
1,200,17,0,0,2,0,0,6,11,3,0,1,0,17,2,0,3,225,10,11,0
1,53,6,1,0,2,0,5,7,7,1,0,1,0,1,2,1,0,133,4,5,0
1,58,7,0,1,1,1,1,1,16,3,2,0,4,8,0,2,2,370,11,13,1
1,54,9,0,0,1,0,5,10,4,4,2,2,4,3,0,1,1,403,11,9,1
1,78,13,1,1,1,0,2,2,9,4,2,2,3,11,0,2,3,688,4,4,0
1,385,45,1,1,0,1,5,7,16,1,2,0,1,13,0,2,3,554,8,7,0
1,271,23,1,2,0,1,5,6,11,3,2,1,0,10,0,0,1,236,10,18,0
1,119,15,2,0,0,1,5,11,11,2,1,3,2,8,0,1,3,64,4,20,0
1,338,39,2,0,0,0,0,3,6,5,2,0,4,18,0,2,1,748,0,7,1
1,141,15,0,1,0,1,2,12,13,2,0,2,3,0,2,1,0,629,9,5,0
1,108,13,0,2,1,1,2,1,3,4,2,1,3,12,0,0,3,348,2,16,0
1,272,27,2,2,1,0,2,0,14,3,1,1,4,8,0,2,2,56,13,10,1
1,368,38,0,0,1,1,1,10,13,5,0,0,4,19,2,0,3,516,7,12,1
1,339,36,0,2,2,1,3,12,17,1,0,2,4,23,2,1,1,713,9,15,0
1,3,10,0,0,0,0,3,8,5,4,1,3,4,3,0,2,1,42,8,13,1
1,40,22,2,0,2,0,4,8,18,0,0,2,0,23,2,1,3,641,4,9,1
1,267,22,0,1,1,1,1,9,13,5,3,3,4,3,0,2,0,26,3,14,0
1,196,19,1,1,0,1,3,12,9,2,3,1,4,6,0,1,2,107,0,13,0
1,123,13,2,0,1,0,6,4,0,5,2,2,3,17,0,1,0,680,1,19,0
1,119,9,2,2,1,0,3,4,12,2,0,1,0,21,1,2,1,692,5,15,0
1,225,19,1,0,2,0,0,12,11,1,0,0,1,23,2,0,3,631,0,13,0
1,37,6,2,0,1,1,5,8,17,5,0,0,1,13,2,1,3,236,4,0,0
1,151,12,1,0,1,1,3,8,10,1,0,2,0,14,2,2,0,460,11,4,0
1,167,14,1,2,2,0,3,10,10,3,0,1,0,12,3,2,3,368,7,7,0
1,28,19,0,0,0,0,1,7,17,3,0,1,4,15,2,2,1,554,2,2,0
1,382,44,0,1,0,0,5,11,2,3,2,1,3,7,0,0,3,196,11,20,0
1,138,18,2,2,1,0,6,13,2,4,2,2,4,9,0,0,2,658,3,18,0
1,98,10,2,0,2,0,2,0,12,0,0,1,4,17,2,1,3,728,7,0,0
1,24,13,2,0,0,0,6,0,19,2,2,2,0,11,0,1,0,425,4,18,0
1,61,8,1,1,1,0,5,0,18,3,3,3,4,19,0,2,3,31,12,5,0
1,214,25,1,1,2,0,1,9,10,2,2,2,1,19,0,0,2,588,2,20,0
1,141,18,1,2,0,1,2,13,1,4,0,2,0,5,2,0,3,188,13,4,0
1,384,43,0,0,0,1,6,6,13,5,0,0,1,7,2,0,3,469,3,14,0
1,292,27,1,1,1,1,4,11,19,2,2,0,1,18,0,2,1,755,8,4,1
1,285,28,2,0,1,0,0,2,12,3,1,1,2,7,0,1,1,57,11,7,0
1,82,12,0,0,2,0,4,9,13,0,0,0,4,21,2,1,3,238,10,19,0
1,303,29,0,2,2,0,4,6,5,5,0,2,4,21,2,0,0,148,2,10,1
1,96,12,0,0,2,1,0,5,19,3,0,2,4,21,2,1,2,735,6,6,0
1,34,9,2,1,1,1,5,13,19,1,3,3,2,17,0,2,1,92,2,9,0
1,92,14,2,2,2,0,5,7,13,5,0,0,0,1,2,2,3,647,4,19,0
1,8,2,1,2,0,1,2,5,10,0,2,0,3,21,0,0,0,729,12,17,0
1,168,21,1,0,1,1,6,7,16,0,2,2,3,13,0,0,2,557,1,13,0
1,80,7,0,1,1,0,0,1,18,2,0,1,3,15,2,0,2,590,7,1,0
1,214,23,1,0,1,0,4,0,9,3,0,1,3,13,2,1,2,381,0,4,0
1,83,11,1,1,2,0,2,1,13,2,2,0,1,19,0,1,3,463,3,6,0
1,307,34,1,0,1,0,1,9,7,1,2,0,0,12,0,0,0,665,0,5,0
1,251,25,0,2,2,0,0,6,13,2,0,0,0,20,2,1,0,149,1,12,1
1,140,14,1,0,1,0,3,1,8,0,2,1,1,18,0,1,0,459,0,19,0
1,73,11,0,2,2,0,4,10,11,5,2,1,4,9,0,1,0,366,13,15,0
1,165,20,0,0,0,0,3,3,17,3,0,1,4,3,2,2,0,473,7,15,0
1,370,42,1,2,1,0,2,12,16,5,0,1,4,1,2,2,1,664,9,10,0
1,251,26,2,2,1,0,1,5,9,0,0,1,1,18,2,1,1,716,11,3,0
1,126,11,0,1,0,1,4,3,11,4,0,1,3,4,2,2,1,587,3,10,0
1,197,16,0,0,0,0,3,9,13,1,2,2,0,1,0,1,1,185,2,16,0
1,142,15,2,0,1,0,3,8,6,0,0,2,3,18,3,2,3,592,12,10,1
1,241,22,0,0,0,1,5,3,15,4,0,0,1,0,2,2,3,668,8,13,1
1,225,20,0,1,2,1,3,11,11,0,0,2,0,21,2,1,2,117,10,0,0
1,348,37,0,1,0,1,2,5,19,3,0,2,4,19,2,0,2,513,11,2,0
1,117,12,0,0,0,0,2,13,6,2,0,0,0,2,2,0,2,541,5,18,1
1,219,20,0,0,0,1,4,12,8,5,3,3,2,1,0,2,1,41,3,15,0
1,269,26,0,0,1,1,5,8,14,0,0,0,1,4,2,2,1,237,8,14,0
1,246,25,0,0,0,1,1,3,17,5,0,0,1,20,2,0,2,540,5,4,0
1,76,8,2,0,0,0,5,13,14,3,2,1,4,2,0,2,1,143,5,1,0
1,196,18,1,2,2,1,2,8,16,1,3,3,2,9,0,1,2,89,4,4,0
1,150,12,1,0,1,0,5,0,5,5,1,1,2,7,0,0,0,17,2,18,1
1,368,42,2,1,0,1,6,13,12,5,2,0,1,21,0,2,3,309,9,9,1
1,104,12,2,2,1,0,0,3,3,1,0,0,0,18,2,0,3,140,1,10,1
2,93,11,2,0,0,0,4,10,16,2,3,1,4,8,0,0,0,39,2,11,0
2,308,33,0,2,1,0,0,9,3,1,2,0,3,2,0,0,2,230,12,10,1
2,90,14,2,0,1,0,5,7,15,3,0,1,0,20,2,1,3,319,10,18,1
2,20,6,2,1,2,0,1,9,12,2,0,2,3,0,3,1,0,623,0,0,0
2,114,16,2,2,0,1,3,12,6,0,2,2,1,17,0,2,3,714,8,12,1
2,135,12,1,1,0,0,6,9,8,3,2,0,3,4,0,0,0,517,12,18,1
2,197,19,1,1,1,0,5,13,18,3,2,2,1,12,0,0,3,730,2,10,1
2,207,22,2,0,2,0,4,1,6,1,2,2,3,7,0,0,2,419,6,0,1
2,233,23,1,0,0,1,2,3,13,0,2,0,3,16,0,1,1,596,5,14,1
2,109,15,1,2,1,0,3,10,13,1,1,1,2,3,0,2,1,20,7,7,0
2,164,15,0,0,2,0,3,12,3,4,0,2,0,22,2,1,1,116,1,14,0
2,88,13,1,0,1,1,3,2,9,4,2,2,1,17,0,1,1,178,4,4,0
2,156,13,1,0,1,1,4,10,4,3,0,0,3,13,1,1,1,369,10,12,0
2,214,18,0,2,1,1,6,12,15,3,2,0,0,15,0,2,3,248,11,1,1
2,67,8,2,2,0,1,3,7,16,2,1,3,4,4,0,0,3,71,13,14,0
2,117,11,2,0,1,1,4,6,12,3,2,0,0,8,0,0,3,522,1,2,0
2,110,12,0,2,1,0,3,1,4,4,2,1,4,16,0,0,1,481,2,7,0
2,380,38,0,1,0,1,5,8,7,5,2,1,4,14,0,2,0,390,4,0,0
2,363,41,2,2,0,1,0,8,5,2,2,2,0,23,0,2,1,442,8,12,1
2,235,27,1,2,2,0,3,5,17,3,0,2,3,22,2,0,2,717,1,19,0
2,72,5,1,2,1,0,2,6,2,4,0,2,1,0,2,0,1,427,6,8,0
2,219,23,1,1,0,0,5,6,8,0,0,2,3,7,3,2,1,529,12,11,0
2,9,11,0,0,1,0,2,6,7,1,2,2,4,12,0,0,0,697,2,16,0
2,80,8,0,0,2,0,3,4,14,0,3,3,2,4,0,1,2,93,2,13,0
2,122,15,1,2,0,0,3,9,3,0,1,1,2,8,0,2,0,27,7,18,0
2,76,12,1,2,1,0,5,11,5,0,0,0,1,16,2,0,3,415,9,11,1
2,24,9,2,2,1,1,4,10,4,5,1,3,4,4,0,2,0,13,7,17,0
2,117,16,1,1,1,0,0,0,3,0,3,3,4,16,0,2,0,100,0,17,0
2,69,6,0,0,2,0,6,1,8,0,3,1,2,5,0,2,0,87,12,6,0
2,91,9,2,1,0,1,4,6,15,5,2,2,4,6,0,1,0,581,4,1,0
2,6,8,2,1,0,0,2,9,7,4,3,3,4,7,0,0,1,12,10,20,0
2,115,15,1,0,2,0,5,13,4,5,0,0,1,2,2,0,1,377,3,12,0
2,332,34,2,1,0,1,3,2,4,1,2,1,4,16,0,2,3,496,6,11,0
2,108,9,2,1,2,1,2,6,10,0,2,2,0,1,0,0,1,308,13,12,1
2,144,18,2,0,0,1,0,10,15,2,0,0,0,15,2,0,3,179,9,6,0
2,250,25,0,0,2,1,3,8,15,4,2,1,3,14,0,0,2,351,12,19,0
2,120,14,0,0,2,1,4,11,19,5,1,1,4,3,0,0,1,40,12,15,0
2,87,7,1,2,2,1,3,3,11,2,0,2,4,13,1,0,1,483,7,6,0
2,94,9,2,1,0,0,0,9,9,3,0,0,1,12,2,2,2,409,1,0,0
2,367,37,1,1,0,0,6,9,5,4,0,0,1,12,2,2,3,352,6,19,0
2,134,12,2,1,2,0,6,6,18,1,3,1,2,3,0,2,0,49,0,20,0
2,301,28,0,0,2,1,4,2,13,2,0,0,4,22,3,2,0,566,7,15,1
2,237,26,0,1,0,1,3,7,13,0,0,2,4,19,2,0,0,654,2,9,0
2,154,15,2,0,1,0,2,6,0,5,2,2,3,18,0,0,2,310,6,10,0
2,271,26,0,0,0,0,3,11,6,5,0,2,4,23,2,2,2,474,1,19,1
2,235,20,1,1,1,1,3,4,10,4,2,1,4,18,0,1,2,261,9,6,0
2,144,18,2,2,1,1,0,6,10,4,0,2,3,17,2,1,1,626,11,4,0
2,143,16,0,2,1,0,0,0,19,2,0,2,4,16,2,2,3,126,2,13,0
2,42,16,0,0,0,0,3,3,9,4,2,0,0,1,0,0,2,242,10,10,0
2,257,27,2,0,2,1,1,5,5,0,2,1,0,17,0,1,2,273,13,12,1
2,144,18,1,1,0,1,2,3,9,4,0,1,4,16,3,1,2,304,6,15,1
2,102,10,2,1,2,1,6,3,9,1,0,1,3,15,2,0,2,255,9,9,1
2,127,11,2,2,0,0,6,7,15,5,2,0,3,0,0,2,2,683,13,16,0
2,248,23,1,0,0,1,0,0,2,2,0,0,0,18,2,1,1,302,11,20,1
2,184,17,1,1,1,1,2,1,11,3,0,2,1,11,2,1,3,252,1,20,0
2,29,14,0,2,1,0,0,5,7,4,2,0,4,16,0,2,1,670,2,3,0
2,273,25,2,2,0,1,6,8,1,4,2,2,3,12,0,1,0,429,10,10,0
2,108,8,1,1,2,1,2,13,18,2,0,0,3,16,1,1,0,456,0,11,0
2,356,35,0,2,2,0,5,0,15,1,2,1,4,13,0,2,3,751,4,2,0
2,318,36,2,0,1,0,3,7,0,4,0,2,4,0,2,0,3,166,11,3,0
2,57,4,2,1,1,0,1,11,7,5,2,0,3,14,0,1,0,293,0,10,1
2,231,25,2,1,2,0,1,4,4,1,0,1,1,22,2,2,2,534,3,13,0
2,214,24,1,2,2,1,2,3,6,2,0,1,4,0,2,0,3,285,2,16,1
2,266,29,0,0,2,0,1,11,7,5,2,1,4,9,0,1,2,137,9,17,0
2,270,28,2,2,2,0,0,0,10,3,2,1,0,15,0,1,0,315,12,1,0
2,210,22,2,2,2,1,2,3,8,4,0,0,4,20,2,2,2,545,12,16,1
2,225,26,0,2,2,0,6,6,1,4,2,1,4,5,0,2,2,731,0,16,0
2,252,23,2,0,0,0,0,9,17,3,0,0,3,12,1,2,3,519,1,8,1
2,267,22,0,0,0,0,1,9,9,2,1,3,4,3,0,2,0,42,4,8,0
2,121,13,2,1,2,1,6,7,15,5,3,1,4,21,0,1,1,58,11,10,0
2,126,16,2,2,0,0,2,10,12,0,3,1,4,21,0,0,0,14,10,13,0
2,213,22,2,1,2,1,6,12,5,1,2,0,3,23,0,1,3,439,8,14,0
2,335,31,2,0,2,0,6,3,8,1,2,1,3,4,0,2,2,759,10,7,0
2,241,27,1,0,1,1,4,6,10,2,0,2,3,14,2,0,1,231,0,2,1
2,249,27,2,1,2,1,4,2,0,4,1,3,2,3,0,2,3,41,12,0,0
2,53,4,0,0,0,1,3,3,3,2,2,0,1,6,0,1,2,184,11,2,0
2,97,12,1,1,2,0,6,7,0,3,1,1,2,5,0,1,3,28,13,3,0
2,39,18,1,1,1,1,1,9,7,5,2,0,1,1,0,0,1,289,9,10,0
2,205,24,1,0,1,0,2,13,14,2,2,0,0,1,0,2,2,496,12,11,0
2,152,12,1,2,0,0,0,7,15,0,3,3,4,5,0,1,0,30,8,7,0
2,53,10,1,1,1,1,3,5,14,4,1,3,2,10,0,2,1,66,9,15,0
2,32,18,0,2,1,0,5,6,15,0,0,1,0,20,2,1,3,244,4,13,0
2,343,39,2,1,2,1,4,3,18,3,0,2,3,15,2,1,2,486,13,14,0
2,73,10,2,1,1,0,2,6,18,1,1,3,4,6,0,2,0,85,2,10,0
2,31,16,0,0,2,0,6,10,11,1,0,1,1,23,2,2,2,301,13,1,0
2,148,17,2,0,1,0,2,9,2,0,0,2,1,5,2,2,1,280,10,8,0
2,24,8,1,0,2,0,1,0,7,3,2,2,1,23,0,1,3,426,5,13,0
2,274,26,0,0,1,0,4,3,8,4,0,2,1,13,2,1,1,270,7,20,0
2,366,38,2,2,0,0,4,6,5,0,2,1,4,14,0,0,0,175,13,5,1
2,34,9,2,2,0,1,5,8,9,2,0,1,0,4,2,0,3,597,0,5,0
2,265,24,0,1,0,1,6,9,11,2,0,2,1,12,2,0,0,155,3,12,0
2,162,15,1,2,1,0,6,10,7,2,3,3,4,5,0,2,0,95,13,0,0
2,198,16,1,2,2,1,4,8,18,4,0,2,1,0,2,1,3,259,11,1,0
2,334,32,2,1,2,1,0,1,15,2,3,1,2,9,0,1,1,89,5,6,0
2,161,14,1,1,2,0,1,4,13,3,0,2,0,14,2,0,1,201,10,0,0
2,190,19,0,0,2,0,4,12,11,5,2,2,0,5,0,0,1,724,5,8,0
2,89,14,2,1,0,1,1,0,9,1,2,1,3,4,0,1,2,176,2,9,0
2,207,23,0,1,0,1,0,1,10,1,0,1,4,23,2,0,0,281,7,11,0
2,150,16,0,2,2,0,5,5,3,0,2,0,4,14,0,0,3,321,12,6,0
2,381,42,2,2,1,0,0,9,1,0,0,0,4,6,2,0,2,656,10,5,1
2,201,16,0,2,1,1,5,0,19,0,3,3,2,6,0,2,1,6,7,6,0
2,359,37,2,1,1,1,0,6,16,3,2,1,0,0,0,2,0,165,11,7,0
2,209,20,0,2,1,0,3,9,17,2,0,2,1,21,2,2,1,431,11,12,0
2,227,22,1,0,1,0,1,4,4,3,2,0,1,1,0,1,0,258,11,4,1
2,386,39,1,0,2,0,4,13,12,2,0,0,3,12,3,0,0,447,0,4,1
2,342,38,1,2,1,1,4,8,8,2,0,2,3,21,2,2,3,423,10,13,0
2,188,19,0,0,2,0,0,1,8,0,2,0,3,12,0,1,1,626,9,10,0
2,300,28,0,0,2,0,2,2,5,5,0,2,3,20,1,0,2,409,5,4,1
2,149,19,0,0,2,1,6,8,8,1,0,2,4,0,2,2,2,408,13,8,0
2,144,12,0,0,2,1,6,7,15,0,2,0,4,3,0,2,0,383,5,18,1
2,194,22,1,0,1,0,1,12,5,0,2,0,0,18,0,2,2,531,13,1,0
2,205,21,2,0,0,0,0,13,9,1,3,3,2,6,0,1,0,78,12,2,0
2,275,30,1,2,0,1,5,4,3,3,0,2,4,23,2,1,1,192,3,15,0
2,53,4,0,1,2,0,0,12,8,3,2,0,4,14,0,0,3,746,6,9,1
2,5,7,0,1,2,0,6,4,16,1,2,2,0,22,0,1,3,711,1,8,0
2,153,18,0,0,1,1,0,12,0,4,0,2,4,23,2,2,2,277,1,20,0
2,371,42,2,0,2,0,2,3,16,2,0,0,1,21,2,1,2,762,1,11,0
2,279,27,2,2,1,1,3,9,7,3,2,1,4,18,0,2,3,138,13,10,0
2,70,9,0,1,1,0,5,11,17,0,0,0,1,0,2,1,2,208,10,5,1
2,157,20,2,0,2,1,2,1,8,0,0,2,4,9,2,0,3,220,11,20,0
2,261,22,2,2,2,1,4,0,8,0,0,1,4,10,2,0,3,298,12,4,0
2,110,12,1,0,1,1,0,0,13,2,0,0,1,15,2,1,2,467,3,7,1
2,64,8,2,0,1,1,3,1,12,2,0,1,4,15,1,0,1,564,12,13,0
2,277,27,2,0,1,1,5,2,17,1,2,0,0,18,0,0,2,328,8,18,0
2,276,30,0,0,0,1,1,9,11,0,3,1,2,4,0,1,3,30,8,7,0
2,115,14,2,2,1,0,3,8,17,3,2,0,0,21,0,1,2,317,11,14,0
2,133,15,1,0,1,0,3,8,17,2,2,2,0,18,0,2,0,290,11,17,0
2,259,29,1,2,2,0,4,4,7,1,2,2,0,12,0,2,0,608,3,2,0
2,49,6,0,2,2,0,5,12,7,3,0,2,0,0,2,0,1,576,9,15,0
2,305,28,0,2,0,1,4,8,14,2,2,2,3,4,0,2,1,379,8,7,0
2,12,5,0,2,1,0,6,12,13,2,0,1,4,13,2,2,1,303,9,16,0
2,266,25,2,1,2,1,4,8,0,1,3,1,4,3,0,1,0,55,6,15,0
2,363,39,1,0,2,1,3,11,12,1,0,2,3,19,2,1,1,179,8,9,0
2,232,24,2,0,2,0,4,0,9,1,0,2,1,4,2,2,1,358,6,19,0
2,276,29,2,1,1,0,1,6,11,5,1,3,2,6,0,1,2,53,10,4,0
2,220,20,1,1,1,0,5,3,15,5,1,1,4,17,0,0,0,108,0,8,0
2,317,32,0,1,1,1,6,1,10,1,0,2,0,15,2,2,0,723,2,5,0
2,202,17,1,2,1,0,0,8,15,4,1,1,4,0,0,2,3,74,8,19,0
2,26,12,0,1,2,1,6,2,9,1,3,3,4,9,0,2,1,63,11,16,0
2,194,17,0,1,0,1,0,2,0,2,0,2,3,16,2,1,0,262,0,9,0
2,226,22,2,1,2,1,5,10,14,4,0,1,1,3,2,0,1,514,12,14,0
2,179,21,0,0,0,0,6,5,12,1,2,1,1,6,0,0,0,459,0,6,0
2,249,21,0,1,0,1,3,13,4,5,1,3,4,5,0,0,2,60,5,2,0
2,361,35,1,2,2,0,4,2,3,4,0,0,4,4,2,2,0,435,7,12,0
2,315,28,1,1,2,1,2,9,4,0,2,1,3,5,0,0,3,424,4,14,0
2,296,25,0,0,1,0,1,6,6,0,0,0,1,20,2,0,3,251,7,15,0
2,207,19,1,0,2,1,4,6,10,1,2,2,4,20,0,2,2,408,0,6,0
2,93,13,1,1,0,1,2,3,11,3,0,2,4,23,2,1,3,453,13,11,1
2,271,29,0,1,0,1,0,0,18,1,0,1,1,20,1,1,1,180,9,19,0
2,41,15,0,2,0,0,6,3,0,2,2,1,4,23,0,1,3,444,3,17,0
2,264,24,1,0,2,0,0,0,14,1,1,1,2,9,0,0,3,65,2,11,0
2,131,12,0,1,0,1,0,10,12,0,0,0,3,21,3,2,0,609,1,4,0
2,57,8,1,0,1,0,1,0,8,5,2,2,0,17,0,1,2,191,3,9,0
2,101,11,2,2,1,0,5,9,17,1,2,0,1,3,0,2,0,758,4,2,1
2,329,34,0,1,2,1,0,8,3,5,1,3,4,23,0,0,3,61,10,6,0
2,238,22,0,2,2,1,2,8,2,2,2,1,1,22,0,2,0,531,13,5,0
2,229,25,0,2,1,1,3,5,1,0,0,2,3,23,2,0,3,204,6,2,0
2,265,29,2,1,1,0,3,12,12,2,2,2,3,11,0,0,3,147,8,6,0
2,125,13,1,0,0,0,3,11,19,1,2,0,4,6,0,0,0,330,12,13,1
2,242,23,2,0,2,0,6,1,17,5,0,2,1,17,2,1,2,438,9,11,0
2,115,11,0,1,2,0,0,6,2,1,2,1,3,23,0,2,3,243,3,16,0
2,96,13,2,0,0,1,0,6,19,2,3,3,4,8,0,1,3,24,5,15,0
2,35,3,1,2,0,1,3,4,14,1,2,0,4,14,0,0,1,700,11,14,1
2,103,11,2,1,1,0,5,10,7,0,3,1,2,3,0,0,3,36,3,18,0
2,270,29,0,2,0,0,6,5,2,3,2,2,3,1,0,1,0,192,0,4,0
2,74,8,0,2,2,1,1,8,7,4,0,1,1,14,3,0,0,385,12,17,0
2,242,26,0,2,2,1,4,2,12,1,2,1,1,23,0,1,1,707,6,16,0
2,67,5,1,0,0,1,5,2,19,0,3,1,4,20,0,0,1,98,4,8,0
2,97,12,1,2,2,1,5,10,19,1,2,2,1,14,0,0,2,363,4,11,0
2,258,27,0,1,2,0,0,0,18,0,3,1,4,4,0,2,3,23,7,15,0
2,357,41,1,0,1,1,4,2,2,3,2,0,0,23,0,1,2,726,13,9,1
2,151,18,1,1,0,0,3,8,7,3,2,2,1,20,0,2,3,251,7,10,0
2,246,28,1,1,2,0,3,13,17,2,0,2,0,16,3,1,2,436,4,6,0
2,216,25,2,1,2,1,1,7,8,5,2,0,1,22,0,1,1,336,7,7,1
2,99,14,1,1,1,1,0,7,3,0,2,0,0,19,0,2,3,334,10,20,1
2,162,17,2,2,0,1,5,3,11,1,0,0,4,15,2,2,1,189,0,11,1
2,10,0,1,1,1,0,3,2,19,5,2,1,4,5,0,0,2,246,0,16,1
2,236,24,0,2,0,0,0,12,8,4,3,3,4,9,0,0,1,21,3,19,0
2,251,26,2,2,0,0,6,8,19,1,0,2,3,23,2,0,0,321,10,10,0
2,378,43,1,1,1,1,3,7,3,3,0,1,4,20,2,1,0,226,11,16,0
3,53,7,2,0,2,0,3,4,16,5,0,0,1,16,1,1,0,313,5,20,1
3,390,41,0,2,1,0,4,3,4,2,0,2,3,9,1,0,3,314,10,11,0
3,43,25,2,1,2,1,1,5,3,4,0,2,4,15,2,1,2,417,4,13,0
3,254,28,2,2,1,0,0,9,18,3,0,1,4,0,2,1,3,168,7,19,0
3,2,1,1,2,1,0,2,2,9,2,2,1,3,22,0,1,3,241,1,5,0
3,256,21,2,1,2,1,5,3,4,4,2,1,1,17,0,1,3,194,3,6,0
3,63,7,0,1,2,1,4,4,1,1,0,2,3,9,2,0,1,170,3,8,0
3,195,19,2,1,0,1,2,8,15,0,2,2,4,8,0,2,0,659,1,20,0
3,345,38,1,0,1,1,2,10,8,4,2,0,3,19,0,1,0,579,5,17,0
3,365,39,1,2,2,1,0,2,7,3,2,2,0,23,0,0,0,343,4,9,0
3,238,26,0,2,0,1,2,11,0,3,2,2,3,16,0,2,0,506,5,11,0
3,119,11,0,2,2,1,6,3,3,3,0,2,3,16,2,2,3,246,11,10,0
3,180,15,0,1,1,1,3,7,10,1,2,2,0,11,0,2,1,380,9,2,0
3,77,6,1,1,1,0,3,5,12,0,2,0,0,6,0,1,2,497,5,18,1
3,105,12,1,1,0,0,4,9,4,0,2,0,4,23,0,0,0,201,11,2,0
3,264,22,2,0,0,0,0,11,15,3,0,0,3,13,2,0,2,190,8,16,1
3,212,23,1,1,2,1,4,6,15,2,3,1,4,8,0,0,0,44,8,12,1
3,39,19,1,0,1,1,5,6,12,1,0,2,0,17,2,2,0,637,11,18,0
3,113,13,0,1,1,0,4,7,10,1,0,2,3,19,2,0,2,583,2,0,0
3,318,31,0,1,0,1,0,11,2,5,0,2,1,17,2,1,1,357,8,0,0
3,47,16,0,2,0,1,4,8,14,5,3,1,4,9,0,0,3,11,9,3,0
3,61,7,2,2,1,1,1,6,10,3,0,0,3,0,2,1,2,288,9,17,0
3,131,14,2,2,1,0,0,2,2,4,0,0,1,17,2,2,2,545,0,7,0
3,151,18,1,2,1,0,2,2,6,3,3,1,4,7,0,2,1,24,13,13,1
3,208,21,1,0,0,0,3,8,12,0,0,0,4,7,2,1,0,547,11,4,0
3,56,10,2,1,2,1,2,3,6,2,2,1,0,4,0,1,2,198,9,12,1
3,64,8,1,1,1,1,2,5,2,1,0,1,4,23,2,0,2,652,13,8,0
3,239,24,2,0,0,0,4,9,9,4,2,2,1,11,0,0,0,449,9,2,0
3,125,10,2,0,0,0,3,13,18,2,3,1,4,9,0,2,0,75,6,4,0
3,180,22,0,1,0,1,3,13,18,1,0,1,4,17,2,0,2,742,10,4,0
3,304,34,2,0,0,1,0,1,1,5,2,1,1,8,0,0,1,701,0,6,0
3,353,38,1,1,2,0,0,1,3,3,0,1,4,22,2,0,0,640,1,20,0
3,107,9,1,2,2,0,2,5,4,3,0,0,0,22,1,1,0,590,13,2,0
3,270,27,0,1,2,1,3,1,5,4,2,1,0,18,0,0,1,352,2,0,1
3,194,17,2,0,2,1,3,6,0,5,0,2,3,15,2,0,1,441,9,4,0
3,112,10,1,1,0,0,5,6,5,1,2,1,0,17,0,1,0,578,13,19,1
3,229,22,1,2,2,1,5,3,1,4,2,2,0,4,0,0,1,582,7,4,0
3,288,28,2,2,1,0,4,3,14,5,0,2,1,17,2,2,3,349,8,5,0
3,213,18,0,1,2,0,4,2,13,1,0,0,3,14,2,1,1,525,5,0,0
3,209,23,2,2,0,0,1,9,11,3,2,1,1,11,0,0,0,334,6,3,0
3,52,4,2,2,0,1,4,10,15,5,2,2,0,9,0,1,0,353,10,5,0
3,271,26,2,2,2,1,0,12,15,3,0,1,1,22,2,0,1,491,11,17,0
3,18,13,2,2,1,1,2,7,10,0,3,1,4,8,0,1,1,88,9,20,0
3,302,31,2,2,0,1,5,8,14,5,2,0,1,7,0,2,0,256,3,13,0
3,387,38,2,0,0,1,5,0,16,3,2,1,4,20,0,0,2,633,11,5,0
3,266,28,1,0,1,0,5,11,1,2,3,3,4,8,0,1,1,7,5,18,0
3,11,21,2,2,2,0,4,9,15,5,0,0,3,6,2,1,0,306,4,9,1
3,210,18,2,0,1,0,2,4,19,1,0,1,1,19,2,2,2,365,13,20,0
3,172,19,2,1,2,0,5,13,18,0,0,2,4,23,2,2,2,525,10,3,1
3,159,16,0,0,2,1,4,5,13,3,0,0,4,19,2,2,0,655,9,4,0
3,277,23,1,1,2,1,0,12,13,0,0,2,0,9,2,1,2,462,10,17,0
3,291,27,2,0,0,0,5,9,13,5,2,1,0,13,0,0,1,446,0,5,0
3,111,15,1,1,1,1,6,6,18,3,1,1,2,5,0,2,1,106,3,18,0
3,114,12,1,2,0,1,3,7,13,0,1,3,2,4,0,1,2,30,10,8,0
3,214,24,1,0,2,1,4,9,2,5,2,2,0,13,0,0,2,600,1,7,0
3,33,6,2,0,1,0,5,10,9,1,0,1,0,4,2,0,0,266,11,1,0
3,197,16,2,0,2,1,5,6,4,2,2,2,4,2,0,0,1,287,8,13,0
3,270,26,2,1,2,0,5,4,12,5,3,3,4,9,0,2,1,7,6,11,0
3,270,30,0,2,2,0,3,8,9,4,1,1,2,16,0,1,1,51,11,6,0
3,196,22,0,2,0,1,2,3,14,2,0,2,3,12,2,2,0,666,2,6,0
3,195,17,1,0,2,0,4,2,4,5,0,2,0,17,2,1,3,484,7,19,0
3,275,25,0,0,1,0,6,4,11,4,3,3,2,3,0,0,1,72,5,7,0
3,207,21,0,0,1,1,3,1,4,4,0,1,3,17,1,2,0,671,2,18,0
3,37,6,1,0,1,0,1,3,8,1,0,0,3,12,2,2,0,213,0,16,1
3,8,12,1,1,0,0,4,13,11,5,0,0,1,2,2,0,2,239,13,19,0
3,268,26,2,2,1,1,5,13,9,1,2,1,1,19,0,0,2,312,0,11,0
3,192,23,0,2,1,1,2,6,19,4,2,0,1,2,0,1,1,645,10,2,1
3,122,11,1,2,1,1,1,0,2,0,0,1,1,19,2,1,2,123,4,12,0
3,180,19,1,0,2,0,6,2,12,1,0,1,0,15,2,1,0,310,12,16,0
3,234,20,1,2,2,0,0,7,10,1,2,1,4,10,0,0,0,203,4,2,0
3,173,15,1,2,0,0,6,6,14,1,0,1,1,7,2,0,0,212,9,16,0
3,207,20,0,1,1,1,2,1,10,3,0,0,1,21,2,1,0,710,7,4,1
3,370,42,0,0,1,0,2,0,15,4,2,1,3,3,0,2,0,546,11,12,0
3,179,21,2,0,0,0,1,5,5,0,0,2,0,23,2,2,1,466,5,4,0
3,134,17,2,2,2,0,5,7,9,2,0,2,4,16,2,1,1,344,9,20,0
3,67,10,0,1,1,1,5,7,3,2,3,1,4,3,0,2,2,99,9,7,0
3,74,12,0,1,2,0,4,12,13,0,0,0,3,1,1,2,1,593,2,8,1
3,208,24,2,2,0,0,5,12,8,1,2,1,4,14,0,2,1,323,2,16,0
3,113,9,2,1,1,1,4,3,4,0,0,2,3,20,2,0,1,403,13,17,0
3,136,17,0,2,1,0,4,0,10,3,2,2,4,0,0,2,0,416,4,14,0
3,111,14,0,1,0,1,6,7,3,0,1,3,2,1,0,0,1,43,9,8,0
3,342,39,0,1,0,1,4,3,8,1,2,0,4,11,0,0,0,454,8,2,1
3,20,10,1,1,2,1,4,3,19,2,2,0,0,14,0,2,3,552,0,17,1
3,226,21,2,0,0,0,2,13,3,0,3,3,4,5,0,1,1,98,10,3,0
3,302,28,0,2,0,1,5,10,17,2,3,1,2,3,0,0,3,76,5,16,0
3,101,13,2,2,1,1,0,7,0,2,1,3,2,4,0,0,2,43,6,17,0
3,274,30,0,0,2,0,3,13,16,0,2,2,4,19,0,1,1,362,13,7,0
3,96,12,1,1,0,0,2,12,13,1,2,1,1,12,0,0,1,719,1,14,1
3,100,10,0,1,0,0,6,4,11,3,2,0,1,1,0,1,1,297,8,1,1
3,151,14,1,0,0,0,0,7,14,0,0,2,1,11,2,1,1,622,6,19,0
3,237,22,0,1,2,0,5,10,2,3,2,1,4,16,0,2,2,750,1,19,0
3,41,18,1,1,2,1,2,7,12,1,1,1,2,18,0,1,0,84,7,16,0
3,235,27,1,0,1,1,5,0,7,5,2,1,1,17,0,0,2,598,7,8,0
3,323,33,0,1,1,0,2,7,13,3,0,1,3,2,1,2,0,715,0,15,0
3,278,29,0,2,1,1,5,10,4,5,0,0,3,18,2,0,2,329,12,7,1
3,233,24,2,2,1,0,3,12,14,3,2,1,3,22,0,1,3,476,13,16,0
3,244,27,0,2,1,1,4,13,0,3,2,2,1,11,0,1,0,394,5,13,0
3,178,16,0,0,1,0,5,3,12,5,2,2,3,19,0,0,0,614,8,5,0
3,176,19,2,1,0,1,3,2,12,4,2,2,3,14,0,0,0,212,9,18,0
3,166,13,2,2,2,0,6,8,12,3,2,1,1,10,0,0,1,300,11,11,0
3,153,17,0,1,2,1,5,1,9,0,0,2,1,20,2,2,2,219,2,13,0
3,20,2,1,1,1,0,2,3,12,0,0,2,4,3,2,1,2,302,3,20,0
3,36,20,1,2,1,0,1,11,10,3,1,1,4,8,0,0,2,109,2,18,0
3,344,36,2,0,1,0,6,12,3,5,0,2,4,0,2,2,3,515,5,15,0
3,328,35,0,0,0,0,0,6,11,1,2,2,0,14,0,0,1,606,7,15,0
3,252,21,0,0,1,0,0,7,4,5,1,1,2,6,0,0,0,11,1,17,0
3,86,7,0,1,1,1,1,3,17,1,0,0,3,4,1,2,2,260,6,5,1
3,167,16,0,2,1,1,4,6,19,5,3,1,2,17,0,1,3,45,3,5,0
3,219,23,2,0,0,0,5,3,7,2,2,2,4,22,0,2,2,703,5,7,0
3,177,19,0,0,2,0,5,2,17,1,0,0,0,19,2,2,0,349,13,12,0
3,244,26,0,1,1,0,6,9,11,2,2,1,1,16,0,0,1,438,13,8,0
3,116,12,2,2,0,1,0,11,15,1,1,1,2,10,0,1,0,74,9,1,0
3,198,20,2,0,1,0,3,10,16,1,0,2,0,22,1,0,3,389,4,13,0
3,289,31,2,0,2,1,4,1,14,4,0,0,3,18,2,2,1,527,5,0,1
3,132,17,1,2,2,0,0,11,15,2,1,1,2,7,0,0,0,97,4,19,0
3,190,21,0,0,0,0,3,11,10,1,0,1,3,10,2,1,2,183,10,18,0
3,97,13,2,2,2,0,2,6,1,4,2,2,3,23,0,1,3,418,11,4,0
3,218,24,2,1,0,1,0,10,15,3,2,0,4,4,0,2,2,278,4,16,0
3,171,15,2,1,0,0,6,1,12,0,0,0,1,20,2,1,1,272,2,5,1
3,145,12,1,2,0,1,2,4,15,3,0,0,3,2,3,2,2,231,0,16,1
3,74,6,1,1,0,0,3,12,0,4,1,3,2,8,0,2,2,59,9,10,0
3,28,7,2,0,2,1,3,7,14,1,2,2,1,16,0,1,2,216,12,14,0
3,225,20,2,1,1,0,3,0,13,3,0,1,4,20,2,0,2,157,7,15,0
3,46,16,1,0,0,0,4,10,10,4,0,1,1,21,2,2,0,647,9,17,0
3,185,18,1,1,0,1,3,12,18,5,2,0,0,4,0,0,3,401,9,16,1
3,27,13,0,0,2,0,3,7,10,5,2,0,1,10,0,2,0,455,1,2,1
3,106,9,2,1,0,0,0,13,19,4,0,2,1,13,1,0,1,337,11,14,1
3,195,20,1,0,0,1,6,13,14,0,2,1,1,22,0,1,1,159,3,0,0
3,387,42,0,2,0,0,5,5,13,5,2,0,1,23,0,0,2,469,8,3,0
3,276,27,1,1,0,0,3,9,13,3,3,1,2,10,0,1,3,33,9,12,0
3,8,16,2,0,2,1,5,11,14,3,0,0,3,16,2,1,3,561,5,11,1
3,230,24,1,1,1,1,3,0,1,0,2,1,1,0,0,2,1,263,0,11,0
3,228,21,2,2,2,0,5,3,18,5,3,3,2,10,0,2,1,83,0,10,0
3,319,32,0,0,0,1,5,13,2,5,2,0,3,16,0,2,1,625,13,19,1
3,349,36,1,0,2,1,4,8,5,3,2,2,0,15,0,2,2,744,4,16,1
3,365,41,2,2,1,0,1,1,6,4,2,1,3,10,0,1,3,686,3,17,1
3,152,19,0,1,2,0,6,13,19,1,2,1,1,4,0,1,3,720,5,20,0
3,248,27,2,1,0,0,0,12,16,3,1,1,4,5,0,1,2,2,12,9,0
3,112,15,2,2,2,0,1,11,17,0,0,2,1,13,2,1,1,335,9,5,0
3,369,36,1,1,0,1,1,1,8,0,1,1,2,4,0,0,0,78,6,7,0
3,86,7,2,1,1,1,5,10,5,4,0,2,3,10,2,2,3,691,7,11,1
3,167,17,0,0,0,1,1,9,8,5,0,1,0,7,2,2,1,535,12,3,0
3,314,28,2,2,2,1,1,7,11,0,0,0,1,19,2,2,1,440,1,8,1
3,160,17,2,1,1,1,1,6,1,4,2,2,1,22,0,2,3,287,0,0,0
3,85,10,1,1,1,1,1,9,10,2,0,0,0,15,2,2,3,336,3,9,1
3,326,31,2,0,1,1,0,11,3,2,2,0,4,16,0,2,3,156,1,1,1
3,368,36,0,1,0,0,0,8,15,2,0,1,4,18,2,2,1,422,9,0,0
3,135,15,0,2,1,1,2,11,7,5,2,1,1,13,0,2,2,752,8,3,0
3,134,13,2,0,2,1,0,8,16,3,2,0,1,12,0,0,3,399,6,0,0
3,20,7,2,0,1,1,6,2,16,1,2,1,1,3,0,1,2,644,3,0,0
3,223,19,2,1,1,0,5,5,3,2,0,0,4,12,2,1,3,432,10,8,0
3,296,30,0,1,2,0,6,1,11,3,2,0,0,18,0,0,2,186,3,12,0
3,158,15,1,1,2,0,1,3,19,2,2,0,4,14,0,1,2,530,13,1,1
3,161,17,0,0,2,0,1,12,13,3,0,2,0,21,2,2,2,482,4,17,0
3,305,30,1,2,1,1,4,7,11,3,1,1,2,13,0,0,1,29,5,9,0
3,253,24,2,0,1,1,6,2,3,2,0,1,0,5,2,1,2,666,1,11,1
3,240,25,2,0,1,1,4,7,1,2,2,2,3,21,0,0,1,224,0,7,0
3,367,37,2,0,0,1,2,1,18,3,2,1,0,9,0,2,0,256,7,14,0
3,205,20,1,1,2,0,2,10,2,4,1,3,4,6,0,0,2,67,3,20,0
3,185,19,0,1,1,0,2,12,12,2,2,0,4,6,0,0,2,206,2,12,1
3,260,24,2,2,2,1,0,6,6,2,2,0,4,13,0,0,1,367,8,15,1
3,109,9,0,1,1,0,6,12,9,1,0,1,1,9,2,0,3,485,2,15,0
3,178,19,1,2,1,0,5,13,16,1,0,2,3,10,2,0,2,128,7,15,0
3,206,23,1,0,1,1,1,4,10,2,0,1,1,20,3,0,2,232,6,10,0
3,4,15,2,2,0,0,1,3,1,2,0,0,4,0,3,0,0,499,3,1,1
3,259,28,1,2,0,1,5,6,17,1,2,0,0,21,0,2,2,378,12,15,0
3,57,7,1,0,0,0,2,2,4,4,2,1,1,0,0,1,3,289,6,16,0
3,340,35,2,1,2,1,3,4,2,1,2,0,3,19,0,0,2,510,8,18,1
3,110,15,1,2,0,1,4,8,18,5,2,0,1,11,0,1,1,505,4,5,1
3,239,23,0,2,1,0,4,13,3,5,2,1,4,14,0,2,1,601,9,3,0
3,291,26,0,0,2,0,2,9,11,0,0,0,0,6,2,2,0,643,11,18,0
3,209,21,2,0,2,0,3,11,11,1,2,1,3,21,0,1,0,539,4,14,0
3,389,44,0,1,1,1,2,0,13,3,1,1,2,5,0,1,3,37,4,12,1
3,245,24,1,2,1,0,5,5,12,1,2,1,1,17,0,2,3,649,9,2,0
3,37,14,2,1,0,1,2,13,17,0,3,1,2,8,0,0,0,111,4,16,0
3,181,19,0,2,2,1,4,12,18,4,0,1,0,12,2,1,2,472,4,8,0
3,197,18,2,1,2,0,6,1,16,1,0,2,4,22,2,1,0,306,6,14,0
3,30,15,2,2,0,0,6,8,5,0,0,0,0,4,2,1,0,264,1,2,1
3,250,25,2,0,0,0,3,7,5,3,0,2,0,15,2,0,1,747,3,15,1
3,267,22,0,1,1,0,2,11,4,2,0,0,0,16,2,1,3,324,10,12,0
3,375,41,1,0,0,1,6,2,7,4,2,0,1,0,0,0,0,542,5,20,1
3,108,15,0,1,0,0,1,12,10,5,2,0,1,7,0,2,1,217,6,3,1
3,249,24,2,1,0,1,6,0,17,4,1,1,2,0,0,1,3,1,3,16,0
3,167,19,2,1,2,0,1,6,2,1,2,2,4,12,0,0,2,220,4,8,1
3,113,10,2,2,0,1,5,5,9,0,0,0,4,14,2,0,3,568,1,10,0
3,238,27,0,1,0,0,3,9,18,3,0,1,1,2,2,1,0,370,13,16,0
3,192,20,1,1,1,1,3,2,7,4,0,2,0,12,2,2,3,150,5,18,0
3,18,10,2,1,0,1,3,13,6,1,0,2,0,6,2,0,2,599,4,10,1
3,9,5,0,0,2,0,6,6,9,2,3,3,2,6,0,0,3,68,1,6,1
3,228,21,1,2,2,1,5,1,0,2,0,1,4,5,2,1,1,424,4,6,0
3,390,41,0,0,2,0,1,7,6,0,2,2,0,18,0,0,0,411,6,6,0
3,338,36,2,1,2,1,4,4,16,5,2,0,1,18,0,1,3,154,2,3,1
3,240,21,1,0,2,1,0,6,6,0,0,0,0,3,2,2,1,257,5,13,1
3,135,18,1,1,1,1,4,9,18,2,2,2,0,22,0,1,0,667,12,0,0
3,293,28,1,1,0,1,1,13,7,1,0,2,4,22,2,0,2,396,1,10,0
3,130,10,2,0,2,0,4,2,7,0,2,0,4,10,0,1,2,322,8,0,1
3,227,24,1,2,0,0,0,6,2,3,0,0,0,10,2,0,1,158,7,13,0
3,113,13,1,0,1,0,5,4,11,5,2,2,0,23,0,0,1,368,12,8,0
3,94,14,0,2,0,0,2,0,11,1,2,2,3,8,0,0,1,544,0,13,0
3,3,19,2,2,1,0,5,2,13,4,2,1,1,20,0,0,1,705,6,11,0
3,271,26,2,0,1,0,0,6,5,5,0,0,0,23,2,0,0,295,5,6,1
3,235,20,0,2,0,1,2,13,6,2,0,1,3,15,2,0,3,390,7,15,1
3,236,22,2,0,2,0,6,11,7,2,0,0,3,10,2,2,2,662,12,19,1
3,264,27,0,2,2,0,6,13,15,0,0,0,0,3,2,1,3,627,9,9,1
3,142,17,0,1,2,0,5,3,7,3,3,3,2,9,0,2,0,8,13,20,0
3,90,14,0,2,1,0,1,8,2,4,1,3,2,3,0,1,0,28,1,2,0
3,299,27,0,2,0,0,4,9,8,1,2,2,3,0,0,2,3,544,10,3,1
3,187,21,2,1,2,0,6,13,18,1,3,1,4,14,0,0,0,85,7,8,0
3,198,23,0,0,0,1,6,8,4,5,2,2,3,14,0,2,1,187,10,1,0
3,80,11,0,1,2,0,5,6,9,4,0,1,3,13,2,2,0,687,2,14,0
3,323,35,1,0,2,1,2,2,12,5,0,0,0,18,2,1,2,132,5,15,1
3,186,16,1,1,2,1,2,3,18,5,3,3,2,13,0,0,3,80,13,7,0
4,27,17,0,2,2,0,1,9,11,1,1,3,2,9,0,0,1,37,4,7,0
4,61,9,0,1,1,1,2,6,19,0,0,1,4,14,3,1,0,130,12,11,0
4,116,15,2,2,0,0,0,2,13,3,3,1,2,8,0,1,3,37,10,3,0
4,38,24,0,2,0,0,0,1,19,1,2,0,0,16,0,2,1,657,6,1,1
4,95,12,0,2,2,0,3,4,18,5,0,2,4,20,2,0,3,218,0,16,0
4,240,24,1,0,2,1,2,9,9,3,1,1,4,4,0,1,3,113,12,10,0
4,193,23,0,1,2,1,6,4,19,3,1,3,2,9,0,0,1,66,2,12,0
4,183,22,2,2,1,0,6,9,1,1,2,0,4,6,0,2,2,611,13,2,1
4,223,22,2,1,1,0,3,4,13,2,1,3,4,22,0,0,2,115,8,18,0
4,112,12,1,1,0,0,0,9,1,5,2,2,1,13,0,1,2,570,8,14,0
4,116,10,2,1,2,0,2,11,2,3,0,2,1,12,1,1,1,501,10,0,0
4,360,40,2,1,2,1,4,7,3,3,0,1,1,19,2,0,3,672,9,3,0
4,4,20,0,0,1,0,2,6,15,4,0,1,0,14,2,1,3,316,7,12,0
4,146,14,2,0,2,0,0,5,16,2,2,2,3,0,0,0,0,145,11,17,0
4,377,42,1,0,1,0,2,10,3,2,2,1,1,18,0,2,1,350,13,8,0
4,115,12,2,1,1,1,5,11,8,1,2,2,4,17,0,1,1,414,11,16,0
4,88,9,2,0,0,1,4,9,1,5,2,2,3,3,0,2,2,254,4,3,0
4,250,26,1,2,0,0,2,6,17,5,0,2,4,5,2,0,0,118,11,13,0
4,215,24,1,0,2,0,5,0,15,1,2,1,4,12,0,1,2,501,3,20,0
4,213,18,1,2,1,0,5,4,0,1,2,2,3,17,0,0,2,325,10,9,0
4,276,29,2,2,1,0,4,3,14,4,0,2,0,20,1,2,1,699,13,7,0
4,126,15,1,1,1,1,6,9,2,0,0,1,4,0,2,0,0,642,9,17,0
4,260,26,1,1,2,0,4,7,3,4,0,0,3,21,2,1,0,416,4,16,1
4,135,14,2,0,1,1,2,2,15,1,2,0,3,15,0,2,0,300,8,0,1
4,350,33,1,2,0,0,2,4,5,4,2,2,4,13,0,1,1,326,3,4,1
4,154,18,0,0,2,1,3,2,15,0,0,0,4,10,2,2,2,502,5,11,1
4,244,23,2,1,0,0,1,9,18,4,2,1,4,18,0,1,2,595,4,15,0
4,97,10,1,2,1,0,6,1,3,1,0,1,0,4,2,2,2,421,11,17,0
4,80,12,1,0,1,0,2,8,14,3,2,1,4,19,0,1,0,410,9,16,0
4,279,28,0,2,2,0,6,6,1,2,2,0,1,1,0,0,0,548,10,5,1
4,265,23,2,0,0,1,0,6,11,5,2,0,0,13,0,0,1,736,3,1,0
4,364,40,2,2,1,1,6,10,2,3,0,2,4,10,2,2,2,512,12,19,0
4,48,23,0,1,0,0,0,0,5,1,2,2,3,13,0,1,2,424,2,3,0
4,174,14,0,1,1,1,2,10,5,3,0,1,4,8,2,1,0,607,4,0,1
4,126,12,2,1,2,1,2,3,13,0,0,1,0,6,2,1,2,264,0,10,0
4,2,9,0,1,1,0,3,6,9,1,2,1,1,19,0,0,2,373,10,13,0
4,252,25,2,1,0,0,2,12,0,2,2,1,3,16,0,2,2,610,13,2,1
4,124,11,1,2,2,0,4,4,16,5,0,1,0,18,2,0,1,135,6,8,0
4,138,11,1,0,1,1,4,9,14,3,1,3,2,8,0,0,2,32,10,4,0
4,7,2,1,2,1,1,0,6,4,5,2,2,3,21,0,1,2,437,6,8,0
4,228,21,0,0,0,0,4,11,0,0,3,3,4,2,0,1,3,68,12,19,0
4,69,7,0,0,1,1,5,5,4,2,2,1,3,12,0,0,0,722,2,0,0
4,358,40,1,1,0,0,3,9,10,2,1,1,2,8,0,2,3,81,10,18,0
4,295,25,0,2,2,1,0,6,10,0,3,3,4,7,0,1,2,36,0,4,0
4,181,17,1,0,2,0,0,6,4,5,0,2,1,14,2,2,3,526,3,12,0
4,196,16,0,2,1,1,5,4,6,1,2,2,0,11,0,0,2,375,2,18,0
4,129,11,1,2,1,1,2,11,3,3,1,1,2,6,0,1,2,79,6,1,0
4,172,19,1,1,2,0,3,10,7,4,0,1,0,1,2,2,3,585,1,0,0
4,284,30,0,0,2,0,2,4,3,3,0,2,1,21,2,0,2,494,13,8,0
4,172,14,1,0,1,0,0,2,6,5,3,3,4,3,0,2,1,38,3,18,1
4,298,27,0,2,0,0,2,9,1,5,0,1,1,21,2,1,2,609,12,4,0
4,239,20,2,1,1,0,6,12,3,4,0,0,1,19,2,0,2,463,10,8,1
4,337,38,0,2,0,1,2,12,4,5,1,1,2,3,0,1,3,6,13,5,0
4,255,24,2,0,2,1,1,4,1,5,2,0,1,22,0,0,3,458,2,11,1
4,25,6,0,1,2,1,5,4,16,3,0,1,3,4,3,1,2,475,9,18,1
4,246,24,0,2,2,1,0,0,18,1,0,1,4,9,2,2,0,740,5,12,0
4,255,26,1,1,1,0,3,12,6,4,2,1,0,13,0,0,0,378,0,0,1
4,128,11,0,0,0,0,1,0,3,5,0,1,3,4,3,0,0,401,9,11,0
4,138,12,1,2,1,1,5,6,0,0,0,0,0,6,2,0,3,474,11,5,1
4,92,7,0,0,0,1,4,12,17,0,0,1,4,14,1,2,2,174,13,15,0
4,195,19,2,0,0,0,4,7,9,2,2,1,1,21,0,1,1,227,9,19,0
4,84,13,1,2,2,1,5,6,9,1,0,2,4,21,2,0,3,683,12,8,0
4,377,43,0,2,2,1,0,5,0,5,2,0,3,2,0,0,1,224,1,3,0
4,16,16,0,1,1,1,3,11,5,3,2,2,3,0,0,2,1,330,13,13,1
4,236,27,0,0,0,0,4,13,12,0,0,0,0,11,2,0,0,471,7,6,0
4,273,26,0,2,1,1,5,2,7,4,3,3,4,4,0,0,2,96,11,2,0
4,162,20,1,2,0,1,6,3,10,0,0,0,3,9,2,2,2,563,12,17,1
4,341,37,1,1,1,0,5,13,6,1,2,1,0,23,0,2,0,300,0,10,1
4,229,21,0,2,1,1,6,5,4,4,2,1,0,12,0,0,2,676,11,4,0
4,279,26,0,2,1,1,2,4,19,4,0,1,0,18,2,0,0,461,10,4,0
4,364,41,1,1,0,1,2,9,3,5,2,1,0,16,0,0,2,675,10,10,0
4,130,14,1,0,2,0,3,3,6,5,2,2,3,11,0,1,3,669,11,14,1
4,237,20,1,0,0,0,4,3,5,2,0,1,0,6,2,2,2,677,4,0,1
4,127,14,0,1,0,0,3,3,13,3,2,1,3,6,0,2,0,741,2,12,0
4,128,17,1,1,0,0,3,1,11,1,0,1,3,10,2,2,0,650,3,5,0
4,100,8,1,1,0,0,5,12,8,0,2,2,4,12,0,2,3,727,0,14,0
4,163,20,2,1,0,1,1,1,17,4,0,1,1,14,2,2,1,204,3,13,0
4,337,38,1,0,1,1,2,10,8,2,0,0,3,22,2,2,1,294,10,0,0
4,139,18,1,1,0,0,0,10,6,4,0,2,1,14,2,1,2,386,9,3,1
4,117,16,1,2,0,0,4,6,11,2,0,1,1,10,2,2,1,712,3,13,0
4,35,12,0,1,2,0,2,5,14,0,0,0,1,14,2,1,0,296,2,19,1
4,316,28,2,0,2,0,4,5,1,4,2,2,4,13,0,0,3,338,8,17,0
4,144,19,0,0,0,1,2,1,2,3,0,0,1,23,2,0,3,334,10,3,1
4,324,31,2,2,2,0,4,12,13,2,0,0,4,18,2,2,2,282,0,8,0
4,84,11,0,1,2,1,1,13,18,4,2,1,4,22,0,0,3,144,0,4,0
4,24,9,1,0,2,1,3,4,14,2,0,0,3,10,2,0,2,308,1,20,1
4,90,7,0,2,1,0,4,9,15,0,1,3,2,4,0,2,2,12,11,0,0
4,255,27,2,2,1,1,2,3,3,1,0,2,3,22,2,1,3,725,2,14,0
4,361,35,2,0,1,0,5,2,13,3,0,2,1,13,2,2,3,448,11,2,0
4,370,38,1,0,2,1,1,0,17,4,0,2,4,10,2,0,0,440,7,17,0
4,148,18,2,2,0,0,4,2,19,2,2,2,3,19,0,1,0,577,0,20,0
4,96,12,0,2,2,0,6,6,3,2,2,1,4,16,0,0,3,271,11,7,0
4,135,18,1,2,2,0,5,1,5,3,0,0,0,11,2,0,1,347,5,20,1
4,372,38,0,0,2,0,6,12,10,3,0,0,4,10,2,2,1,233,11,18,1
4,0,13,2,2,1,1,1,12,0,5,0,1,0,6,3,1,1,167,0,7,0
4,67,12,2,1,1,0,5,1,11,4,0,1,3,1,2,2,1,291,9,2,0
4,118,9,2,2,1,1,5,6,0,1,2,0,1,23,0,2,3,207,12,10,0
4,240,21,1,1,0,1,4,1,0,0,0,0,3,6,2,0,2,283,1,7,1
4,90,10,2,1,0,1,6,1,7,3,0,1,0,0,2,2,1,504,2,1,0
4,165,19,0,1,0,0,1,7,4,5,0,1,3,10,2,0,3,360,2,16,0
4,4,10,0,1,0,1,2,12,8,2,3,3,4,4,0,0,2,27,7,13,0
4,75,7,2,0,0,1,3,12,6,2,2,1,4,11,0,1,1,673,3,16,1
4,37,7,0,0,1,0,3,9,8,3,3,3,4,12,0,1,1,86,7,2,0
4,119,15,2,1,0,0,5,1,3,2,0,1,4,4,2,2,3,507,11,1,0
4,71,8,0,0,1,1,6,0,15,1,2,0,3,14,0,2,3,565,13,12,1
4,202,19,1,0,1,0,0,12,2,4,2,2,4,16,0,2,3,495,7,17,1
4,267,28,1,1,0,1,2,8,3,0,0,1,3,15,2,0,0,490,0,6,0
4,261,29,0,1,1,1,3,13,13,1,2,1,1,16,0,2,2,420,2,3,0
4,270,24,2,2,1,0,0,11,0,1,0,1,1,19,2,1,3,523,7,15,0
4,191,23,0,0,2,0,2,8,16,2,2,1,4,19,0,2,1,700,3,0,0
4,175,17,2,1,2,0,4,8,1,3,0,0,4,17,2,1,3,652,5,14,0
4,212,20,1,2,0,0,3,11,15,0,2,1,3,10,0,1,0,391,8,0,0
4,266,23,1,0,0,1,0,8,9,1,2,2,1,13,0,0,3,296,12,10,0
4,322,36,1,2,2,1,3,7,1,5,3,1,2,6,0,0,2,112,8,20,0
4,156,20,0,2,1,0,5,6,8,3,0,0,1,23,2,1,3,181,3,20,1
4,64,6,0,2,1,0,0,8,10,0,0,2,3,23,1,2,3,480,10,16,0
4,19,2,2,1,1,0,5,8,14,2,2,1,1,14,0,0,0,443,0,11,0
4,210,20,2,1,0,1,5,12,13,2,1,3,2,6,0,2,1,64,9,16,0
4,237,21,0,1,0,1,1,1,3,5,2,1,3,23,0,2,2,306,13,14,0
4,1,14,2,1,2,1,0,11,18,0,2,2,3,23,0,0,3,533,8,5,0
4,131,11,1,0,0,0,2,3,7,4,2,1,1,16,0,2,0,320,12,15,0
4,271,28,1,1,1,1,2,3,3,2,0,1,0,20,2,1,3,347,1,7,0
4,181,20,2,1,1,1,6,6,12,1,1,1,4,5,0,0,1,6,5,14,0
4,189,19,0,1,0,0,5,7,16,1,2,0,0,7,0,0,1,337,9,4,1
4,255,25,1,2,0,0,3,12,15,0,3,1,4,7,0,2,1,57,2,5,0
4,376,43,2,1,1,0,4,10,5,3,0,0,3,13,2,1,3,493,10,17,1
4,338,34,0,0,2,0,0,8,0,4,2,2,1,16,0,2,1,229,12,5,0
4,223,20,0,0,0,0,5,7,15,0,0,0,0,0,3,0,3,616,2,12,0
4,226,25,0,2,2,0,1,8,5,2,0,1,3,15,2,1,2,500,11,4,1
4,230,25,2,0,1,1,2,6,15,1,2,1,3,6,0,1,0,430,0,2,0
4,261,26,1,1,1,1,3,6,4,5,0,1,3,0,2,1,2,690,5,4,0
4,309,32,1,0,2,1,0,11,16,2,2,1,0,14,0,0,2,682,1,9,0
4,200,22,0,2,0,1,5,12,14,1,0,0,1,13,2,2,0,461,2,1,1
4,219,21,0,2,0,1,1,2,3,0,2,1,0,11,0,1,2,518,11,8,0
4,153,13,1,2,0,0,2,12,8,3,1,1,4,9,0,2,0,25,2,3,0
4,85,11,2,0,0,1,1,9,10,5,2,2,1,22,0,0,0,305,5,9,0
4,203,20,0,2,2,0,5,7,16,2,0,1,1,16,2,0,2,477,5,2,0
4,42,25,0,0,2,1,1,11,0,2,0,0,4,23,2,0,2,706,7,18,0
4,336,38,0,1,0,0,2,2,12,3,3,3,4,9,0,1,0,86,1,4,0
4,379,42,2,0,2,1,3,3,8,0,0,1,4,10,2,2,1,569,7,11,0
4,29,13,2,0,0,0,6,7,0,0,2,1,0,2,0,0,1,346,12,17,0
4,254,22,2,2,1,0,6,4,7,3,0,2,4,16,1,1,2,199,6,20,0
4,201,19,1,1,0,0,6,2,4,4,2,2,4,10,0,0,1,551,13,13,0
4,178,21,0,0,1,0,0,11,19,5,0,1,0,18,2,1,0,193,2,10,0
4,181,18,0,0,1,1,4,12,0,4,2,0,0,12,0,0,2,201,7,7,1
4,299,29,2,1,1,1,4,2,17,0,2,0,4,5,0,1,2,563,10,9,1
4,364,39,2,1,2,1,6,12,17,2,2,0,4,10,0,0,2,398,2,2,1
4,75,10,0,0,2,1,2,9,19,0,2,1,4,0,0,2,2,444,0,10,0
4,246,22,2,0,0,1,6,9,6,4,2,1,3,4,0,1,0,406,2,9,1
4,299,29,0,1,0,1,5,1,3,3,2,0,0,17,0,2,1,390,6,19,0
4,173,18,1,2,1,0,5,10,15,1,2,2,0,21,0,0,3,368,9,5,0
4,258,25,1,2,0,1,2,8,2,4,3,3,4,6,0,1,3,42,7,10,0
4,130,11,1,2,0,1,6,1,1,5,2,1,3,22,0,2,3,506,13,1,0
4,123,10,2,0,2,0,6,11,2,3,0,1,4,7,2,2,3,143,4,12,0
4,83,13,1,2,1,0,5,0,10,3,1,1,2,19,0,1,3,4,3,19,0
4,137,18,0,2,0,1,6,9,19,3,2,2,1,17,0,0,1,474,1,4,0
4,239,22,0,1,2,0,6,1,2,4,2,0,4,5,0,1,2,451,3,19,1
4,230,20,1,1,1,0,3,2,19,2,2,1,0,16,0,0,3,214,6,9,0
4,180,16,0,2,0,0,4,0,9,1,1,1,2,7,0,1,0,68,9,8,0
4,60,5,1,2,0,0,2,1,19,2,0,1,4,23,2,0,0,450,4,17,0
4,171,16,1,2,2,1,1,7,17,3,3,3,4,8,0,2,3,41,5,16,0
4,250,22,2,0,2,0,0,5,14,4,2,0,0,21,0,2,1,698,11,10,1
4,242,20,2,1,1,0,3,2,12,4,0,1,1,12,2,1,3,221,9,17,0
4,263,29,2,2,2,0,4,9,18,0,3,1,2,7,0,1,2,16,0,18,0
4,148,14,0,2,1,0,2,3,8,0,0,2,0,17,2,2,3,297,9,11,0
4,362,38,2,2,2,1,3,13,3,0,0,0,3,15,2,1,3,492,9,8,0
4,180,15,1,0,1,1,0,11,4,1,3,1,2,0,0,0,3,114,3,8,0
4,109,16,2,0,1,0,2,13,3,2,0,2,0,22,2,2,0,270,5,15,0
4,61,10,1,0,1,0,4,1,18,2,2,1,0,12,0,0,3,532,4,14,0
4,153,14,2,0,1,0,0,12,11,2,1,1,4,3,0,1,1,10,12,13,0
4,132,16,0,0,0,1,2,6,6,5,0,0,4,3,2,0,0,709,4,0,0
4,180,15,0,0,0,0,3,10,2,0,0,1,0,11,2,1,2,360,12,10,0
4,44,15,2,2,0,1,6,6,4,4,2,0,1,23,0,2,3,464,6,12,1
4,196,16,0,0,0,0,1,3,19,1,0,2,1,11,2,2,1,119,10,11,1
4,166,13,2,0,1,0,0,10,0,3,2,0,4,4,0,1,2,318,9,19,1
4,133,18,2,1,2,0,0,12,17,4,2,0,3,13,0,2,3,331,9,7,0
4,299,30,2,2,0,0,5,13,3,5,2,2,4,19,0,0,2,560,8,10,0
4,236,22,1,0,1,0,1,6,3,1,2,2,4,17,0,2,0,355,3,0,0
4,266,22,0,0,1,0,6,9,17,5,2,0,1,23,0,2,3,760,13,20,0
4,280,23,2,0,2,0,0,2,12,5,2,1,3,13,0,1,3,545,2,5,0
4,170,19,0,1,1,0,1,13,5,1,0,1,0,6,2,0,2,311,4,18,1
4,77,11,1,0,1,0,1,13,15,0,2,2,1,3,0,2,0,345,3,8,0
4,186,21,0,0,1,0,2,11,8,2,3,1,4,9,0,0,0,18,5,20,0
4,135,18,2,2,1,0,0,9,18,0,0,2,3,2,1,1,2,310,0,9,0
4,373,38,2,1,2,1,0,12,12,3,1,1,2,8,0,0,1,52,13,13,0
4,168,19,2,2,2,0,5,1,12,0,2,2,4,18,0,2,3,718,4,10,0
4,281,30,0,0,1,0,6,4,11,5,3,3,2,3,0,1,0,89,9,6,0
4,57,10,2,1,2,0,4,11,11,3,0,1,3,21,2,0,0,443,7,3,0
4,131,15,0,0,0,1,1,8,8,5,2,1,3,10,0,2,3,378,4,4,0
4,24,14,0,0,0,0,6,7,9,3,2,2,4,21,0,1,1,121,12,17,0
4,123,11,2,1,2,0,6,3,7,4,0,0,1,19,2,0,2,234,11,0,1
4,28,10,2,0,0,1,4,0,17,3,0,1,0,11,2,2,0,372,10,11,0
4,256,26,1,2,2,0,0,0,4,5,0,2,0,8,2,1,1,468,0,3,0
4,63,10,0,1,1,1,1,10,2,5,0,2,3,15,2,1,0,210,4,6,0
4,140,11,1,2,0,0,3,2,14,5,2,0,1,9,0,1,1,688,12,5,1
4,257,27,0,1,0,0,5,6,3,0,1,3,4,7,0,0,1,68,12,20,0
4,212,21,1,0,0,1,0,3,0,0,1,3,4,20,0,0,2,71,12,15,0
4,279,30,2,1,0,0,1,7,8,3,2,1,0,17,0,2,2,122,7,17,0
4,308,29,1,1,0,1,3,0,10,0,0,2,4,13,3,2,3,479,8,8,0
4,68,7,0,0,0,1,0,12,11,1,2,1,0,19,0,2,2,169,2,15,0
4,263,24,2,1,0,1,4,4,18,1,2,0,0,19,0,1,2,222,1,12,1
4,219,20,0,2,2,1,3,2,19,2,2,0,3,10,0,0,3,405,3,17,1
4,151,19,1,2,2,0,6,7,19,2,2,1,0,13,0,2,3,650,0,0,0
4,238,20,2,1,0,0,6,1,3,1,0,2,1,17,2,0,3,125,1,15,0
4,74,11,1,2,1,1,0,10,15,2,2,0,3,19,0,0,1,591,11,11,1
4,247,21,0,1,1,0,4,10,19,0,0,2,3,17,2,2,3,332,0,7,0
5,57,11,1,0,0,0,1,13,16,5,0,2,1,6,2,2,3,656,6,4,0
5,174,18,2,0,0,0,3,0,10,3,2,2,0,6,0,2,0,211,11,8,0
5,134,12,2,0,1,0,1,1,4,3,0,0,0,0,2,1,3,292,12,15,0
5,39,12,1,0,0,1,4,8,12,1,1,1,2,6,0,1,3,69,11,5,0
5,321,34,2,1,2,0,5,8,18,1,0,2,4,10,1,1,3,632,7,17,0
5,159,14,0,0,1,0,2,0,15,5,0,2,0,15,2,0,1,182,10,4,0
5,100,8,2,1,0,1,4,11,19,2,0,0,4,2,2,1,2,663,5,16,1
5,330,36,2,2,0,0,4,7,5,5,2,0,1,8,0,1,2,411,0,16,0
5,147,14,1,0,2,0,1,2,16,0,0,0,0,23,2,2,0,209,8,9,1
5,182,17,1,1,2,1,4,1,16,3,3,3,4,3,0,1,1,50,7,6,1
5,250,22,1,0,0,0,1,10,19,1,2,1,4,23,0,0,0,648,10,12,0
5,223,21,1,0,0,0,3,11,16,3,0,2,4,20,2,0,0,538,4,8,0
5,214,22,1,0,1,1,3,13,17,3,0,1,0,19,2,2,0,299,1,11,0
5,131,13,0,2,1,0,2,3,9,0,2,0,0,1,0,2,0,433,10,0,0
5,278,29,1,1,1,1,6,3,9,2,0,2,1,17,2,0,0,275,12,18,0
5,196,18,2,2,0,0,4,12,10,3,2,2,0,8,0,1,3,450,12,5,0
5,56,9,0,2,1,1,3,5,16,2,0,1,1,9,2,2,1,400,6,2,0
5,157,15,1,0,0,0,3,11,15,1,2,1,1,0,0,0,0,163,13,17,0
5,11,20,0,1,2,1,6,7,19,0,2,2,0,22,0,0,1,489,10,12,0
5,136,11,2,0,0,0,5,4,4,3,0,1,4,4,2,2,2,134,4,2,0
5,50,4,2,2,2,1,2,13,15,3,2,0,1,8,0,2,1,259,3,12,1
5,237,27,0,1,2,1,4,12,1,0,0,0,0,3,2,1,3,454,13,9,0
5,58,9,1,0,2,1,0,0,8,0,2,2,3,0,0,2,1,240,9,0,0
5,69,8,0,0,1,0,1,12,8,4,2,0,4,13,0,1,0,297,10,9,0
5,264,29,2,2,1,0,3,11,13,0,1,3,4,9,0,2,3,82,13,8,0
5,182,20,1,2,2,0,2,5,4,3,0,0,4,8,2,2,0,407,9,19,0
5,33,4,0,2,0,0,1,9,10,0,0,1,3,17,2,1,0,279,4,15,0
5,144,13,0,1,0,1,5,9,3,4,2,0,3,15,0,1,3,594,4,13,1
5,310,32,2,2,0,0,4,8,2,4,2,2,3,15,0,0,2,754,7,2,0
5,19,18,0,1,0,0,0,13,15,0,0,2,3,15,2,2,1,413,11,8,0
5,78,13,1,0,2,0,4,12,11,1,1,3,4,5,0,1,2,0,1,7,0
5,243,27,2,0,2,1,4,8,15,0,2,1,1,7,0,0,1,462,12,10,0
5,205,24,1,0,1,0,4,3,8,1,0,0,0,3,2,1,1,550,5,14,0
5,216,24,2,1,0,1,1,6,9,0,0,0,0,17,2,0,1,549,13,18,1
5,23,23,2,0,1,1,6,1,17,1,2,0,4,10,0,2,3,445,10,1,0
5,176,16,1,1,0,0,2,12,9,0,1,3,2,4,0,0,1,21,10,3,0
5,305,28,2,1,2,0,0,1,2,3,0,0,3,1,2,2,3,463,4,19,1
5,222,20,1,1,2,0,3,10,8,2,3,1,4,9,0,1,3,55,3,15,0
5,26,17,1,2,0,0,1,6,9,5,0,2,4,17,2,2,2,371,10,13,0
5,180,20,2,2,1,0,3,7,11,5,3,1,2,15,0,2,2,105,10,9,0
5,65,12,2,2,0,0,0,8,12,1,3,1,4,7,0,2,1,104,8,0,0
5,111,15,0,1,0,0,5,9,14,4,0,2,1,18,2,2,0,749,8,16,0
5,311,35,2,2,0,1,1,7,1,5,0,2,4,15,2,0,0,733,3,19,0
5,358,34,0,0,1,0,2,12,4,4,1,3,4,9,0,2,2,87,6,18,0
5,260,22,0,1,0,0,3,9,3,0,0,1,1,16,2,2,3,124,5,18,0
5,123,17,2,1,1,1,6,6,11,0,0,1,0,17,2,2,0,624,5,1,0
5,55,7,0,2,0,1,6,2,14,3,3,1,4,5,0,0,2,46,0,9,0
5,151,17,1,1,1,1,4,7,6,0,2,2,0,1,0,2,1,273,12,18,0
5,358,35,1,0,2,1,5,13,11,4,0,1,1,16,2,1,0,613,9,14,0
5,246,24,0,0,0,1,6,2,1,5,0,0,3,0,2,2,1,413,7,20,1
5,115,9,1,1,0,0,3,6,16,2,0,2,4,3,3,0,1,511,5,16,0
5,85,7,2,1,2,0,0,9,3,0,2,2,0,9,0,2,3,639,10,12,0
5,266,24,2,0,2,0,1,11,13,2,3,1,4,7,0,1,1,5,2,2,0
5,256,22,2,0,2,1,2,13,2,3,0,0,1,13,2,0,1,376,11,12,0
5,262,24,2,0,1,1,1,8,4,2,0,1,1,21,2,1,0,402,2,4,0
5,252,23,0,0,0,0,2,6,10,1,0,2,0,21,2,1,0,734,8,10,0
5,287,29,1,0,0,0,3,0,17,4,0,0,4,11,3,0,2,390,10,1,1
5,210,24,2,0,1,1,3,8,4,3,0,0,4,16,2,2,0,470,2,16,0
5,232,24,0,1,1,0,4,1,6,3,2,0,1,16,0,0,0,307,10,20,0
5,154,18,1,1,0,0,4,2,11,1,2,2,0,10,0,1,1,376,5,6,0
5,128,16,2,0,1,0,2,2,5,5,1,3,2,5,0,0,2,9,3,2,1
5,204,24,0,1,0,0,0,8,14,2,2,0,1,18,0,1,3,516,4,8,1
5,48,10,0,0,1,1,5,9,12,3,0,0,1,10,2,1,2,737,7,0,0
5,217,20,2,2,2,1,3,2,15,4,0,1,1,20,2,1,0,245,10,4,0
5,222,24,2,1,1,1,2,5,5,5,0,2,0,21,3,0,0,190,10,0,1
5,198,21,0,2,1,0,5,7,9,0,0,1,3,17,2,0,2,678,9,11,0
5,283,30,1,0,1,0,6,2,4,3,2,1,3,2,0,1,1,580,10,18,0
5,313,29,0,2,2,0,5,11,8,4,2,1,4,12,0,2,3,721,3,0,0
5,317,32,0,2,1,1,5,5,5,1,3,1,4,5,0,2,2,35,4,14,1
5,286,28,0,2,0,1,6,3,10,2,0,0,3,15,3,0,1,630,4,7,0
5,203,20,1,0,1,1,1,1,1,1,3,1,2,8,0,2,1,29,12,5,0
5,323,32,1,2,1,0,0,12,9,2,2,0,1,7,0,0,3,599,4,17,1
5,275,27,0,0,0,1,1,9,8,3,2,2,3,8,0,0,3,488,8,18,0
5,48,17,1,0,0,1,3,4,8,3,2,0,4,13,0,1,2,378,5,6,0
5,224,21,1,0,0,0,3,10,14,3,0,2,1,18,1,0,2,494,5,13,0
5,91,13,2,0,0,1,3,12,5,5,2,2,3,11,0,1,0,228,3,9,1
5,242,24,0,2,2,0,6,5,11,3,0,2,3,3,2,0,2,357,5,17,0
5,92,8,1,0,1,0,1,5,2,0,0,1,4,11,2,1,1,628,7,13,0
5,303,31,2,0,1,1,2,11,19,2,0,1,0,12,2,2,3,142,13,14,0
5,278,29,1,0,1,0,4,7,11,5,2,1,1,12,0,0,0,411,5,9,0
5,233,24,0,2,2,1,5,11,8,2,2,1,1,2,0,0,3,464,5,7,0
5,164,19,0,0,2,0,1,0,16,2,2,0,3,20,0,2,0,584,3,6,1
5,22,19,2,1,1,1,1,0,14,5,3,3,2,0,0,1,1,30,12,0,0
5,169,19,0,1,0,0,5,9,13,1,2,0,4,17,0,0,1,286,1,6,1
5,249,27,2,0,2,0,4,0,14,5,0,2,4,4,3,2,1,621,13,1,0
5,30,5,1,2,2,0,4,1,7,3,1,3,2,20,0,0,1,25,1,3,0
5,177,14,2,2,2,1,2,1,12,4,3,1,2,3,0,1,1,3,12,10,0
5,67,12,1,1,1,1,6,10,2,3,2,0,3,21,0,1,0,340,6,14,1
5,128,12,2,1,2,0,3,1,0,5,1,1,2,2,0,1,2,73,6,7,1
5,354,41,1,0,1,0,4,6,10,3,2,0,0,11,0,1,1,694,8,4,0
5,157,19,0,0,1,1,6,2,16,3,0,2,3,12,2,1,3,646,8,17,0
5,289,28,1,1,1,1,1,9,15,5,2,0,0,20,0,1,3,171,0,1,1
5,13,2,1,0,1,1,0,9,9,1,0,2,4,19,2,2,0,738,0,19,0
5,231,20,1,0,0,0,5,10,15,4,3,3,4,5,0,1,2,102,10,5,0
5,103,11,0,0,1,1,2,4,18,5,0,0,0,1,2,1,2,622,11,20,0
5,263,27,2,0,2,1,4,7,7,5,2,1,4,2,0,2,2,533,2,17,0
5,261,24,1,0,1,1,3,13,10,3,2,2,1,1,0,0,2,619,0,9,0
5,320,31,1,2,1,0,2,5,1,0,0,1,4,5,2,1,3,544,8,17,0
5,388,42,1,1,1,0,5,5,7,1,2,2,1,10,0,1,2,250,11,14,0
5,267,24,0,0,0,0,4,9,12,4,2,1,1,18,0,2,2,141,7,18,0
5,378,38,2,0,2,0,3,2,16,0,2,0,3,10,0,2,3,376,9,19,1
5,40,5,2,1,2,0,2,1,19,4,2,0,1,7,0,2,0,354,12,4,0
5,323,31,1,1,1,1,6,6,2,1,0,0,3,2,2,2,1,687,13,16,1
5,306,30,1,2,2,1,3,0,13,1,3,1,2,13,0,0,3,85,8,14,0
5,329,37,2,0,1,1,4,4,6,2,2,2,4,10,0,0,1,374,10,1,1
5,99,9,2,1,1,1,1,7,12,2,0,1,4,20,2,0,2,478,11,15,0
5,229,23,0,2,1,1,3,3,5,2,1,1,4,19,0,2,2,80,12,16,1
5,197,21,0,2,1,0,6,7,17,3,3,3,4,3,0,1,1,12,1,9,0
5,184,15,2,1,1,1,0,5,11,2,2,0,3,18,0,1,1,739,5,6,0
5,248,27,2,0,2,1,0,5,5,0,2,1,1,18,0,1,3,684,9,1,0
5,237,22,0,1,0,0,6,5,16,3,2,1,4,8,0,2,2,452,2,4,0
5,212,25,0,2,1,1,0,11,2,4,3,1,2,20,0,0,1,81,0,14,0
5,213,24,1,1,2,1,2,10,15,1,3,1,2,3,0,1,0,35,13,17,0
5,15,15,1,1,2,0,2,11,18,2,2,0,4,10,0,1,3,602,2,15,1
5,14,9,2,1,2,0,0,2,2,4,2,0,1,18,0,2,1,559,1,17,1
5,273,23,1,1,1,1,3,6,4,2,0,2,3,15,2,1,1,689,3,12,0
5,86,8,2,2,0,0,2,12,12,0,0,2,3,22,2,2,1,604,10,19,0
5,154,19,0,0,2,1,4,10,18,4,2,2,3,8,0,0,0,172,11,6,0
5,321,36,2,1,2,1,1,5,4,0,0,1,4,6,2,2,0,695,12,8,0
5,81,13,0,2,0,1,5,9,19,0,2,2,0,22,0,2,3,304,7,1,0
5,230,26,1,1,0,1,0,3,2,3,1,3,2,13,0,0,3,93,10,13,0
5,266,25,0,2,1,1,2,5,3,0,0,2,1,17,1,2,3,341,10,11,0
5,75,9,1,0,2,1,6,13,10,4,2,1,4,19,0,0,2,555,7,7,0
5,347,37,0,1,1,0,1,10,8,2,0,0,0,23,2,0,0,161,13,12,0
5,38,19,2,2,1,1,6,5,16,2,0,2,3,1,2,2,2,428,9,11,0
5,217,18,0,0,2,0,2,11,18,5,2,2,1,17,0,0,2,661,12,10,0
5,325,36,1,1,0,1,4,11,19,3,0,0,3,21,3,0,2,411,4,12,1
5,253,22,2,2,2,0,0,4,15,3,2,0,3,19,0,1,1,556,10,15,0
5,95,9,2,0,2,1,2,2,14,3,3,1,4,8,0,2,1,54,10,4,0
5,164,14,0,0,1,1,1,0,19,5,2,0,0,22,0,1,3,681,7,9,1
5,248,25,0,1,0,1,2,5,12,0,2,2,4,4,0,1,2,136,2,17,0
5,123,13,0,2,0,0,4,7,19,3,2,2,1,2,0,2,1,465,2,20,0
5,217,22,2,2,2,0,0,12,2,2,3,1,2,6,0,0,1,19,3,16,0
5,157,17,1,1,0,1,2,3,19,4,0,2,0,0,2,2,3,626,4,9,0
5,130,11,1,1,2,1,3,0,14,0,0,0,3,13,2,0,3,455,4,15,0
5,278,28,1,1,0,1,4,0,12,4,0,2,1,0,2,0,3,205,7,4,0
5,374,42,1,1,2,0,0,13,14,4,0,0,0,3,2,2,1,634,3,2,1
5,55,5,2,1,2,0,2,5,12,2,3,1,4,7,0,2,0,73,12,20,0
5,65,5,2,1,1,0,4,8,13,0,0,2,0,6,2,1,1,595,11,2,0
5,82,13,2,1,2,1,6,3,1,4,2,1,0,16,0,1,1,635,2,11,0
5,192,17,0,2,0,0,4,7,18,2,2,0,0,11,0,2,1,613,5,13,1
5,300,29,2,1,1,1,1,4,16,0,2,0,0,10,0,1,3,392,4,11,0
5,172,18,2,1,2,0,3,8,8,4,2,2,0,22,0,1,2,339,7,14,0
5,111,10,2,1,1,0,5,8,16,2,1,3,2,17,0,0,1,22,4,19,0
5,85,8,0,0,1,0,2,8,8,5,1,3,4,4,0,1,2,70,9,12,0
5,201,18,1,0,0,0,1,13,9,1,0,1,1,7,2,2,0,359,8,7,0
5,276,23,2,1,2,1,6,11,5,1,0,2,1,16,2,0,0,387,5,11,1
5,200,21,2,0,1,1,3,13,0,1,2,2,3,17,0,1,0,202,0,5,0
5,230,25,2,1,2,1,1,4,0,2,2,0,3,18,0,1,2,421,6,14,1
6,280,25,2,2,1,0,1,7,3,2,2,1,0,3,0,2,0,319,11,14,0
6,242,25,2,1,2,0,5,3,8,0,2,1,3,8,0,0,0,757,1,7,0
6,99,8,2,2,1,0,0,8,9,3,2,2,0,3,0,0,3,364,1,15,0
6,230,26,0,1,1,1,3,6,10,5,0,0,1,9,2,2,2,302,12,11,1
6,126,16,1,1,0,1,3,9,13,0,1,1,4,4,0,1,1,83,7,10,0
6,276,27,1,0,0,0,2,1,7,5,2,1,1,5,0,1,1,412,6,2,0
6,138,11,1,0,1,1,1,11,19,3,3,3,4,7,0,1,3,34,13,18,0
6,56,11,0,1,2,1,3,10,0,3,1,1,2,16,0,2,1,40,7,20,0
6,377,40,1,0,1,0,2,10,10,5,2,2,4,23,0,2,2,567,7,0,0
6,124,15,0,1,2,0,3,10,0,2,2,2,1,7,0,1,2,636,1,14,0
6,298,28,1,2,1,0,0,10,10,1,2,0,1,11,0,0,3,577,4,11,1
6,327,34,0,0,0,0,4,2,11,4,0,2,1,10,2,1,3,384,10,20,0
6,190,21,2,1,1,1,2,10,14,2,2,1,4,6,0,1,0,304,6,8,0
6,73,13,0,2,0,0,0,9,6,0,2,2,3,0,0,0,2,361,2,0,1
6,306,29,2,0,0,1,3,7,7,4,0,2,1,18,2,2,1,284,13,6,0
6,143,15,1,0,0,1,5,10,7,2,2,1,0,1,0,1,1,620,6,3,0
6,19,4,2,2,1,0,3,12,0,5,0,0,1,21,2,2,2,449,3,7,1
6,45,17,2,2,2,1,0,5,1,1,0,0,1,17,2,2,0,268,1,11,0
6,25,13,2,0,1,1,2,7,0,5,2,0,3,22,0,0,2,617,7,0,0
6,307,30,2,1,0,1,6,13,0,1,2,1,1,3,0,2,0,615,11,11,0
6,257,28,1,0,1,1,6,2,19,3,0,1,4,23,2,0,0,488,3,19,0
6,247,22,1,1,2,0,0,2,17,3,0,2,4,18,2,1,3,201,1,19,0
6,57,10,0,1,1,1,2,7,1,3,3,3,2,14,0,0,0,92,1,4,0
6,139,18,1,2,1,0,5,4,7,3,2,1,1,0,0,1,1,164,11,4,0
6,294,29,0,1,2,1,1,13,10,1,0,1,1,13,2,2,0,347,10,0,0
6,148,19,2,1,0,1,2,11,17,5,0,0,1,13,2,2,1,497,8,1,0
6,208,24,2,1,0,0,4,0,4,1,1,3,2,6,0,0,3,48,0,11,0
6,105,15,1,1,0,1,0,13,5,4,2,0,4,1,0,1,1,743,2,6,1
6,69,9,0,2,1,0,1,4,9,5,2,0,4,3,0,0,1,137,4,16,0
6,146,14,2,0,1,1,3,9,12,4,0,2,0,4,2,0,1,151,13,3,0
6,104,11,2,2,0,1,2,9,0,5,0,1,1,12,2,1,0,249,5,12,0
6,207,20,2,2,0,1,2,13,2,1,0,0,3,9,2,2,1,330,10,1,1
6,190,21,2,1,2,1,3,6,10,0,2,2,0,7,0,1,1,220,1,2,0
6,218,25,1,2,0,1,0,7,8,2,2,0,0,3,0,1,0,543,5,17,1
6,312,34,0,1,0,1,0,12,8,5,2,1,1,23,0,2,2,524,3,14,0
6,182,22,0,1,2,1,3,10,4,2,0,1,0,0,2,1,0,235,7,14,0
6,73,11,1,2,2,1,0,8,14,2,3,3,4,9,0,1,3,35,1,3,0
6,15,15,0,0,1,1,3,12,6,1,0,2,3,21,2,1,0,509,1,14,0
6,112,9,0,0,2,1,5,13,12,3,2,0,0,5,0,2,1,656,13,16,1
6,201,23,2,2,0,1,3,13,18,3,0,0,1,20,2,2,2,521,11,8,1
6,129,11,0,1,1,0,2,2,8,2,2,2,1,13,0,1,0,430,1,7,0
6,59,10,0,1,1,1,2,0,14,0,2,0,3,16,0,0,3,457,10,3,1
6,68,6,2,2,0,0,0,8,13,1,2,2,1,0,0,2,1,511,8,0,0
6,163,17,2,1,0,1,1,13,11,4,2,2,4,17,0,2,1,227,13,11,0
6,117,10,2,2,1,1,2,7,9,0,2,2,1,2,0,0,0,385,3,8,0
6,132,18,2,1,2,0,6,5,17,1,0,0,1,17,2,1,3,323,3,20,1
6,21,14,0,2,1,0,2,6,16,5,2,2,4,0,0,2,1,222,7,7,0
6,237,21,1,0,0,1,4,9,19,0,2,1,1,10,0,0,1,195,6,1,1
6,353,37,1,0,0,1,5,6,15,3,2,0,0,7,0,2,3,732,8,9,1
6,33,12,0,2,0,0,4,11,16,3,0,2,1,21,2,1,1,612,4,0,0
6,142,18,0,1,1,0,4,4,7,2,2,1,3,2,0,0,3,651,0,5,0
