,policy_state,policy_csl,policy_deductable,policy_annual_premium,insured_sex,insured_education_level,insured_occupation,insured_hobbies,insured_relationship,incident_type,incident_severity,authorities_contacted,incident_hour_of_the_day,number_of_vehicles_involved,bodily_injuries,witnesses,auto_make,auto_year,fraud_reported,policy_annual_premium_AFTER
0,0,1,1,433.33,1,5,6,9,2,1,1,2,7,0,0,3,8,14,0,0
1,1,2,0,484.67,0,1,0,13,5,0,0,1,2,2,0,2,13,20,1,0
2,2,1,0,538.17,0,6,13,15,3,2,2,3,23,0,2,2,8,10,0,0
3,0,1,2,566.11,1,0,1,14,4,1,3,4,22,0,0,0,6,20,0,0
4,2,0,2,617.11,1,1,7,15,2,0,0,3,14,2,1,2,8,18,1,0
5,1,1,2,625.08,0,3,10,10,5,2,0,1,10,0,2,3,2,19,1,0
6,1,2,2,653.66,0,3,5,18,4,0,1,1,22,2,0,0,2,14,0,0
7,1,1,0,664.86,0,6,2,16,5,2,2,1,3,0,0,1,4,4,0,0
8,2,2,1,671.01,0,0,6,4,2,2,1,1,20,0,2,0,9,18,0,0
9,1,0,0,671.92,1,5,6,3,5,2,1,3,3,0,2,0,5,2,0,0
10,0,0,2,694.45,0,3,1,8,1,0,0,4,6,2,0,1,9,16,1,0
11,1,2,0,708.64,1,2,6,15,4,2,2,4,9,0,0,2,11,20,0,0
12,1,0,1,709.14,1,5,6,11,0,0,1,1,3,2,1,0,12,11,0,0
13,0,0,2,714.03,1,4,10,2,3,2,1,0,0,0,0,2,6,6,0,0
14,2,0,2,719.52,0,2,4,9,3,1,3,2,9,0,0,3,3,3,0,0
15,1,0,0,722.66,1,4,3,4,0,0,0,1,6,2,1,2,9,15,0,0
16,0,2,2,736.07,1,1,13,5,4,0,1,4,17,3,0,0,11,17,0,0
17,0,2,1,763.67,1,0,9,12,3,2,2,4,12,0,1,3,7,10,0,0
18,1,0,2,765.64,1,4,11,0,1,0,0,0,3,2,0,3,6,6,1,0
19,2,1,1,766.19,0,0,11,11,0,1,1,4,6,0,0,3,8,12,0,0
20,1,1,0,767.14,1,0,11,15,1,1,3,4,8,0,0,1,11,7,0,0
21,2,0,2,768.91,0,1,11,5,2,2,2,1,0,0,1,0,5,4,1,0
22,1,2,2,769.95,1,5,9,12,1,0,0,0,16,1,2,3,1,18,1,0
23,1,1,1,770.76,1,5,12,17,0,2,0,4,0,0,0,2,8,20,0,0
24,2,1,1,773.99,1,0,1,2,2,3,3,2,3,0,1,2,8,19,0,0
25,0,1,2,782.23,1,1,10,9,2,0,2,0,0,2,0,2,2,15,0,0
26,0,1,2,785.82,1,3,3,12,2,0,0,4,12,2,2,0,1,14,1,0
27,0,2,2,791.47,1,5,1,5,4,3,1,4,6,0,1,2,8,6,1,0
28,2,0,0,793.15,1,4,12,2,3,0,2,3,17,2,0,3,4,13,0,0
29,1,0,0,795.23,1,6,6,0,2,0,0,4,15,2,2,1,9,19,1,0
30,2,2,0,795.31,1,3,4,16,0,0,0,4,16,2,1,3,5,5,1,0
31,2,0,1,796.35,0,4,2,18,3,0,2,1,9,2,2,1,5,9,0,0
32,2,1,1,802.24,0,1,7,13,1,2,0,0,16,0,0,1,8,19,0,0
33,2,0,0,803.36,0,2,10,15,0,0,2,3,15,2,0,0,1,18,0,0
34,0,0,0,806.31,0,1,5,7,5,1,3,4,3,0,2,3,4,8,0,0
35,0,1,0,809.11,1,3,2,14,2,0,1,3,4,2,2,1,6,1,0,0
36,2,2,2,814.96,0,6,8,5,1,1,3,4,7,0,2,2,8,10,1,0
37,0,1,1,817.28,1,2,11,6,4,0,2,0,17,2,1,1,8,19,1,0
38,1,1,0,823.17,1,5,0,13,3,0,0,3,3,2,2,2,4,17,0,0
39,1,1,1,828.42,0,1,9,1,2,2,2,4,10,0,2,2,3,14,0,0
40,2,0,1,830.31,1,3,4,18,0,2,2,0,22,0,1,0,7,11,0,0
41,2,1,0,835.02,0,0,0,15,4,0,1,1,17,2,1,1,2,3,0,0
42,0,0,2,836.11,1,5,11,4,1,0,0,1,1,3,1,2,4,15,0,0
43,2,1,2,838.02,0,1,12,12,3,0,1,4,7,2,2,0,4,2,0,0
44,2,0,1,840.81,0,2,4,5,0,2,1,0,2,0,0,2,5,7,1,0
45,0,1,1,840.95,0,3,0,10,4,1,3,4,9,0,2,1,11,7,0,0
46,2,0,1,845.16,0,5,8,0,2,2,0,4,21,0,1,0,1,10,1,0
47,2,1,0,847.03,0,3,2,16,1,2,0,3,1,0,1,0,11,16,1,0
48,1,0,0,848.07,1,3,3,5,1,3,1,2,5,0,2,1,11,8,1,0
49,2,2,0,854.58,0,3,2,13,2,2,1,4,15,0,2,3,6,8,0,0
50,2,1,1,855.14,0,6,2,13,1,2,1,1,23,0,0,1,12,20,0,0
51,2,1,0,862.19,1,2,0,12,4,3,3,4,7,0,2,3,0,17,0,0
52,2,1,0,862.92,1,4,6,4,5,0,0,3,16,2,0,2,10,12,0,0
53,0,0,0,865.33,0,2,4,9,3,0,0,0,7,2,0,1,4,0,0,0
54,1,0,1,870.55,1,6,9,4,4,2,1,3,19,0,0,3,3,18,0,0
55,2,1,2,870.63,0,4,0,11,3,0,1,4,12,2,1,1,5,5,0,0
56,2,1,0,871.46,1,4,12,12,0,2,2,1,13,0,2,0,5,12,0,0
57,0,2,1,873.64,0,0,8,19,0,0,1,3,9,2,2,1,5,12,0,0
58,0,2,2,875.15,0,0,6,16,3,0,2,4,15,2,1,2,0,1,0,0
59,0,0,1,876.88,1,4,11,15,2,2,1,4,2,0,2,1,7,3,0,0
60,0,1,0,878.19,1,6,6,9,4,0,1,1,2,3,0,2,3,2,0,0
61,1,0,1,883.31,1,1,2,11,0,2,1,3,6,0,1,3,5,10,0,0
62,1,2,0,885.08,0,5,1,16,2,2,2,3,0,0,0,1,3,3,0,0
63,2,2,0,889.13,0,5,8,2,2,0,2,4,14,2,0,2,1,20,0,0
64,0,2,1,894.4,1,0,12,4,5,2,2,4,13,0,2,0,4,4,0,0
65,0,1,0,895.14,1,3,11,18,2,2,1,0,4,0,0,3,11,15,0,0
66,2,1,1,895.83,0,0,11,13,0,2,1,0,10,0,1,2,3,4,0,0
67,1,0,2,897.89,1,4,12,2,5,2,1,3,13,0,1,0,7,16,0,0
68,0,1,0,900.02,1,1,2,4,3,2,2,3,8,0,1,3,2,13,0,0
69,0,1,0,903.32,0,2,13,19,1,0,1,4,1,2,1,0,12,11,0,0
70,0,0,1,904.7,0,4,2,3,4,2,0,1,0,0,1,3,0,7,1,0
71,2,1,0,911.53,0,6,11,1,0,2,0,4,23,0,0,1,3,3,0,0
72,2,1,2,912.29,0,2,8,13,0,0,1,1,17,2,1,2,10,10,0,0
73,2,2,0,912.3,1,1,9,19,5,0,0,3,23,2,2,1,1,12,1,0
74,0,0,0,914.22,1,3,9,9,5,0,2,4,14,2,2,0,10,18,0,0
75,2,2,0,914.85,1,0,9,0,2,1,1,4,5,0,2,3,0,10,0,0
76,2,0,0,915.29,0,3,5,0,5,2,0,3,14,0,2,1,6,14,1,0
77,1,1,0,915.41,0,2,3,17,3,2,2,4,23,0,0,0,9,3,0,0
78,0,2,2,916.13,1,1,11,9,4,0,2,4,16,2,2,0,8,7,0,0
79,2,1,1,919.37,0,0,10,10,1,2,1,0,0,0,0,3,9,2,0,0
80,1,0,0,920.3,0,2,12,10,3,0,0,3,11,2,1,0,6,8,1,0
81,2,1,0,920.81,0,2,11,5,5,2,0,1,14,0,2,0,8,2,1,0
82,1,0,0,922.67,0,1,8,13,2,0,0,0,15,2,2,1,12,16,1,0
83,2,0,0,922.85,1,2,0,9,0,3,3,2,7,0,1,1,6,4,0,1
84,0,0,2,924.72,0,2,6,0,4,2,1,1,14,0,2,2,1,13,0,1
85,0,2,2,927.23,0,6,11,18,0,2,2,3,7,0,1,3,11,14,0,1
86,1,2,2,929.7,0,6,5,0,0,2,2,3,12,0,2,2,8,10,0,1
87,0,2,2,932.14,1,4,11,6,3,0,2,1,2,2,2,3,1,1,1,1
88,1,1,1,935.77,1,0,9,9,3,3,3,4,21,0,1,0,13,8,0,1
89,0,0,1,936.19,1,3,1,12,2,0,2,4,4,2,2,1,1,10,0,1
90,2,0,1,936.61,0,4,1,3,5,1,1,2,5,0,1,1,12,15,0,1
91,1,1,0,942.51,0,6,13,8,5,2,0,1,16,0,0,0,11,6,1,1
92,1,0,0,944.03,1,1,5,11,1,2,1,3,11,0,2,3,12,20,1,1
93,2,1,2,945.73,1,4,10,5,5,2,1,1,23,0,0,0,5,14,1,1
94,0,0,0,947.75,0,5,4,0,1,3,3,4,15,0,1,3,1,13,0,1
95,0,2,0,948.1,0,2,6,15,5,0,1,1,11,2,0,2,5,15,0,1
96,0,0,1,949.44,0,5,3,4,2,0,0,0,22,2,0,0,8,13,1,1
97,2,1,2,951.27,0,6,7,10,1,2,2,3,2,0,1,0,0,12,0,1
98,1,2,0,951.46,1,3,5,9,1,0,0,3,8,2,0,3,13,9,1,1
99,1,0,0,951.56,0,3,13,18,5,0,0,4,3,2,2,1,3,12,1,1
100,0,1,1,954.16,1,5,9,18,0,0,0,0,22,3,0,0,12,10,0,1
101,2,1,1,954.18,0,1,12,7,2,0,1,3,17,2,2,3,9,5,0,1
102,1,1,0,956.69,0,0,8,12,0,2,1,3,20,0,1,1,10,5,0,1
103,0,2,0,958.3,0,6,6,8,0,0,0,1,19,2,0,0,13,3,0,1
104,0,0,1,959.83,0,5,11,13,1,0,0,1,18,2,2,2,2,11,1,1
105,2,1,0,964.79,0,0,0,4,0,0,1,4,7,2,0,1,2,15,0,1
106,2,1,0,964.92,0,0,3,0,2,0,0,1,17,3,2,1,8,1,1,1
107,2,0,0,965.13,0,5,12,8,4,0,0,0,21,2,0,1,9,18,0,1
108,2,2,2,965.21,0,3,3,4,2,1,3,2,10,0,2,1,9,6,0,1
109,1,2,2,966.26,0,2,0,0,3,0,1,0,1,2,0,0,13,0,0,1
110,0,0,1,968.46,1,4,12,5,1,0,2,0,0,2,0,2,4,0,1,1
111,0,2,2,968.74,1,5,13,18,5,3,3,2,9,0,2,3,11,6,0,1
112,0,0,1,969.5,1,1,3,15,1,3,3,2,10,0,0,0,1,12,0,1
113,1,0,1,969.88,1,4,1,8,3,2,1,0,21,0,1,0,3,7,0,1
114,0,0,2,972.18,1,2,9,13,2,0,0,0,20,2,0,0,11,5,1,1
115,0,1,2,972.47,1,1,10,15,5,0,1,4,15,2,2,2,1,15,0,1
116,2,1,0,972.5,0,1,3,6,4,3,3,2,3,0,2,3,5,0,0,1
117,1,1,1,973.5,1,6,6,14,1,0,2,4,15,1,1,3,12,8,0,1
118,2,2,0,973.8,0,0,2,8,3,2,0,0,9,0,1,0,4,18,0,1
119,0,1,1,974.16,0,5,11,15,2,0,2,3,12,2,1,0,13,11,0,1
120,2,0,0,974.59,0,3,1,16,5,0,1,0,14,2,1,0,9,7,0,1
121,1,0,1,974.84,0,3,13,11,2,2,2,4,0,0,0,1,9,11,0,1
122,1,1,1,976.37,0,4,2,15,0,0,1,3,14,2,1,3,11,12,0,1
123,2,2,0,976.67,0,6,5,14,4,2,0,1,16,0,1,2,2,18,1,1
124,1,2,2,977.4,1,5,13,3,3,2,2,1,2,0,2,3,9,19,0,1
125,1,1,1,978.27,0,0,11,13,3,2,0,1,5,0,1,3,11,8,0,1
126,0,2,1,978.46,0,2,11,19,0,2,2,1,19,0,0,0,3,0,0,1
127,2,2,2,979.26,0,3,13,6,3,0,0,1,2,3,0,2,6,3,0,1
128,0,1,1,979.73,0,3,3,19,1,0,0,3,14,1,1,2,3,4,1,1
129,1,0,0,982.22,0,3,3,16,1,2,2,1,18,0,1,0,6,16,0,1
130,0,2,0,982.7,0,1,13,18,4,1,1,2,9,0,1,0,12,6,0,1
131,1,2,0,984.02,0,3,13,2,4,0,0,1,14,1,2,2,9,12,1,1
132,2,2,1,984.45,1,0,1,13,4,3,1,2,4,0,1,2,4,2,0,1
133,0,1,1,985.97,0,1,10,6,2,2,0,1,13,0,2,3,3,0,1,1
134,2,2,1,986.53,0,2,0,14,2,2,2,0,11,0,0,2,6,12,0,1
135,0,0,2,987.42,0,0,6,11,3,0,1,0,17,2,0,3,10,11,0,1
136,1,0,2,988.06,0,5,7,7,1,0,1,0,1,2,1,0,4,5,0,1
137,0,1,1,988.29,1,1,1,16,3,2,0,4,8,0,2,2,11,13,1,1
138,0,0,1,988.45,0,5,10,4,4,2,2,4,3,0,1,1,11,9,1,1
139,1,1,1,988.93,0,2,2,9,4,2,2,3,11,0,2,3,4,4,0,1
140,1,1,0,989.24,1,5,7,16,1,2,0,1,13,0,2,3,8,7,0,1
141,1,2,0,989.97,1,5,6,11,3,2,1,0,10,0,0,1,10,18,0,1
142,2,0,0,990.11,1,5,11,11,2,1,3,2,8,0,1,3,4,20,0,1
143,2,0,0,990.98,0,0,3,6,5,2,0,4,18,0,2,1,0,7,1,1
144,0,1,0,991.39,1,2,12,13,2,0,2,3,0,2,1,0,9,5,0,1
145,0,2,1,993.51,1,2,1,3,4,2,1,3,12,0,0,3,2,16,0,1
146,2,2,1,994.74,0,2,0,14,3,1,1,4,8,0,2,2,13,10,1,1
147,0,0,1,995.55,1,1,10,13,5,0,0,4,19,2,0,3,7,12,1,1
148,0,2,2,995.56,1,3,12,17,1,0,2,4,23,2,1,1,9,15,0,1
149,0,0,0,995.7,0,3,8,5,4,1,3,4,3,0,2,1,8,13,1,1
150,2,0,2,998.19,0,4,8,18,0,0,2,0,23,2,1,3,4,9,1,1
151,0,1,1,999.43,1,1,9,13,5,3,3,4,3,0,2,0,3,14,0,1
152,1,1,0,999.52,1,3,12,9,2,3,1,4,6,0,1,2,0,13,0,1
153,2,0,1,1000.06,0,6,4,0,5,2,2,3,17,0,1,0,1,19,0,1
154,2,2,1,1003.15,0,3,4,12,2,0,1,0,21,1,2,1,5,15,0,1
155,1,0,2,1003.23,0,0,12,11,1,0,0,1,23,2,0,3,0,13,0,1
156,2,0,1,1004.14,1,5,8,17,5,0,0,1,13,2,1,3,4,0,0,1
157,1,0,1,1004.63,1,3,8,10,1,0,2,0,14,2,2,0,11,4,0,1
158,1,2,2,1005.47,0,3,10,10,3,0,1,0,12,3,2,3,7,7,0,1
159,0,0,0,1006.77,0,1,7,17,3,0,1,4,15,2,2,1,2,2,0,1
160,0,1,0,1006.99,0,5,11,2,3,2,1,3,7,0,0,3,11,20,0,1
161,2,2,1,1007.0,0,6,13,2,4,2,2,4,9,0,0,2,3,18,0,1
162,2,0,2,1007.28,0,2,0,12,0,0,1,4,17,2,1,3,7,0,0,1
163,2,0,0,1008.38,0,6,0,19,2,2,2,0,11,0,1,0,4,18,0,1
164,1,1,1,1008.79,0,5,0,18,3,3,3,4,19,0,2,3,12,5,0,1
165,1,1,2,1009.37,0,1,9,10,2,2,2,1,19,0,0,2,2,20,0,1
166,1,2,0,1010.77,1,2,13,1,4,0,2,0,5,2,0,3,13,4,0,1
167,0,0,0,1011.92,1,6,6,13,5,0,0,1,7,2,0,3,3,14,0,1
168,1,1,1,1012.78,1,4,11,19,2,2,0,1,18,0,2,1,8,4,1,1
169,2,0,1,1013.61,0,0,2,12,3,1,1,2,7,0,1,1,11,7,0,1
170,0,0,2,1017.18,0,4,9,13,0,0,0,4,21,2,1,3,10,19,0,1
171,0,2,2,1017.97,0,4,6,5,5,0,2,4,21,2,0,0,2,10,1,1
172,0,0,2,1018.73,1,0,5,19,3,0,2,4,21,2,1,2,6,6,0,1
173,2,1,1,1019.44,1,5,13,19,1,3,3,2,17,0,2,1,2,9,0,1
174,2,2,2,1021.14,0,5,7,13,5,0,0,0,1,2,2,3,4,19,0,1
175,1,2,0,1021.9,1,2,5,10,0,2,0,3,21,0,0,0,12,17,0,1
176,1,0,1,1022.42,1,6,7,16,0,2,2,3,13,0,0,2,1,13,0,1
177,0,1,1,1022.46,0,0,1,18,2,0,1,3,15,2,0,2,7,1,0,1
178,1,0,1,1023.11,0,4,0,9,3,0,1,3,13,2,1,2,0,4,0,1
179,1,1,2,1025.54,0,2,1,13,2,2,0,1,19,0,1,3,3,6,0,1
180,1,0,1,1028.44,0,1,9,7,1,2,0,0,12,0,0,0,0,5,0,1
181,0,2,2,1030.95,0,0,6,13,2,0,0,0,20,2,1,0,1,12,1,1
182,1,0,1,1034.27,0,3,1,8,0,2,1,1,18,0,1,0,0,19,0,1
183,0,2,2,1035.79,0,4,10,11,5,2,1,4,9,0,1,0,13,15,0,1
184,0,0,0,1035.99,0,3,3,17,3,0,1,4,3,2,2,0,7,15,0,1
185,1,2,1,1037.32,0,2,12,16,5,0,1,4,1,2,2,1,9,10,0,1
186,2,2,1,1038.09,0,1,5,9,0,0,1,1,18,2,1,1,11,3,0,1
187,0,1,0,1039.55,1,4,3,11,4,0,1,3,4,2,2,1,3,10,0,1
188,0,0,0,1040.75,0,3,9,13,1,2,2,0,1,0,1,1,2,16,0,1
189,2,0,1,1041.36,0,3,8,6,0,0,2,3,18,3,2,3,12,10,1,1
190,0,0,0,1042.25,1,5,3,15,4,0,0,1,0,2,2,3,8,13,1,1
191,0,1,2,1042.26,1,3,11,11,0,0,2,0,21,2,1,2,10,0,0,1
192,0,1,0,1042.56,1,2,5,19,3,0,2,4,19,2,0,2,11,2,0,1
193,0,0,0,1045.12,0,2,13,6,2,0,0,0,2,2,0,2,5,18,1,1
194,0,0,0,1046.58,1,4,12,8,5,3,3,2,1,0,2,1,3,15,0,1
195,0,0,1,1046.71,1,5,8,14,0,0,0,1,4,2,2,1,8,14,0,1
196,0,0,0,1047.06,1,1,3,17,5,0,0,1,20,2,0,2,5,4,0,1
197,2,0,0,1048.39,0,5,13,14,3,2,1,4,2,0,2,1,5,1,0,1
198,1,2,2,1048.46,1,2,8,16,1,3,3,2,9,0,1,2,4,4,0,1
199,1,0,1,1050.24,0,5,0,5,5,1,1,2,7,0,0,0,2,18,1,1
200,2,1,0,1050.76,1,6,13,12,5,2,0,1,21,0,2,3,9,9,1,1
201,2,2,1,1051.67,0,0,3,3,1,0,0,0,18,2,0,3,1,10,1,1
202,2,0,0,1052.85,0,4,10,16,2,3,1,4,8,0,0,0,2,11,0,1
203,0,2,1,1053.02,0,0,9,3,1,2,0,3,2,0,0,2,12,10,1,1
204,2,0,1,1053.04,0,5,7,15,3,0,1,0,20,2,1,3,10,18,1,1
205,2,1,2,1053.24,0,1,9,12,2,0,2,3,0,3,1,0,0,0,0,1
206,2,2,0,1054.83,1,3,12,6,0,2,2,1,17,0,2,3,8,12,1,1
207,1,1,0,1054.92,0,6,9,8,3,2,0,3,4,0,0,0,12,18,1,1
208,1,1,1,1055.09,0,5,13,18,3,2,2,1,12,0,0,3,2,10,1,1
209,2,0,2,1055.53,0,4,1,6,1,2,2,3,7,0,0,2,6,0,1,1
210,1,0,0,1055.6,1,2,3,13,0,2,0,3,16,0,1,1,5,14,1,1
211,1,2,1,1056.71,0,3,10,13,1,1,1,2,3,0,2,1,7,7,0,1
212,0,0,2,1057.77,0,3,12,3,4,0,2,0,22,2,1,1,1,14,0,1
213,1,0,1,1058.21,1,3,2,9,4,2,2,1,17,0,1,1,4,4,0,1
214,1,0,1,1059.52,1,4,10,4,3,0,0,3,13,1,1,1,10,12,0,1
215,0,2,1,1060.74,1,6,12,15,3,2,0,0,15,0,2,3,11,1,1,1
216,2,2,0,1060.88,1,3,7,16,2,1,3,4,4,0,0,3,13,14,0,2
217,2,0,1,1061.33,1,4,6,12,3,2,0,0,8,0,0,3,1,2,0,2
218,0,2,1,1061.98,0,3,1,4,4,2,1,4,16,0,0,1,2,7,0,2
219,0,1,0,1063.67,1,5,8,7,5,2,1,4,14,0,2,0,4,0,0,2
220,2,2,0,1064.49,1,0,8,5,2,2,2,0,23,0,2,1,8,12,1,2
221,1,2,2,1066.7,0,3,5,17,3,0,2,3,22,2,0,2,1,19,0,2
222,1,2,1,1070.63,0,2,6,2,4,0,2,1,0,2,0,1,6,8,0,2
223,1,1,0,1072.62,0,5,6,8,0,0,2,3,7,3,2,1,12,11,0,2
224,0,0,1,1073.83,0,2,6,7,1,2,2,4,12,0,0,0,2,16,0,2
225,0,0,2,1073.83,0,3,4,14,0,3,3,2,4,0,1,2,2,13,0,2
226,1,2,0,1074.07,0,3,9,3,0,1,1,2,8,0,2,0,7,18,0,2
227,1,2,1,1074.07,0,5,11,5,0,0,0,1,16,2,0,3,9,11,1,2
228,2,2,1,1074.47,1,4,10,4,5,1,3,4,4,0,2,0,7,17,0,2
229,1,1,1,1074.99,0,0,0,3,0,3,3,4,16,0,2,0,0,17,0,2
230,0,0,2,1075.18,0,6,1,8,0,3,1,2,5,0,2,0,12,6,0,2
231,2,1,0,1075.41,1,4,6,15,5,2,2,4,6,0,1,0,4,1,0,2
232,2,1,0,1075.71,0,2,9,7,4,3,3,4,7,0,0,1,10,20,0,2
233,1,0,2,1078.22,0,5,13,4,5,0,0,1,2,2,0,1,3,12,0,2
234,2,1,0,1078.65,1,3,2,4,1,2,1,4,16,0,2,3,6,11,0,2
235,2,1,2,1079.92,1,2,6,10,0,2,2,0,1,0,0,1,13,12,1,2
236,2,0,0,1080.13,1,0,10,15,2,0,0,0,15,2,0,3,9,6,0,2
237,0,0,2,1081.08,1,3,8,15,4,2,1,3,14,0,0,2,12,19,0,2
238,0,0,2,1081.17,1,4,11,19,5,1,1,4,3,0,0,1,12,15,0,2
239,1,2,2,1082.1,1,3,3,11,2,0,2,4,13,1,0,1,7,6,0,2
240,2,1,0,1082.36,0,0,9,9,3,0,0,1,12,2,2,2,1,0,0,2
241,1,1,0,1082.49,0,6,9,5,4,0,0,1,12,2,2,3,6,19,0,2
242,2,1,2,1082.72,0,6,6,18,1,3,1,2,3,0,2,0,0,20,0,2
243,0,0,2,1083.01,1,4,2,13,2,0,0,4,22,3,2,0,7,15,1,2
244,0,1,0,1083.64,1,3,7,13,0,0,2,4,19,2,0,0,2,9,0,2
245,2,0,1,1083.72,0,2,6,0,5,2,2,3,18,0,0,2,6,10,0,2
246,0,0,0,1085.03,0,3,11,6,5,0,2,4,23,2,2,2,1,19,1,2
247,1,1,1,1086.21,1,3,4,10,4,2,1,4,18,0,1,2,9,6,0,2
248,2,2,1,1086.48,1,0,6,10,4,0,2,3,17,2,1,1,11,4,0,2
249,0,2,1,1088.34,0,0,0,19,2,0,2,4,16,2,2,3,2,13,0,2
250,0,0,0,1090.03,0,3,3,9,4,2,0,0,1,0,0,2,10,10,0,2
251,2,0,2,1090.32,1,1,5,5,0,2,1,0,17,0,1,2,13,12,1,2
252,1,1,0,1090.65,1,2,3,9,4,0,1,4,16,3,1,2,6,15,1,2
253,2,1,2,1091.73,1,6,3,9,1,0,1,3,15,2,0,2,9,9,1,2
254,2,2,0,1093.07,0,6,7,15,5,2,0,3,0,0,2,2,13,16,0,2
255,1,0,0,1093.83,1,0,0,2,2,0,0,0,18,2,1,1,11,20,1,2
256,1,1,1,1096.39,1,2,1,11,3,0,2,1,11,2,1,3,1,20,0,2
257,0,2,1,1096.79,0,0,5,7,4,2,0,4,16,0,2,1,2,3,0,2
258,2,2,0,1097.57,1,6,8,1,4,2,2,3,12,0,1,0,10,10,0,2
259,1,1,2,1097.64,1,2,13,18,2,0,0,3,16,1,1,0,0,11,0,2
260,0,2,2,1097.71,0,5,0,15,1,2,1,4,13,0,2,3,4,2,0,2
261,2,0,1,1097.99,0,3,7,0,4,0,2,4,0,2,0,3,11,3,0,2
262,2,1,1,1099.95,0,1,11,7,5,2,0,3,14,0,1,0,0,10,1,2
263,2,1,2,1101.51,0,1,4,4,1,0,1,1,22,2,2,2,3,13,0,2
264,1,2,2,1101.83,1,2,3,6,2,0,1,4,0,2,0,3,2,16,1,2
265,0,0,2,1101.85,0,1,11,7,5,2,1,4,9,0,1,2,9,17,0,2
266,2,2,2,1102.29,0,0,0,10,3,2,1,0,15,0,1,0,12,1,0,2
267,2,2,2,1103.58,1,2,3,8,4,0,0,4,20,2,2,2,12,16,1,2
268,0,2,2,1104.5,0,6,6,1,4,2,1,4,5,0,2,2,0,16,0,2
269,2,0,0,1105.49,0,0,9,17,3,0,0,3,12,1,2,3,1,8,1,2
270,0,0,0,1106.77,0,1,9,9,2,1,3,4,3,0,2,0,4,8,0,2
271,2,1,2,1106.84,1,6,7,15,5,3,1,4,21,0,1,1,11,10,0,2
272,2,2,0,1107.07,0,2,10,12,0,3,1,4,21,0,0,0,10,13,0,2
273,2,1,2,1107.59,1,6,12,5,1,2,0,3,23,0,1,3,8,14,0,2
274,2,0,2,1108.97,0,6,3,8,1,2,1,3,4,0,2,2,10,7,0,2
275,1,0,1,1110.37,1,4,6,10,2,0,2,3,14,2,0,1,0,2,1,2
276,2,1,2,1111.17,1,4,2,0,4,1,3,2,3,0,2,3,12,0,0,2
277,0,0,0,1111.72,1,3,3,3,2,2,0,1,6,0,1,2,11,2,0,2
278,1,1,2,1112.04,0,6,7,0,3,1,1,2,5,0,1,3,13,3,0,2
279,1,1,1,1114.23,1,1,9,7,5,2,0,1,1,0,0,1,9,10,0,2
280,1,0,1,1114.29,0,2,13,14,2,2,0,0,1,0,2,2,12,11,0,2
281,1,2,0,1114.68,0,0,7,15,0,3,3,4,5,0,1,0,8,7,0,2
282,1,1,1,1115.27,1,3,5,14,4,1,3,2,10,0,2,1,9,15,0,2
283,0,2,1,1115.81,0,5,6,15,0,0,1,0,20,2,1,3,4,13,0,2
284,2,1,2,1117.04,1,4,3,18,3,0,2,3,15,2,1,2,13,14,0,2
285,2,1,1,1117.17,0,2,6,18,1,1,3,4,6,0,2,0,2,10,0,2
286,0,0,2,1117.42,0,6,10,11,1,0,1,1,23,2,2,2,13,1,0,2
287,2,0,1,1118.58,0,2,9,2,0,0,2,1,5,2,2,1,10,8,0,2
288,1,0,2,1118.76,0,1,0,7,3,2,2,1,23,0,1,3,5,13,0,2
289,0,0,1,1119.23,0,4,3,8,4,0,2,1,13,2,1,1,7,20,0,2
290,2,2,0,1119.29,0,4,6,5,0,2,1,4,14,0,0,0,13,5,1,2
291,2,2,0,1122.95,1,5,8,9,2,0,1,0,4,2,0,3,0,5,0,2
292,0,1,0,1123.84,1,6,9,11,2,0,2,1,12,2,0,0,3,12,0,2
293,1,2,1,1123.87,0,6,10,7,2,3,3,4,5,0,2,0,13,0,0,2
294,1,2,2,1123.89,1,4,8,18,4,0,2,1,0,2,1,3,11,1,0,2
295,2,1,2,1124.38,1,0,1,15,2,3,1,2,9,0,1,1,5,6,0,2
296,1,1,2,1124.43,0,1,4,13,3,0,2,0,14,2,0,1,10,0,0,2
297,0,0,2,1124.47,0,4,12,11,5,2,2,0,5,0,0,1,5,8,0,2
298,2,1,0,1124.59,1,1,0,9,1,2,1,3,4,0,1,2,2,9,0,2
299,0,1,0,1124.6,1,0,1,10,1,0,1,4,23,2,0,0,7,11,0,2
300,0,2,2,1124.69,0,5,5,3,0,2,0,4,14,0,0,3,12,6,0,2
301,2,2,1,1125.37,0,0,9,1,0,0,0,4,6,2,0,2,10,5,1,2
302,0,2,1,1125.4,1,5,0,19,0,3,3,2,6,0,2,1,7,6,0,2
303,2,1,1,1127.89,1,0,6,16,3,2,1,0,0,0,2,0,11,7,0,2
304,0,2,1,1128.71,0,3,9,17,2,0,2,1,21,2,2,1,11,12,0,2
305,1,0,1,1129.23,0,1,4,4,3,2,0,1,1,0,1,0,11,4,1,2
306,1,0,2,1131.4,0,4,13,12,2,0,0,3,12,3,0,0,0,4,1,2
307,1,2,1,1132.47,1,4,8,8,2,0,2,3,21,2,2,3,10,13,0,2
308,0,0,2,1132.74,0,0,1,8,0,2,0,3,12,0,1,1,9,10,0,2
309,0,0,2,1133.27,0,2,2,5,5,0,2,3,20,1,0,2,5,4,1,2
310,0,0,2,1133.85,1,6,8,8,1,0,2,4,0,2,2,2,13,8,0,2
311,0,0,2,1134.08,1,6,7,15,0,2,0,4,3,0,2,0,5,18,1,2
312,1,0,1,1134.68,0,1,12,5,0,2,0,0,18,0,2,2,13,1,0,2
313,2,0,0,1134.91,0,0,13,9,1,3,3,2,6,0,1,0,12,2,0,2
314,1,2,0,1135.43,1,5,4,3,3,0,2,4,23,2,1,1,3,15,0,2
315,0,1,2,1136.83,0,0,12,8,3,2,0,4,14,0,0,3,6,9,1,2
316,0,1,2,1137.02,0,6,4,16,1,2,2,0,22,0,1,3,1,8,0,2
317,0,0,1,1137.03,1,0,12,0,4,0,2,4,23,2,2,2,1,20,0,2
318,2,0,2,1137.16,0,2,3,16,2,0,0,1,21,2,1,2,1,11,0,2
319,2,2,1,1138.42,1,3,9,7,3,2,1,4,18,0,2,3,13,10,0,2
320,0,1,1,1139.0,0,5,11,17,0,0,0,1,0,2,1,2,10,5,1,2
321,2,0,2,1140.15,1,2,1,8,0,0,2,4,9,2,0,3,11,20,0,2
322,2,2,2,1140.31,1,4,0,8,0,0,1,4,10,2,0,3,12,4,0,2
323,1,0,1,1140.91,1,0,0,13,2,0,0,1,15,2,1,2,3,7,1,2
324,2,0,1,1141.1,1,3,1,12,2,0,1,4,15,1,0,1,12,13,0,2
325,2,0,1,1141.35,1,5,2,17,1,2,0,0,18,0,0,2,8,18,0,2
326,0,0,0,1141.62,1,1,9,11,0,3,1,2,4,0,1,3,8,7,0,2
327,2,2,1,1141.71,0,3,8,17,3,2,0,0,21,0,1,2,11,14,0,2
328,1,0,1,1142.48,0,3,8,17,2,2,2,0,18,0,2,0,11,17,0,2
329,1,2,2,1142.62,0,4,4,7,1,2,2,0,12,0,2,0,3,2,0,2
330,0,2,2,1143.06,0,5,12,7,3,0,2,0,0,2,0,1,9,15,0,2
331,0,2,0,1143.46,1,4,8,14,2,2,2,3,4,0,2,1,8,7,0,2
332,0,2,1,1143.95,0,6,12,13,2,0,1,4,13,2,2,1,9,16,0,2
333,2,1,2,1144.3,1,4,8,0,1,3,1,4,3,0,1,0,6,15,0,2
334,1,0,2,1145.85,1,3,11,12,1,0,2,3,19,2,1,1,8,9,0,2
335,2,0,2,1148.58,0,4,0,9,1,0,2,1,4,2,2,1,6,19,0,2
336,2,1,1,1148.73,0,1,6,11,5,1,3,2,6,0,1,2,10,4,0,2
337,1,1,1,1151.39,0,5,3,15,5,1,1,4,17,0,0,0,0,8,0,2
338,0,1,1,1152.12,1,6,1,10,1,0,2,0,15,2,2,0,2,5,0,2
339,1,2,1,1152.4,0,0,8,15,4,1,1,4,0,0,2,3,8,19,0,2
340,0,1,2,1153.35,1,6,2,9,1,3,3,4,9,0,2,1,11,16,0,2
341,0,1,0,1153.49,1,0,2,0,2,0,2,3,16,2,1,0,0,9,0,2
342,2,1,2,1153.54,1,5,10,14,4,0,1,1,3,2,0,1,12,14,0,2
343,0,0,0,1155.38,0,6,5,12,1,2,1,1,6,0,0,0,0,6,0,2
344,0,1,0,1155.53,1,3,13,4,5,1,3,4,5,0,0,2,5,2,0,2
345,1,2,2,1155.55,0,4,2,3,4,0,0,4,4,2,2,0,7,12,0,2
346,1,1,2,1155.97,1,2,9,4,0,2,1,3,5,0,0,3,4,14,0,2
347,0,0,1,1156.19,0,1,6,6,0,0,0,1,20,2,0,3,7,15,0,2
348,1,0,2,1157.97,1,4,6,10,1,2,2,4,20,0,2,2,0,6,0,2
349,1,1,0,1158.03,1,2,3,11,3,0,2,4,23,2,1,3,13,11,1,2
350,0,1,0,1161.03,1,0,0,18,1,0,1,1,20,1,1,1,9,19,0,2
351,0,2,0,1161.31,0,6,3,0,2,2,1,4,23,0,1,3,3,17,0,2
352,1,0,2,1161.91,0,0,0,14,1,1,1,2,9,0,0,3,2,11,0,2
353,0,1,0,1163.83,1,0,10,12,0,0,0,3,21,3,2,0,1,4,0,2
354,1,0,1,1164.97,0,1,0,8,5,2,2,0,17,0,1,2,3,9,0,2
355,2,2,1,1166.54,0,5,9,17,1,2,0,1,3,0,2,0,4,2,1,2
356,0,1,2,1166.62,1,0,8,3,5,1,3,4,23,0,0,3,10,6,0,2
357,0,2,2,1167.3,1,2,8,2,2,2,1,1,22,0,2,0,13,5,0,2
358,0,2,1,1168.2,1,3,5,1,0,0,2,3,23,2,0,3,6,2,0,2
359,2,1,1,1168.8,0,3,12,12,2,2,2,3,11,0,0,3,8,6,0,2
360,1,0,0,1169.62,0,3,11,19,1,2,0,4,6,0,0,0,12,13,1,2
361,2,0,2,1170.53,0,6,1,17,5,0,2,1,17,2,1,2,9,11,0,2
362,0,1,2,1171.75,0,0,6,2,1,2,1,3,23,0,2,3,3,16,0,2
363,2,0,0,1172.82,1,0,6,19,2,3,3,4,8,0,1,3,5,15,0,2
364,1,2,0,1173.21,1,3,4,14,1,2,0,4,14,0,0,1,11,14,1,2
365,2,1,1,1173.25,0,5,10,7,0,3,1,2,3,0,0,3,3,18,0,2
366,0,2,0,1173.37,0,6,5,2,3,2,2,3,1,0,1,0,0,4,0,2
367,0,2,2,1174.14,1,1,8,7,4,0,1,1,14,3,0,0,12,17,0,2
368,0,2,2,1175.07,1,4,2,12,1,2,1,1,23,0,1,1,6,16,0,2
369,1,0,0,1175.51,1,5,2,19,0,3,1,4,20,0,0,1,4,8,0,2
370,1,2,2,1175.7,1,5,10,19,1,2,2,1,14,0,0,2,4,11,0,2
371,0,1,2,1177.57,0,0,0,18,0,3,1,4,4,0,2,3,7,15,0,2
372,1,0,1,1178.61,1,4,2,2,3,2,0,0,23,0,1,2,13,9,1,2
373,1,1,0,1178.95,0,3,8,7,3,2,2,1,20,0,2,3,7,10,0,2
374,1,1,2,1181.46,0,3,13,17,2,0,2,0,16,3,1,2,4,6,0,2
375,2,1,2,1181.64,1,1,7,8,5,2,0,1,22,0,1,1,7,7,1,2
376,1,1,1,1183.48,1,0,7,3,0,2,0,0,19,0,2,3,10,20,1,2
377,2,2,0,1185.44,1,5,3,11,1,0,0,4,15,2,2,1,0,11,1,2
378,1,1,1,1185.78,0,3,2,19,5,2,1,4,5,0,0,2,0,16,1,2
379,0,2,0,1187.01,0,0,12,8,4,3,3,4,9,0,0,1,3,19,0,2
380,2,2,0,1187.53,0,6,8,19,1,0,2,3,23,2,0,0,10,10,0,2
381,1,1,1,1187.96,1,3,7,3,3,0,1,4,20,2,1,0,11,16,0,2
382,2,0,2,1188.28,0,3,4,16,5,0,0,1,16,1,1,0,5,20,1,2
383,0,2,1,1188.45,0,4,3,4,2,0,2,3,9,1,0,3,10,11,0,2
384,2,1,2,1188.51,1,1,5,3,4,0,2,4,15,2,1,2,4,13,0,2
385,2,2,1,1189.04,0,0,9,18,3,0,1,4,0,2,1,3,7,19,0,2
386,1,2,1,1189.98,0,2,2,9,2,2,1,3,22,0,1,3,1,5,0,2
387,2,1,2,1190.6,1,5,3,4,4,2,1,1,17,0,1,3,3,6,0,2
388,0,1,2,1191.19,1,4,4,1,1,0,2,3,9,2,0,1,3,8,0,2
389,2,1,0,1191.5,1,2,8,15,0,2,2,4,8,0,2,0,1,20,0,2
390,1,0,1,1191.8,1,2,10,8,4,2,0,3,19,0,1,0,5,17,0,2
391,1,2,2,1192.04,1,0,2,7,3,2,2,0,23,0,0,0,4,9,0,2
392,0,2,0,1192.27,1,2,11,0,3,2,2,3,16,0,2,0,5,11,0,2
393,0,2,2,1193.4,1,6,3,3,3,0,2,3,16,2,2,3,11,10,0,2
394,0,1,1,1193.45,1,3,7,10,1,2,2,0,11,0,2,1,9,2,0,2
395,1,1,1,1194.0,0,3,5,12,0,2,0,0,6,0,1,2,5,18,1,2
396,1,1,0,1194.83,0,4,9,4,0,2,0,4,23,0,0,0,11,2,0,2
397,2,0,0,1195.01,0,0,11,15,3,0,0,3,13,2,0,2,8,16,1,2
398,1,1,2,1197.22,1,4,6,15,2,3,1,4,8,0,0,0,8,12,1,2
399,1,0,1,1197.71,1,5,6,12,1,0,2,0,17,2,2,0,11,18,0,2
400,0,1,1,1198.15,0,4,7,10,1,0,2,3,19,2,0,2,2,0,0,2
401,0,1,0,1198.34,1,0,11,2,5,0,2,1,17,2,1,1,8,0,0,2
402,0,2,0,1198.44,1,4,8,14,5,3,1,4,9,0,0,3,9,3,0,2
403,2,2,1,1199.44,1,1,6,10,3,0,0,3,0,2,1,2,9,17,0,2
404,2,2,1,1200.09,0,0,2,2,4,0,0,1,17,2,2,2,0,7,0,2
405,1,2,1,1200.33,0,2,2,6,3,3,1,4,7,0,2,1,13,13,1,2
406,1,0,0,1201.41,0,3,8,12,0,0,0,4,7,2,1,0,11,4,0,2
407,2,1,2,1202.28,1,2,3,6,2,2,1,0,4,0,1,2,9,12,1,2
408,1,1,1,1202.75,1,2,5,2,1,0,1,4,23,2,0,2,13,8,0,2
409,2,0,0,1203.17,0,4,9,9,4,2,2,1,11,0,0,0,9,2,0,2
410,2,0,0,1203.24,0,3,13,18,2,3,1,4,9,0,2,0,6,4,0,2
411,0,1,0,1203.81,1,3,13,18,1,0,1,4,17,2,0,2,10,4,0,2
412,2,0,0,1205.86,1,0,1,1,5,2,1,1,8,0,0,1,0,6,0,2
413,1,1,2,1206.26,0,0,1,3,3,0,1,4,22,2,0,0,1,20,0,2
414,1,2,2,1207.36,0,2,5,4,3,0,0,0,22,1,1,0,13,2,0,2
415,0,1,2,1209.07,1,3,1,5,4,2,1,0,18,0,0,1,2,0,1,2
416,2,0,2,1209.41,1,3,6,0,5,0,2,3,15,2,0,1,9,4,0,2
417,1,1,0,1209.63,0,5,6,5,1,2,1,0,17,0,1,0,13,19,1,2
418,1,2,2,1212.0,1,5,3,1,4,2,2,0,4,0,0,1,7,4,0,2
419,2,2,1,1212.07,0,4,3,14,5,0,2,1,17,2,2,3,8,5,0,2
420,0,1,2,1212.12,0,4,2,13,1,0,0,3,14,2,1,1,5,0,0,2
421,2,2,0,1212.75,0,1,9,11,3,2,1,1,11,0,0,0,6,3,0,2
422,2,2,0,1215.36,1,4,10,15,5,2,2,0,9,0,1,0,10,5,0,2
423,2,2,2,1215.36,1,0,12,15,3,0,1,1,22,2,0,1,11,17,0,2
424,2,2,1,1215.85,1,2,7,10,0,3,1,4,8,0,1,1,9,20,0,3
425,2,2,0,1216.24,1,5,8,14,5,2,0,1,7,0,2,0,3,13,0,3
426,2,0,0,1216.56,1,5,0,16,3,2,1,4,20,0,0,2,11,5,0,3
427,1,0,1,1216.68,0,5,11,1,2,3,3,4,8,0,1,1,5,18,0,3
428,2,2,2,1217.69,0,4,9,15,5,0,0,3,6,2,1,0,4,9,1,3
429,2,0,1,1217.84,0,2,4,19,1,0,1,1,19,2,2,2,13,20,0,3
430,2,1,2,1218.56,0,5,13,18,0,0,2,4,23,2,2,2,10,3,1,3
431,0,0,2,1219.04,1,4,5,13,3,0,0,4,19,2,2,0,9,4,0,3
432,1,1,2,1219.27,1,0,12,13,0,0,2,0,9,2,1,2,10,17,0,3
433,2,0,0,1219.94,0,5,9,13,5,2,1,0,13,0,0,1,0,5,0,3
434,1,1,1,1220.71,1,6,6,18,3,1,1,2,5,0,2,1,3,18,0,3
435,1,2,0,1220.86,1,3,7,13,0,1,3,2,4,0,1,2,10,8,0,3
436,1,0,2,1221.14,1,4,9,2,5,2,2,0,13,0,0,2,1,7,0,3
437,2,0,1,1221.17,0,5,10,9,1,0,1,0,4,2,0,0,11,1,0,3
438,2,0,2,1221.22,1,5,6,4,2,2,2,4,2,0,0,1,8,13,0,3
439,2,1,2,1221.41,0,5,4,12,5,3,3,4,9,0,2,1,6,11,0,3
440,0,2,2,1222.48,0,3,8,9,4,1,1,2,16,0,1,1,11,6,0,3
441,0,2,0,1222.75,1,2,3,14,2,0,2,3,12,2,2,0,2,6,0,3
442,1,0,2,1223.39,0,4,2,4,5,0,2,0,17,2,1,3,7,19,0,3
443,0,0,1,1226.49,0,6,4,11,4,3,3,2,3,0,0,1,5,7,0,3
444,0,0,1,1226.78,1,3,1,4,4,0,1,3,17,1,2,0,2,18,0,3
445,1,0,1,1226.83,0,1,3,8,1,0,0,3,12,2,2,0,0,16,1,3
446,1,1,0,1229.16,0,4,13,11,5,0,0,1,2,2,0,2,13,19,0,3
447,2,2,1,1230.69,1,5,13,9,1,2,1,1,19,0,0,2,0,11,0,3
448,0,2,1,1230.76,1,2,6,19,4,2,0,1,2,0,1,1,10,2,1,3
449,1,2,1,1231.01,1,1,0,2,0,0,1,1,19,2,1,2,4,12,0,3
450,1,0,2,1231.25,0,6,2,12,1,0,1,0,15,2,1,0,12,16,0,3
451,1,2,2,1231.98,0,0,7,10,1,2,1,4,10,0,0,0,4,2,0,3
452,1,2,0,1232.57,0,6,6,14,1,0,1,1,7,2,0,0,9,16,0,3
453,0,1,1,1232.72,1,2,1,10,3,0,0,1,21,2,1,0,7,4,1,3
454,0,0,1,1232.79,0,2,0,15,4,2,1,3,3,0,2,0,11,12,0,3
455,2,0,0,1233.85,0,1,5,5,0,0,2,0,23,2,2,1,5,4,0,3
456,2,2,2,1233.96,0,5,7,9,2,0,2,4,16,2,1,1,9,20,0,3
457,0,1,1,1234.2,1,5,7,3,2,3,1,4,3,0,2,2,9,7,0,3
458,0,1,2,1234.69,0,4,12,13,0,0,0,3,1,1,2,1,2,8,1,3
459,2,2,0,1235.1,0,5,12,8,1,2,1,4,14,0,2,1,2,16,0,3
460,2,1,1,1235.14,1,4,3,4,0,0,2,3,20,2,0,1,13,17,0,3
461,0,2,1,1236.32,0,4,0,10,3,2,2,4,0,0,2,0,4,14,0,3
462,0,1,0,1236.5,1,6,7,3,0,1,3,2,1,0,0,1,9,8,0,3
463,0,1,0,1237.88,1,4,3,8,1,2,0,4,11,0,0,0,8,2,1,3
464,1,1,2,1238.62,1,4,3,19,2,2,0,0,14,0,2,3,0,17,1,3
465,2,0,0,1238.65,0,2,13,3,0,3,3,4,5,0,1,1,10,3,0,3
466,0,2,0,1238.89,1,5,10,17,2,3,1,2,3,0,0,3,5,16,0,3
467,2,2,1,1238.92,1,0,7,0,2,1,3,2,4,0,0,2,6,17,0,3
468,0,0,2,1239.06,0,3,13,16,0,2,2,4,19,0,1,1,13,7,0,3
469,1,1,0,1239.22,0,2,12,13,1,2,1,1,12,0,0,1,1,14,1,3
470,0,1,0,1239.55,0,6,4,11,3,2,0,1,1,0,1,1,8,1,1,3
471,1,0,0,1240.47,0,0,7,14,0,0,2,1,11,2,1,1,6,19,0,3
472,0,1,2,1241.04,0,5,10,2,3,2,1,4,16,0,2,2,1,19,0,3
473,1,1,2,1241.97,1,2,7,12,1,1,1,2,18,0,1,0,7,16,0,3
474,1,0,1,1242.02,1,5,0,7,5,2,1,1,17,0,0,2,7,8,0,3
475,0,1,1,1242.96,0,2,7,13,3,0,1,3,2,1,2,0,0,15,0,3
476,0,2,1,1243.68,1,5,10,4,5,0,0,3,18,2,0,2,12,7,1,3
477,2,2,1,1243.84,0,3,12,14,3,2,1,3,22,0,1,3,13,16,0,3
478,0,2,1,1245.61,1,4,13,0,3,2,2,1,11,0,1,0,5,13,0,3
479,0,0,1,1245.89,0,5,3,12,5,2,2,3,19,0,0,0,8,5,0,3
480,2,1,0,1246.03,1,3,2,12,4,2,2,3,14,0,0,0,9,18,0,3
481,2,2,2,1246.68,0,6,8,12,3,2,1,1,10,0,0,1,11,11,0,3
482,0,1,2,1247.87,1,5,1,9,0,0,2,1,20,2,2,2,2,13,0,3
483,1,1,1,1248.05,0,2,3,12,0,0,2,4,3,2,1,2,3,20,0,3
484,1,2,1,1248.25,0,1,11,10,3,1,1,4,8,0,0,2,2,18,0,3
485,2,0,1,1250.08,0,6,12,3,5,0,2,4,0,2,2,3,5,15,0,3
486,0,0,0,1251.16,0,0,6,11,1,2,2,0,14,0,0,1,7,15,0,3
487,0,0,1,1251.65,0,0,7,4,5,1,1,2,6,0,0,0,1,17,0,3
488,0,1,1,1252.08,1,1,3,17,1,0,0,3,4,1,2,2,6,5,1,3
489,0,2,1,1252.48,1,4,6,19,5,3,1,2,17,0,1,3,3,5,0,3
490,2,0,0,1253.12,0,5,3,7,2,2,2,4,22,0,2,2,5,7,0,3
491,0,0,2,1253.44,0,5,2,17,1,0,0,0,19,2,2,0,13,12,0,3
492,0,1,1,1254.18,0,6,9,11,2,2,1,1,16,0,0,1,13,8,0,3
493,2,2,0,1255.02,1,0,11,15,1,1,1,2,10,0,1,0,9,1,0,3
494,2,0,1,1255.35,0,3,10,16,1,0,2,0,22,1,0,3,4,13,0,3
495,2,0,2,1255.62,1,4,1,14,4,0,0,3,18,2,2,1,5,0,1,3
496,1,2,2,1255.68,0,0,11,15,2,1,1,2,7,0,0,0,4,19,0,3
497,0,0,0,1256.2,0,3,11,10,1,0,1,3,10,2,1,2,10,18,0,3
498,2,2,2,1257.0,0,2,6,1,4,2,2,3,23,0,1,3,11,4,0,3
499,2,1,0,1257.04,1,0,10,15,3,2,0,4,4,0,2,2,4,16,0,3
500,2,1,0,1257.36,0,6,1,12,0,0,0,1,20,2,1,1,2,5,1,3
501,1,2,0,1257.83,1,2,4,15,3,0,0,3,2,3,2,2,0,16,1,3
502,1,1,0,1259.02,0,3,12,0,4,1,3,2,8,0,2,2,9,10,0,3
503,2,0,2,1260.32,1,3,7,14,1,2,2,1,16,0,1,2,12,14,0,3
504,2,1,1,1260.56,0,3,0,13,3,0,1,4,20,2,0,2,7,15,0,3
505,1,0,0,1261.28,0,4,10,10,4,0,1,1,21,2,2,0,9,17,0,3
506,1,1,0,1262.08,1,3,12,18,5,2,0,0,4,0,0,3,9,16,1,3
507,0,0,2,1263.48,0,3,7,10,5,2,0,1,10,0,2,0,1,2,1,3
508,2,1,0,1264.77,0,0,13,19,4,0,2,1,13,1,0,1,11,14,1,3
509,1,0,0,1264.99,1,6,13,14,0,2,1,1,22,0,1,1,3,0,0,3
510,0,2,0,1265.72,0,5,5,13,5,2,0,1,23,0,0,2,8,3,0,3
511,1,1,0,1265.84,0,3,9,13,3,3,1,2,10,0,1,3,9,12,0,3
512,2,0,2,1266.92,1,5,11,14,3,0,0,3,16,2,1,3,5,11,1,3
513,1,1,1,1267.4,1,3,0,1,0,2,1,1,0,0,2,1,0,11,0,3
514,2,2,2,1267.81,0,5,3,18,5,3,3,2,10,0,2,1,0,10,0,3
515,0,0,0,1268.35,1,5,13,2,5,2,0,3,16,0,2,1,13,19,1,3
516,1,0,2,1268.79,1,4,8,5,3,2,2,0,15,0,2,2,4,16,1,3
517,2,2,1,1269.64,0,1,1,6,4,2,1,3,10,0,1,3,3,17,1,3
518,0,1,2,1269.76,0,6,13,19,1,2,1,1,4,0,1,3,5,20,0,3
519,2,1,0,1270.02,0,0,12,16,3,1,1,4,5,0,1,2,12,9,0,3
520,2,2,2,1270.21,0,1,11,17,0,0,2,1,13,2,1,1,9,5,0,3
521,1,1,0,1270.29,1,1,1,8,0,1,1,2,4,0,0,0,6,7,0,3
522,2,1,1,1270.55,1,5,10,5,4,0,2,3,10,2,2,3,7,11,1,3
523,0,0,0,1272.46,1,1,9,8,5,0,1,0,7,2,2,1,12,3,0,3
524,2,2,2,1273.7,1,1,7,11,0,0,0,1,19,2,2,1,1,8,1,3
525,2,1,1,1274.63,1,1,6,1,4,2,2,1,22,0,2,3,0,0,0,3
526,1,1,1,1274.7,1,1,9,10,2,0,0,0,15,2,2,3,3,9,1,3
527,2,0,1,1275.39,1,0,11,3,2,2,0,4,16,0,2,3,1,1,1,3
528,0,1,0,1275.62,0,0,8,15,2,0,1,4,18,2,2,1,9,0,0,3
529,0,2,1,1275.81,1,2,11,7,5,2,1,1,13,0,2,2,8,3,0,3
530,2,0,2,1276.43,1,0,8,16,3,2,0,1,12,0,0,3,6,0,0,3
531,2,0,1,1276.57,1,6,2,16,1,2,1,1,3,0,1,2,3,0,0,3
532,2,1,1,1276.73,0,5,5,3,2,0,0,4,12,2,1,3,10,8,0,3
533,0,1,2,1277.12,0,6,1,11,3,2,0,0,18,0,0,2,3,12,0,3
534,1,1,2,1277.25,0,1,3,19,2,2,0,4,14,0,1,2,13,1,1,3
535,0,0,2,1278.75,0,1,12,13,3,0,2,0,21,2,2,2,4,17,0,3
536,1,2,1,1279.08,1,4,7,11,3,1,1,2,13,0,0,1,5,9,0,3
537,2,0,1,1279.13,1,6,2,3,2,0,1,0,5,2,1,2,1,11,1,3
538,2,0,1,1280.88,1,4,7,1,2,2,2,3,21,0,0,1,0,7,0,3
539,2,0,0,1280.9,1,2,1,18,3,2,1,0,9,0,2,0,7,14,0,3
540,1,1,2,1281.07,0,2,10,2,4,1,3,4,6,0,0,2,3,20,0,3
541,0,1,1,1281.25,0,2,12,12,2,2,0,4,6,0,0,2,2,12,1,3
542,2,2,2,1281.25,1,0,6,6,2,2,0,4,13,0,0,1,8,15,1,3
543,0,1,1,1281.27,0,6,12,9,1,0,1,1,9,2,0,3,2,15,0,3
544,1,2,1,1281.43,0,5,13,16,1,0,2,3,10,2,0,2,7,15,0,3
545,1,0,1,1281.72,1,1,4,10,2,0,1,1,20,3,0,2,6,10,0,3
546,2,2,0,1282.93,0,1,3,1,2,0,0,4,0,3,0,0,3,1,1,3
547,1,2,0,1285.01,1,5,6,17,1,2,0,0,21,0,2,2,12,15,0,3
548,1,0,0,1285.03,0,2,2,4,4,2,1,1,0,0,1,3,6,16,0,3
549,2,1,2,1285.09,1,3,4,2,1,2,0,3,19,0,0,2,8,18,1,3
550,1,2,0,1285.42,1,4,8,18,5,2,0,1,11,0,1,1,4,5,1,3
551,0,2,1,1286.44,0,4,13,3,5,2,1,4,14,0,2,1,9,3,0,3
552,0,0,2,1290.74,0,2,9,11,0,0,0,0,6,2,2,0,11,18,0,3
553,2,0,2,1291.7,0,3,11,11,1,2,1,3,21,0,1,0,4,14,0,3
554,0,1,1,1292.3,1,2,0,13,3,1,1,2,5,0,1,3,4,12,1,3
555,1,2,1,1294.04,0,5,5,12,1,2,1,1,17,0,2,3,9,2,0,3
556,2,1,0,1294.41,1,2,13,17,0,3,1,2,8,0,0,0,4,16,0,3
557,0,2,2,1294.93,1,4,12,18,4,0,1,0,12,2,1,2,4,8,0,3
558,2,1,2,1295.63,0,6,1,16,1,0,2,4,22,2,1,0,6,14,0,3
559,2,2,0,1295.87,0,6,8,5,0,0,0,0,4,2,1,0,1,2,1,3
560,2,0,0,1297.75,0,3,7,5,3,0,2,0,15,2,0,1,3,15,1,3
561,0,1,1,1298.85,0,2,11,4,2,0,0,0,16,2,1,3,10,12,0,3
562,1,0,0,1298.91,1,6,2,7,4,2,0,1,0,0,0,0,5,20,1,3
563,0,1,0,1299.18,0,1,12,10,5,2,0,1,7,0,2,1,6,3,1,3
564,2,1,0,1300.68,1,6,0,17,4,1,1,2,0,0,1,3,3,16,0,3
565,2,1,2,1301.13,0,1,6,2,1,2,2,4,12,0,0,2,4,8,1,3
566,2,2,0,1301.72,1,5,5,9,0,0,0,4,14,2,0,3,1,10,0,3
567,0,1,0,1302.34,0,3,9,18,3,0,1,1,2,2,1,0,13,16,0,3
568,1,1,1,1302.4,1,3,2,7,4,0,2,0,12,2,2,3,5,18,0,3
569,2,1,0,1304.35,1,3,13,6,1,0,2,0,6,2,0,2,4,10,1,3
570,0,0,2,1304.46,0,6,6,9,2,3,3,2,6,0,0,3,1,6,1,3
571,1,2,2,1304.67,1,5,1,0,2,0,1,4,5,2,1,1,4,6,0,3
572,0,0,2,1304.83,0,1,7,6,0,2,2,0,18,0,0,0,6,6,0,3
573,2,1,2,1305.26,1,4,4,16,5,2,0,1,18,0,1,3,2,3,1,3
574,1,0,2,1306.0,1,0,6,6,0,0,0,0,3,2,2,1,5,13,1,3
575,1,1,1,1306.78,1,4,9,18,2,2,2,0,22,0,1,0,12,0,0,3
576,1,1,0,1307.11,1,1,13,7,1,0,2,4,22,2,0,2,1,10,0,3
577,2,0,2,1307.68,0,4,2,7,0,2,0,4,10,0,1,2,8,0,1,3
578,1,2,0,1307.74,0,0,6,2,3,0,0,0,10,2,0,1,7,13,0,3
579,1,0,1,1310.71,0,5,4,11,5,2,2,0,23,0,0,1,12,8,0,3
580,0,2,0,1310.76,0,2,0,11,1,2,2,3,8,0,0,1,0,13,0,3
581,2,2,1,1310.8,0,5,2,13,4,2,1,1,20,0,0,1,6,11,0,3
582,2,0,1,1311.3,0,0,6,5,5,0,0,0,23,2,0,0,5,6,1,3
583,0,2,0,1312.22,1,2,13,6,2,0,1,3,15,2,0,3,7,15,1,3
584,2,0,2,1312.75,0,6,11,7,2,0,0,3,10,2,2,2,12,19,1,3
585,0,2,2,1313.33,0,6,13,15,0,0,0,0,3,2,1,3,9,9,1,3
586,0,1,2,1313.51,0,5,3,7,3,3,3,2,9,0,2,0,13,20,0,3
587,0,2,1,1313.64,0,1,8,2,4,1,3,2,3,0,1,0,1,2,0,3
588,0,2,0,1314.6,0,4,9,8,1,2,2,3,0,0,2,3,10,3,1,3
589,2,1,2,1315.56,0,6,13,18,1,3,1,4,14,0,0,0,7,8,0,3
590,0,0,0,1315.68,1,6,8,4,5,2,2,3,14,0,2,1,10,1,0,3
591,0,1,2,1316.63,0,5,6,9,4,0,1,3,13,2,2,0,2,14,0,3
592,1,0,2,1317.97,1,2,2,12,5,0,0,0,18,2,1,2,5,15,1,3
593,1,1,2,1318.06,1,2,3,18,5,3,3,2,13,0,0,3,13,7,0,3
594,0,2,2,1318.24,0,1,9,11,1,1,3,2,9,0,0,1,4,7,0,3
595,0,1,1,1319.81,1,2,6,19,0,0,1,4,14,3,1,0,12,11,0,3
596,2,2,0,1319.97,0,0,2,13,3,3,1,2,8,0,1,3,10,3,0,3
597,0,2,0,1320.39,0,0,1,19,1,2,0,0,16,0,2,1,6,1,1,3
598,0,2,2,1320.75,0,3,4,18,5,0,2,4,20,2,0,3,0,16,0,3
599,1,0,2,1322.1,1,2,9,9,3,1,1,4,4,0,1,3,12,10,0,3
600,0,1,2,1322.78,1,6,4,19,3,1,3,2,9,0,0,1,2,12,0,3
601,2,2,1,1324.78,0,6,9,1,1,2,0,4,6,0,2,2,13,2,1,3
602,2,1,1,1325.44,0,3,4,13,2,1,3,4,22,0,0,2,8,18,0,3
603,1,1,0,1326.0,0,0,9,1,5,2,2,1,13,0,1,2,8,14,0,3
604,2,1,2,1326.44,0,2,11,2,3,0,2,1,12,1,1,1,10,0,0,3
605,2,1,2,1326.62,1,4,7,3,3,0,1,1,19,2,0,3,9,3,0,3
606,0,0,1,1326.98,0,2,6,15,4,0,1,0,14,2,1,3,7,12,0,3
607,2,0,2,1327.41,0,0,5,16,2,2,2,3,0,0,0,0,11,17,0,3
608,1,0,1,1328.18,0,2,10,3,2,2,1,1,18,0,2,1,13,8,0,3
609,2,1,1,1328.26,1,5,11,8,1,2,2,4,17,0,1,1,11,16,0,3
610,2,0,0,1330.39,1,4,9,1,5,2,2,3,3,0,2,2,4,3,0,3
611,1,2,0,1330.46,0,2,6,17,5,0,2,4,5,2,0,0,11,13,0,3
612,1,0,2,1331.69,0,5,0,15,1,2,1,4,12,0,1,2,3,20,0,3
613,1,2,1,1331.94,0,5,4,0,1,2,2,3,17,0,0,2,10,9,0,3
614,2,2,1,1332.07,0,4,3,14,4,0,2,0,20,1,2,1,13,7,0,3
615,1,1,1,1333.35,1,6,9,2,0,0,1,4,0,2,0,0,9,17,0,3
616,1,1,2,1333.97,0,4,7,3,4,0,0,3,21,2,1,0,4,16,1,3
617,2,0,1,1334.15,1,2,2,15,1,2,0,3,15,0,2,0,8,0,1,3
618,1,2,0,1335.13,0,2,4,5,4,2,2,4,13,0,1,1,3,4,1,3
619,0,0,2,1337.28,1,3,2,15,0,0,0,4,10,2,2,2,5,11,1,3
620,2,1,0,1337.56,0,1,9,18,4,2,1,4,18,0,1,2,4,15,0,3
621,1,2,1,1337.92,0,6,1,3,1,0,1,0,4,2,2,2,11,17,0,3
622,1,0,1,1338.4,0,2,8,14,3,2,1,4,19,0,1,0,9,16,0,3
623,0,2,2,1338.5,0,6,6,1,2,2,0,1,1,0,0,0,10,5,1,3
624,2,0,0,1338.54,1,0,6,11,5,2,0,0,13,0,0,1,3,1,0,3
625,2,2,1,1338.55,1,6,10,2,3,0,2,4,10,2,2,2,12,19,0,3
626,0,1,0,1339.39,0,0,0,5,1,2,2,3,13,0,1,2,2,3,0,3
627,0,1,1,1340.24,1,2,10,5,3,0,1,4,8,2,1,0,4,0,1,3
628,2,1,2,1340.43,1,2,3,13,0,0,1,0,6,2,1,2,0,10,0,3
629,0,1,1,1340.56,0,3,6,9,1,2,1,1,19,0,0,2,10,13,0,3
630,2,1,0,1340.71,0,2,12,0,2,2,1,3,16,0,2,2,13,2,1,3
631,1,2,2,1341.24,0,4,4,16,5,0,1,0,18,2,0,1,6,8,0,3
632,1,0,1,1342.02,1,4,9,14,3,1,3,2,8,0,0,2,10,4,0,4
633,1,2,1,1342.72,1,0,6,4,5,2,2,3,21,0,1,2,6,8,0,4
634,0,0,0,1342.8,0,4,11,0,0,3,3,4,2,0,1,3,12,19,0,4
635,0,0,1,1343.0,1,5,5,4,2,2,1,3,12,0,0,0,2,0,0,4
636,1,1,0,1344.36,0,3,9,10,2,1,1,2,8,0,2,3,10,18,0,4
637,0,2,2,1344.56,1,0,6,10,0,3,3,4,7,0,1,2,0,4,0,4
638,1,0,2,1346.18,0,0,6,4,5,0,2,1,14,2,2,3,3,12,0,4
639,0,2,1,1346.27,1,5,4,6,1,2,2,0,11,0,0,2,2,18,0,4
640,1,2,1,1347.04,1,2,11,3,3,1,1,2,6,0,1,2,6,1,0,4
641,1,1,2,1347.31,0,3,10,7,4,0,1,0,1,2,2,3,1,0,0,4
642,0,0,2,1347.92,0,2,4,3,3,0,2,1,21,2,0,2,13,8,0,4
643,1,0,1,1348.32,0,0,2,6,5,3,3,4,3,0,2,1,3,18,1,4
644,0,2,0,1348.83,0,2,9,1,5,0,1,1,21,2,1,2,12,4,0,4
645,2,1,1,1351.1,0,6,12,3,4,0,0,1,19,2,0,2,10,8,1,4
646,0,2,0,1351.72,1,2,12,4,5,1,1,2,3,0,1,3,13,5,0,4
647,2,0,2,1352.31,1,1,4,1,5,2,0,1,22,0,0,3,2,11,1,4
648,0,1,2,1352.83,1,5,4,16,3,0,1,3,4,3,1,2,9,18,1,4
649,0,2,2,1353.33,1,0,0,18,1,0,1,4,9,2,2,0,5,12,0,4
650,1,1,1,1353.53,0,3,12,6,4,2,1,0,13,0,0,0,0,0,1,4
651,0,0,0,1354.2,0,1,0,3,5,0,1,3,4,3,0,0,9,11,0,4
652,1,2,1,1354.5,1,5,6,0,0,0,0,0,6,2,0,3,11,5,1,4
653,0,0,0,1354.83,1,4,12,17,0,0,1,4,14,1,2,2,13,15,0,4
654,2,0,0,1355.08,0,4,7,9,2,2,1,1,21,0,1,1,9,19,0,4
655,1,2,2,1356.64,1,5,6,9,1,0,2,4,21,2,0,3,12,8,0,4
656,0,2,2,1356.92,1,0,5,0,5,2,0,3,2,0,0,1,1,3,0,4
657,0,1,1,1358.03,1,3,11,5,3,2,2,3,0,0,2,1,13,13,1,4
658,0,0,0,1358.2,0,4,13,12,0,0,0,0,11,2,0,0,7,6,0,4
659,0,2,1,1358.91,1,5,2,7,4,3,3,4,4,0,0,2,11,2,0,4
660,1,2,0,1359.36,1,6,3,10,0,0,0,3,9,2,2,2,12,17,1,4
661,1,1,1,1361.16,0,5,13,6,1,2,1,0,23,0,2,0,0,10,1,4
662,0,2,1,1361.45,1,6,5,4,4,2,1,0,12,0,0,2,11,4,0,4
663,0,2,1,1362.29,1,2,4,19,4,0,1,0,18,2,0,0,10,4,0,4
664,1,1,0,1362.31,1,2,9,3,5,2,1,0,16,0,0,2,10,10,0,4
665,1,0,2,1362.64,0,3,3,6,5,2,2,3,11,0,1,3,11,14,1,4
666,1,0,0,1362.87,0,4,3,5,2,0,1,0,6,2,2,2,4,0,1,4
667,0,1,0,1362.87,0,3,3,13,3,2,1,3,6,0,2,0,2,12,0,4
668,1,1,0,1363.59,0,3,1,11,1,0,1,3,10,2,2,0,3,5,0,4
669,1,1,0,1363.77,0,5,12,8,0,2,2,4,12,0,2,3,0,14,0,4
670,2,1,0,1365.46,1,1,1,17,4,0,1,1,14,2,2,1,3,13,0,4
671,1,0,1,1366.39,1,2,10,8,2,0,0,3,22,2,2,1,10,0,0,4
672,1,1,0,1366.42,0,0,10,6,4,0,2,1,14,2,1,2,9,3,1,4
673,1,2,0,1366.6,0,4,6,11,2,0,1,1,10,2,2,1,3,13,0,4
674,0,1,2,1366.9,0,2,5,14,0,0,0,1,14,2,1,0,2,19,1,4
675,2,0,2,1367.68,0,4,5,1,4,2,2,4,13,0,0,3,8,17,0,4
676,0,0,0,1367.99,1,2,1,2,3,0,0,1,23,2,0,3,10,3,1,4
677,2,2,2,1368.57,0,4,12,13,2,0,0,4,18,2,2,2,0,8,0,4
678,0,1,2,1370.92,1,1,13,18,4,2,1,4,22,0,0,3,0,4,0,4
679,1,0,2,1371.78,1,3,4,14,2,0,0,3,10,2,0,2,1,20,1,4
680,0,2,1,1371.88,0,4,9,15,0,1,3,2,4,0,2,2,11,0,0,4
681,2,2,1,1372.18,1,2,3,3,1,0,2,3,22,2,1,3,2,14,0,4
682,2,0,1,1372.27,0,5,2,13,3,0,2,1,13,2,2,3,11,2,0,4
683,1,0,2,1373.21,1,1,0,17,4,0,2,4,10,2,0,0,7,17,0,4
684,2,2,0,1374.22,0,4,2,19,2,2,2,3,19,0,1,0,0,20,0,4
685,0,2,2,1374.22,0,6,6,3,2,2,1,4,16,0,0,3,11,7,0,4
686,1,2,2,1375.29,0,5,1,5,3,0,0,0,11,2,0,1,5,20,1,4
687,0,0,2,1376.16,0,6,12,10,3,0,0,4,10,2,2,1,11,18,1,4
688,2,2,1,1377.04,1,1,12,0,5,0,1,0,6,3,1,1,0,7,0,4
689,2,1,1,1377.23,0,5,1,11,4,0,1,3,1,2,2,1,9,2,0,4
690,2,2,1,1377.94,1,5,6,0,1,2,0,1,23,0,2,3,12,10,0,4
691,1,1,0,1379.93,1,4,1,0,0,0,0,3,6,2,0,2,1,7,1,4
692,2,1,0,1380.89,1,6,1,7,3,0,1,0,0,2,2,1,2,1,0,4
693,0,1,0,1381.14,0,1,7,4,5,0,1,3,10,2,0,3,2,16,0,4
694,0,1,0,1381.88,1,2,12,8,2,3,3,4,4,0,0,2,7,13,0,4
695,2,0,0,1382.88,1,3,12,6,2,2,1,4,11,0,1,1,3,16,1,4
696,0,0,1,1383.13,0,3,9,8,3,3,3,4,12,0,1,1,7,2,0,4
697,2,1,0,1383.49,0,5,1,3,2,0,1,4,4,2,2,3,11,1,0,4
698,0,0,1,1384.51,1,6,0,15,1,2,0,3,14,0,2,3,13,12,1,4
699,1,0,1,1384.64,0,0,12,2,4,2,2,4,16,0,2,3,7,17,1,4
700,1,1,0,1386.93,1,2,8,3,0,0,1,3,15,2,0,0,0,6,0,4
701,0,1,1,1387.35,1,3,13,13,1,2,1,1,16,0,2,2,2,3,0,4
702,2,2,1,1387.51,0,0,11,0,1,0,1,1,19,2,1,3,7,15,0,4
703,0,0,2,1387.7,0,2,8,16,2,2,1,4,19,0,2,1,3,0,0,4
704,2,1,2,1388.58,0,4,8,1,3,0,0,4,17,2,1,3,5,14,0,4
705,1,2,0,1388.62,0,3,11,15,0,2,1,3,10,0,1,0,8,0,0,4
706,1,0,0,1389.13,1,0,8,9,1,2,2,1,13,0,0,3,12,10,0,4
707,1,2,2,1389.13,1,3,7,1,5,3,1,2,6,0,0,2,8,20,0,4
708,0,2,1,1389.59,0,5,6,8,3,0,0,1,23,2,1,3,3,20,1,4
709,0,2,1,1389.86,0,0,8,10,0,0,2,3,23,1,2,3,10,16,0,4
710,2,1,1,1390.29,0,5,8,14,2,2,1,1,14,0,0,0,0,11,0,4
711,2,1,0,1390.72,1,5,12,13,2,1,3,2,6,0,2,1,9,16,0,4
712,0,1,0,1390.89,1,1,1,3,5,2,1,3,23,0,2,2,13,14,0,4
713,2,1,2,1391.63,1,0,11,18,0,2,2,3,23,0,0,3,8,5,0,4
714,1,0,0,1392.39,0,2,3,7,4,2,1,1,16,0,2,0,12,15,0,4
715,1,1,1,1393.34,1,2,3,3,2,0,1,0,20,2,1,3,1,7,0,4
716,2,1,1,1393.57,1,6,6,12,1,1,1,4,5,0,0,1,5,14,0,4
717,0,1,0,1394.43,0,5,7,16,1,2,0,0,7,0,0,1,9,4,1,4
718,1,2,0,1395.58,0,3,12,15,0,3,1,4,7,0,2,1,2,5,0,4
719,2,1,1,1395.77,0,4,10,5,3,0,0,3,13,2,1,3,10,17,1,4
720,0,0,2,1396.43,0,0,8,0,4,2,2,1,16,0,2,1,12,5,0,4
721,0,0,0,1396.83,0,5,7,15,0,0,0,0,0,3,0,3,2,12,0,4
722,0,2,2,1396.89,0,1,8,5,2,0,1,3,15,2,1,2,11,4,1,4
723,2,0,1,1397.0,1,2,6,15,1,2,1,3,6,0,1,0,0,2,0,4
724,1,1,1,1397.67,1,3,6,4,5,0,1,3,0,2,1,2,5,4,0,4
725,1,0,2,1398.46,1,0,11,16,2,2,1,0,14,0,0,2,1,9,0,4
726,0,2,0,1398.51,1,5,12,14,1,0,0,1,13,2,2,0,2,1,1,4
727,0,2,0,1398.94,1,1,2,3,0,2,1,0,11,0,1,2,11,8,0,4
728,1,2,0,1399.26,0,2,12,8,3,1,1,4,9,0,2,0,2,3,0,4
729,2,0,0,1399.27,1,1,9,10,5,2,2,1,22,0,0,0,5,9,0,4
730,0,2,2,1399.85,0,5,7,16,2,0,1,1,16,2,0,2,5,2,0,4
731,0,0,2,1400.74,1,1,11,0,2,0,0,4,23,2,0,2,7,18,0,4
732,0,1,0,1401.2,0,2,2,12,3,3,3,4,9,0,1,0,1,4,0,4
733,2,0,2,1402.75,1,3,3,8,0,0,1,4,10,2,2,1,7,11,0,4
734,2,0,0,1402.78,0,6,7,0,0,2,1,0,2,0,0,1,12,17,0,4
735,2,2,1,1403.9,0,6,4,7,3,0,2,4,16,1,1,2,6,20,0,4
736,1,1,0,1405.71,0,6,2,4,4,2,2,4,10,0,0,1,13,13,0,4
737,0,0,1,1405.99,0,0,11,19,5,0,1,0,18,2,1,0,2,10,0,4
738,0,0,1,1406.52,1,4,12,0,4,2,0,0,12,0,0,2,7,7,1,4
739,2,1,1,1406.91,1,4,2,17,0,2,0,4,5,0,1,2,10,9,1,4
740,2,1,2,1407.01,1,6,12,17,2,2,0,4,10,0,0,2,2,2,1,4
741,0,0,2,1409.06,1,2,9,19,0,2,1,4,0,0,2,2,0,10,0,4
742,2,0,0,1411.3,1,6,9,6,4,2,1,3,4,0,1,0,2,9,1,4
743,0,1,0,1411.43,1,5,1,3,3,2,0,0,17,0,2,1,6,19,0,4
744,1,2,1,1412.06,0,5,10,15,1,2,2,0,21,0,0,3,9,5,0,4
745,1,2,0,1412.31,1,2,8,2,4,3,3,4,6,0,1,3,7,10,0,4
746,1,2,0,1412.76,1,6,1,1,5,2,1,3,22,0,2,3,13,1,0,4
747,2,0,2,1413.14,0,6,11,2,3,0,1,4,7,2,2,3,4,12,0,4
748,1,2,1,1414.74,0,5,0,10,3,1,1,2,19,0,1,3,3,19,0,4
749,0,2,0,1415.68,1,6,9,19,3,2,2,1,17,0,0,1,1,4,0,4
750,0,1,2,1415.74,0,6,1,2,4,2,0,4,5,0,1,2,3,19,1,4
751,1,1,1,1416.08,0,3,2,19,2,2,1,0,16,0,0,3,6,9,0,4
752,0,2,0,1416.24,0,4,0,9,1,1,1,2,7,0,1,0,9,8,0,4
753,1,2,0,1418.5,0,2,1,19,2,0,1,4,23,2,0,0,4,17,0,4
754,1,2,2,1421.59,1,1,7,17,3,3,3,4,8,0,2,3,5,16,0,4
755,2,0,2,1422.21,0,0,5,14,4,2,0,0,21,0,2,1,11,10,1,4
756,2,1,1,1422.36,0,3,2,12,4,0,1,1,12,2,1,3,9,17,0,4
757,2,2,2,1422.56,0,4,9,18,0,3,1,2,7,0,1,2,0,18,0,4
758,0,2,1,1422.78,0,2,3,8,0,0,2,0,17,2,2,3,9,11,0,4
759,2,2,2,1422.95,1,3,13,3,0,0,0,3,15,2,1,3,9,8,0,4
760,1,0,1,1423.34,1,0,11,4,1,3,1,2,0,0,0,3,3,8,0,4
761,2,0,1,1425.54,0,2,13,3,2,0,2,0,22,2,2,0,5,15,0,4
762,1,0,1,1425.79,0,4,1,18,2,2,1,0,12,0,0,3,4,14,0,4
763,2,0,1,1427.14,0,0,12,11,2,1,1,4,3,0,1,1,12,13,0,4
764,0,0,0,1427.46,1,2,6,6,5,0,0,4,3,2,0,0,4,0,0,4
765,0,0,0,1429.96,0,3,10,2,0,0,1,0,11,2,1,2,12,10,0,4
766,2,2,0,1430.8,1,6,6,4,4,2,0,1,23,0,2,3,6,12,1,4
767,0,0,0,1433.24,0,1,3,19,1,0,2,1,11,2,2,1,10,11,1,4
768,2,0,1,1433.42,0,0,10,0,3,2,0,4,4,0,1,2,9,19,1,4
769,2,1,2,1434.27,0,0,12,17,4,2,0,3,13,0,2,3,9,7,0,4
770,2,2,0,1434.51,0,5,13,3,5,2,2,4,19,0,0,2,8,10,0,4
771,1,0,1,1435.09,0,1,6,3,1,2,2,4,17,0,2,0,3,0,0,4
772,0,0,1,1436.79,0,6,9,17,5,2,0,1,23,0,2,3,13,20,0,4
773,2,0,2,1437.33,0,0,2,12,5,2,1,3,13,0,1,3,2,5,0,4
774,0,1,1,1437.53,0,1,13,5,1,0,1,0,6,2,0,2,4,18,1,4
775,1,0,1,1437.88,0,1,13,15,0,2,2,1,3,0,2,0,3,8,0,4
776,0,0,1,1439.34,0,2,11,8,2,3,1,4,9,0,0,0,5,20,0,4
777,2,2,1,1439.9,0,0,9,18,0,0,2,3,2,1,1,2,0,9,0,4
778,2,1,2,1440.68,1,0,12,12,3,1,1,2,8,0,0,1,13,13,0,4
779,2,2,2,1441.06,0,5,1,12,0,2,2,4,18,0,2,3,4,10,0,4
780,0,0,1,1441.21,0,6,4,11,5,3,3,2,3,0,1,0,9,6,0,4
781,2,1,2,1441.6,0,4,11,11,3,0,1,3,21,2,0,0,7,3,0,4
782,0,0,0,1442.27,1,1,8,8,5,2,1,3,10,0,2,3,4,4,0,4
783,0,0,0,1442.99,0,6,7,9,3,2,2,4,21,0,1,1,12,17,0,4
784,2,1,2,1443.32,0,6,3,7,4,0,0,1,19,2,0,2,11,0,1,4
785,2,0,0,1446.98,1,4,0,17,3,0,1,0,11,2,2,0,10,11,0,4
786,1,2,2,1447.77,0,0,0,4,5,0,2,0,8,2,1,1,0,3,0,4
787,0,1,1,1447.78,1,1,10,2,5,0,2,3,15,2,1,0,4,6,0,4
788,1,2,0,1448.54,0,3,2,14,5,2,0,1,9,0,1,1,12,5,1,4
789,0,1,0,1448.84,0,5,6,3,0,1,3,4,7,0,0,1,12,20,0,5
790,1,0,0,1450.98,1,0,3,0,0,1,3,4,20,0,0,2,12,15,0,5
791,2,1,0,1451.01,0,1,7,8,3,2,1,0,17,0,2,2,7,17,0,5
792,1,1,0,1451.54,1,3,0,10,0,0,2,4,13,3,2,3,8,8,0,5
793,0,0,0,1451.62,1,0,12,11,1,2,1,0,19,0,2,2,2,15,0,5
794,2,1,0,1452.27,1,4,4,18,1,2,0,0,19,0,1,2,1,12,1,5
795,0,2,2,1453.61,1,3,2,19,2,2,0,3,10,0,0,3,3,17,1,5
796,1,2,2,1453.92,0,6,7,19,2,2,1,0,13,0,2,3,0,0,0,5
797,2,1,0,1453.95,0,6,1,3,1,0,2,1,17,2,0,3,1,15,0,5
798,1,2,1,1454.42,1,0,10,15,2,2,0,3,19,0,0,1,11,11,1,5
799,0,1,1,1454.43,0,4,10,19,0,0,2,3,17,2,2,3,0,7,0,5
800,1,0,0,1455.65,0,1,13,16,5,0,2,1,6,2,2,3,6,4,0,5
801,2,0,0,1457.21,0,3,0,10,3,2,2,0,6,0,2,0,11,8,0,5
802,2,0,1,1457.65,0,1,1,4,3,0,0,0,0,2,1,3,12,15,0,5
803,1,0,0,1459.5,1,4,8,12,1,1,1,2,6,0,1,3,11,5,0,5
804,2,1,2,1459.93,0,5,8,18,1,0,2,4,10,1,1,3,7,17,0,5
805,0,0,1,1459.96,0,2,0,15,5,0,2,0,15,2,0,1,10,4,0,5
806,2,1,0,1459.97,1,4,11,19,2,0,0,4,2,2,1,2,5,16,1,5
807,2,2,0,1459.99,0,4,7,5,5,2,0,1,8,0,1,2,0,16,0,5
808,1,0,2,1462.76,0,1,2,16,0,0,0,0,23,2,2,0,8,9,1,5
809,1,1,2,1463.07,1,4,1,16,3,3,3,4,3,0,1,1,7,6,1,5
810,1,0,0,1463.82,0,1,10,19,1,2,1,4,23,0,0,0,10,12,0,5
811,1,0,0,1463.95,0,3,11,16,3,0,2,4,20,2,0,0,4,8,0,5
812,1,0,1,1464.03,1,3,13,17,3,0,1,0,19,2,2,0,1,11,0,5
813,0,2,1,1464.42,0,2,3,9,0,2,0,0,1,0,2,0,10,0,0,5
814,1,1,1,1464.73,1,6,3,9,2,0,2,1,17,2,0,0,12,18,0,5
815,2,2,0,1467.76,0,4,12,10,3,2,2,0,8,0,1,3,12,5,0,5
816,0,2,1,1468.82,1,3,5,16,2,0,1,1,9,2,2,1,6,2,0,5
817,1,0,0,1469.75,0,3,11,15,1,2,1,1,0,0,0,0,13,17,0,5
818,0,1,2,1470.06,1,6,7,19,0,2,2,0,22,0,0,1,10,12,0,5
819,2,0,0,1471.24,0,5,4,4,3,0,1,4,4,2,2,2,4,2,0,5
820,2,2,2,1471.44,1,2,13,15,3,2,0,1,8,0,2,1,3,12,1,5
821,0,1,2,1472.43,1,4,12,1,0,0,0,0,3,2,1,3,13,9,0,5
822,1,0,2,1472.77,1,0,0,8,0,2,2,3,0,0,2,1,9,0,0,5
823,0,0,1,1474.17,0,1,12,8,4,2,0,4,13,0,1,0,10,9,0,5
824,2,2,1,1474.66,0,3,11,13,0,1,3,4,9,0,2,3,13,8,0,5
825,1,2,2,1475.73,0,2,5,4,3,0,0,4,8,2,2,0,9,19,0,5
826,0,2,0,1475.93,0,1,9,10,0,0,1,3,17,2,1,0,4,15,0,5
827,0,1,0,1479.48,1,5,9,3,4,2,0,3,15,0,1,3,4,13,1,5
828,2,2,0,1480.79,0,4,8,2,4,2,2,3,15,0,0,2,7,2,0,5
829,0,1,0,1482.14,0,0,13,15,0,0,2,3,15,2,2,1,11,8,0,5
830,1,0,2,1482.53,0,4,12,11,1,1,3,4,5,0,1,2,1,7,0,5
831,2,0,2,1482.57,1,4,8,15,0,2,1,1,7,0,0,1,12,10,0,5
832,1,0,1,1483.25,0,4,3,8,1,0,0,0,3,2,1,1,5,14,0,5
833,2,1,0,1483.91,1,1,6,9,0,0,0,0,17,2,0,1,13,18,1,5
834,2,0,1,1484.48,1,6,1,17,1,2,0,4,10,0,2,3,10,1,0,5
835,1,1,0,1484.72,0,2,12,9,0,1,3,2,4,0,0,1,10,3,0,5
836,2,1,2,1486.04,0,0,1,2,3,0,0,3,1,2,2,3,4,19,1,5
837,1,1,2,1488.02,0,3,10,8,2,3,1,4,9,0,1,3,3,15,0,5
838,1,2,0,1488.26,0,1,6,9,5,0,2,4,17,2,2,2,10,13,0,5
839,2,2,1,1489.24,0,3,7,11,5,3,1,2,15,0,2,2,10,9,0,5
840,2,2,0,1493.5,0,0,8,12,1,3,1,4,7,0,2,1,8,0,0,5
841,0,1,0,1495.06,0,5,9,14,4,0,2,1,18,2,2,0,8,16,0,5
842,2,2,0,1495.1,1,1,7,1,5,0,2,4,15,2,0,0,3,19,0,5
843,0,0,1,1496.44,0,2,12,4,4,1,3,4,9,0,2,2,6,18,0,5
844,0,1,0,1497.35,0,3,9,3,0,0,1,1,16,2,2,3,5,18,0,5
845,2,1,1,1497.41,1,6,6,11,0,0,1,0,17,2,2,0,5,1,0,5
846,0,2,0,1500.04,1,6,2,14,3,3,1,4,5,0,0,2,0,9,0,5
847,1,1,1,1503.21,1,4,7,6,0,2,2,0,1,0,2,1,12,18,0,5
848,1,0,2,1506.21,1,5,13,11,4,0,1,1,16,2,1,0,9,14,0,5
849,0,0,0,1508.12,1,6,2,1,5,0,0,3,0,2,2,1,7,20,1,5
850,1,1,0,1508.9,0,3,6,16,2,0,2,4,3,3,0,1,5,16,0,5
851,2,1,2,1509.04,0,0,9,3,0,2,2,0,9,0,2,3,10,12,0,5
852,2,0,2,1512.58,0,1,11,13,2,3,1,4,7,0,1,1,2,2,0,5
853,2,0,2,1514.72,1,2,13,2,3,0,0,1,13,2,0,1,11,12,0,5
854,2,0,1,1515.18,1,1,8,4,2,0,1,1,21,2,1,0,2,4,0,5
855,0,0,0,1515.3,0,2,6,10,1,0,2,0,21,2,1,0,8,10,0,5
856,1,0,0,1516.34,0,3,0,17,4,0,0,4,11,3,0,2,10,1,1,5
857,2,0,1,1517.54,1,3,8,4,3,0,0,4,16,2,2,0,2,16,0,5
858,0,1,1,1518.46,0,4,1,6,3,2,0,1,16,0,0,0,10,20,0,5
859,1,1,0,1518.54,0,4,2,11,1,2,2,0,10,0,1,1,5,6,0,5
860,2,0,1,1520.78,0,2,2,5,5,1,3,2,5,0,0,2,3,2,1,5
861,0,1,0,1521.55,0,0,8,14,2,2,0,1,18,0,1,3,4,8,1,5
862,0,0,1,1523.17,1,5,9,12,3,0,0,1,10,2,1,2,7,0,0,5
863,2,2,2,1524.18,1,3,2,15,4,0,1,1,20,2,1,0,10,4,0,5
864,2,1,1,1524.45,1,2,5,5,5,0,2,0,21,3,0,0,10,0,1,5
865,0,2,1,1524.45,0,5,7,9,0,0,1,3,17,2,0,2,9,11,0,5
866,1,0,1,1525.86,0,6,2,4,3,2,1,3,2,0,1,1,10,18,0,5
867,0,2,2,1526.11,0,5,11,8,4,2,1,4,12,0,2,3,3,0,0,5
868,0,2,1,1526.61,1,5,5,5,1,3,1,4,5,0,2,2,4,14,1,5
869,0,2,0,1527.95,1,6,3,10,2,0,0,3,15,3,0,1,4,7,0,5
870,1,0,1,1530.52,1,1,1,1,1,3,1,2,8,0,2,1,12,5,0,5
871,1,2,1,1532.47,0,0,12,9,2,2,0,1,7,0,0,3,4,17,1,5
872,0,0,0,1532.8,1,1,9,8,3,2,2,3,8,0,0,3,8,18,0,5
873,1,0,0,1533.07,1,3,4,8,3,2,0,4,13,0,1,2,5,6,0,5
874,1,0,0,1533.71,0,3,10,14,3,0,2,1,18,1,0,2,5,13,0,5
875,2,0,0,1537.07,1,3,12,5,5,2,2,3,11,0,1,0,3,9,1,5
876,0,2,2,1537.13,0,6,5,11,3,0,2,3,3,2,0,2,5,17,0,5
877,1,0,1,1537.33,0,1,5,2,0,0,1,4,11,2,1,1,7,13,0,5
878,2,0,1,1538.26,1,2,11,19,2,0,1,0,12,2,2,3,13,14,0,5
879,1,0,1,1538.6,0,4,7,11,5,2,1,1,12,0,0,0,5,9,0,5
880,0,2,2,1539.06,1,5,11,8,2,2,1,1,2,0,0,3,5,7,0,5
881,0,0,2,1540.19,0,1,0,16,2,2,0,3,20,0,2,0,3,6,1,5
882,2,1,1,1540.91,1,1,0,14,5,3,3,2,0,0,1,1,12,0,0,5
883,0,1,0,1543.68,0,5,9,13,1,2,0,4,17,0,0,1,1,6,1,5
884,2,0,2,1546.01,0,4,0,14,5,0,2,4,4,3,2,1,13,1,0,5
885,1,2,2,1550.53,0,4,1,7,3,1,3,2,20,0,0,1,1,3,0,5
886,2,2,2,1551.61,1,2,1,12,4,3,1,2,3,0,1,1,12,10,0,5
887,1,1,1,1554.64,1,6,10,2,3,2,0,3,21,0,1,0,6,14,1,5
888,2,1,2,1554.86,0,3,1,0,5,1,1,2,2,0,1,2,6,7,1,5
889,1,0,1,1555.52,0,4,6,10,3,2,0,0,11,0,1,1,8,4,0,5
890,0,0,1,1555.94,1,6,2,16,3,0,2,3,12,2,1,3,8,17,0,5
891,1,1,1,1556.17,1,1,9,15,5,2,0,0,20,0,1,3,0,1,1,5
892,1,0,1,1556.31,1,0,9,9,1,0,2,4,19,2,2,0,0,19,0,5
893,1,0,0,1558.29,0,5,10,15,4,3,3,4,5,0,1,2,10,5,0,5
894,0,0,1,1558.29,1,2,4,18,5,0,0,0,1,2,1,2,11,20,0,5
895,2,0,2,1558.86,1,4,7,7,5,2,1,4,2,0,2,2,2,17,0,5
896,1,0,1,1559.34,1,3,13,10,3,2,2,1,1,0,0,2,0,9,0,5
897,1,2,1,1561.41,0,2,5,1,0,0,1,4,5,2,1,3,8,17,0,5
898,1,1,1,1562.8,0,5,5,7,1,2,2,1,10,0,1,2,11,14,0,5
899,0,0,0,1564.43,0,4,9,12,4,2,1,1,18,0,2,2,7,18,0,5
900,2,0,2,1567.37,0,3,2,16,0,2,0,3,10,0,2,3,9,19,1,5
901,2,1,2,1568.47,0,2,1,19,4,2,0,1,7,0,2,0,12,4,0,5
902,1,1,1,1569.33,1,6,6,2,1,0,0,3,2,2,2,1,13,16,1,5
903,1,2,2,1570.77,1,3,0,13,1,3,1,2,13,0,0,3,8,14,0,5
904,2,0,1,1570.86,1,4,4,6,2,2,2,4,10,0,0,1,10,1,1,5
905,2,1,1,1573.93,1,1,7,12,2,0,1,4,20,2,0,2,11,15,0,5
906,0,2,1,1575.74,1,3,3,5,2,1,1,4,19,0,2,2,12,16,1,5
907,0,2,1,1575.86,0,6,7,17,3,3,3,4,3,0,1,1,1,9,0,5
908,2,1,1,1576.41,1,0,5,11,2,2,0,3,18,0,1,1,5,6,0,5
909,2,0,2,1578.54,1,0,5,5,0,2,1,1,18,0,1,3,9,1,0,5
910,0,1,0,1581.27,0,6,5,16,3,2,1,4,8,0,2,2,2,4,0,5
911,0,2,1,1583.91,1,0,11,2,4,3,1,2,20,0,0,1,0,14,0,5
912,1,1,2,1585.54,1,2,10,15,1,3,1,2,3,0,1,0,13,17,0,5
913,1,1,2,1586.41,0,2,11,18,2,2,0,4,10,0,1,3,2,15,1,5
914,2,1,2,1587.96,0,0,2,2,4,2,0,1,18,0,2,1,1,17,1,5
915,1,1,1,1588.22,1,3,6,4,2,0,2,3,15,2,1,1,3,12,0,5
916,2,2,0,1588.26,0,2,12,12,0,0,2,3,22,2,2,1,10,19,0,5
917,0,0,2,1588.55,1,4,10,18,4,2,2,3,8,0,0,0,11,6,0,5
918,2,1,2,1589.54,1,1,5,4,0,0,1,4,6,2,2,0,12,8,0,5
919,0,2,0,1592.41,1,5,9,19,0,2,2,0,22,0,2,3,7,1,0,5
920,1,1,0,1594.37,1,0,3,2,3,1,3,2,13,0,0,3,10,13,0,5
921,0,2,1,1594.45,1,2,5,3,0,0,2,1,17,1,2,3,10,11,0,5
922,1,0,2,1595.07,1,6,13,10,4,2,1,4,19,0,0,2,7,7,0,5
923,0,1,1,1595.28,0,1,10,8,2,0,0,0,23,2,0,0,13,12,0,5
924,2,2,1,1601.47,1,6,5,16,2,0,2,3,1,2,2,2,9,11,0,5
925,0,0,2,1603.42,0,2,11,18,5,2,2,1,17,0,0,2,12,10,0,5
926,1,1,0,1607.36,1,4,11,19,3,0,0,3,21,3,0,2,4,12,1,5
927,2,2,2,1608.34,0,0,4,15,3,2,0,3,19,0,1,1,10,15,0,5
928,2,0,2,1609.11,1,2,2,14,3,3,1,4,8,0,2,1,10,4,0,5
929,0,0,1,1609.67,1,1,0,19,5,2,0,0,22,0,1,3,7,9,1,5
930,0,1,0,1611.83,1,2,5,12,0,2,2,4,4,0,1,2,2,17,0,5
931,0,2,0,1612.43,0,4,7,19,3,2,2,1,2,0,2,1,2,20,0,5
932,2,2,2,1615.14,0,0,12,2,2,3,1,2,6,0,0,1,3,16,0,5
933,1,1,0,1616.26,1,2,3,19,4,0,2,0,0,2,2,3,4,9,0,5
934,1,1,2,1616.58,1,3,0,14,0,0,0,3,13,2,0,3,4,15,0,5
935,1,1,0,1616.65,1,4,0,12,4,0,2,1,0,2,0,3,7,4,0,5
936,1,1,2,1618.65,0,0,13,14,4,0,0,0,3,2,2,1,3,2,1,5
937,2,1,2,1620.89,0,2,5,12,2,3,1,4,7,0,2,0,12,20,0,5
938,2,1,1,1622.67,0,4,8,13,0,0,2,0,6,2,1,1,11,2,0,5
939,2,1,2,1624.82,1,6,3,1,4,2,1,0,16,0,1,1,2,11,0,5
940,0,2,0,1625.45,0,4,7,18,2,2,0,0,11,0,2,1,5,13,1,5
941,2,1,1,1625.65,1,1,4,16,0,2,0,0,10,0,1,3,4,11,0,5
942,2,1,2,1628.0,0,3,8,8,4,2,2,0,22,0,1,2,7,14,0,5
943,2,1,1,1629.94,0,5,8,16,2,1,3,2,17,0,0,1,4,19,0,6
944,0,0,1,1631.1,0,2,8,8,5,1,3,4,4,0,1,2,9,12,0,6
945,1,0,0,1632.93,0,1,13,9,1,0,1,1,7,2,2,0,8,7,0,6
946,2,1,2,1641.73,1,6,11,5,1,0,2,1,16,2,0,0,5,11,1,6
947,2,0,1,1648.0,1,3,13,0,1,2,2,3,17,0,1,0,0,5,0,6
948,2,1,2,1649.18,1,1,4,0,2,2,0,3,18,0,1,2,6,14,1,6
949,2,2,1,1653.32,0,1,7,3,2,2,1,0,3,0,2,0,11,14,0,6
950,2,1,2,1655.79,0,5,3,8,0,2,1,3,8,0,0,0,1,7,0,6
951,2,2,1,1664.66,0,0,8,9,3,2,2,0,3,0,0,3,1,15,0,6
952,0,1,1,1665.45,1,3,6,10,5,0,0,1,9,2,2,2,12,11,1,6
953,1,1,0,1667.83,1,3,9,13,0,1,1,4,4,0,1,1,7,10,0,6
954,1,0,0,1672.88,0,2,1,7,5,2,1,1,5,0,1,1,6,2,0,6
955,1,0,1,1677.26,1,1,11,19,3,3,3,4,7,0,1,3,13,18,0,6
956,0,1,2,1681.01,1,3,10,0,3,1,1,2,16,0,2,1,7,20,0,6
957,1,0,1,1685.69,0,2,10,10,5,2,2,4,23,0,2,2,7,0,0,6
958,0,1,2,1687.53,0,3,10,0,2,2,2,1,7,0,1,2,1,14,0,6
959,1,2,1,1690.27,0,0,10,10,1,2,0,1,11,0,0,3,4,11,1,6
960,0,0,0,1693.63,0,4,2,11,4,0,2,1,10,2,1,3,10,20,0,6
961,2,1,1,1693.83,1,2,10,14,2,2,1,4,6,0,1,0,6,8,0,6
962,0,2,0,1694.09,0,0,9,6,0,2,2,3,0,0,0,2,2,0,1,6
963,2,0,0,1698.51,1,3,7,7,4,0,2,1,18,2,2,1,13,6,0,6
964,1,0,0,1706.79,1,5,10,7,2,2,1,0,1,0,1,1,6,3,0,6
965,2,2,1,1711.72,0,3,12,0,5,0,0,1,21,2,2,2,3,7,1,6
966,2,2,2,1712.68,1,0,5,1,1,0,0,1,17,2,2,0,1,11,0,6
967,2,0,1,1722.5,1,2,7,0,5,2,0,3,22,0,0,2,7,0,0,6
968,2,1,0,1722.95,1,6,13,0,1,2,1,1,3,0,2,0,11,11,0,6
969,1,0,1,1724.09,1,6,2,19,3,0,1,4,23,2,0,0,3,19,0,6
970,1,1,2,1724.46,0,0,2,17,3,0,2,4,18,2,1,3,1,19,0,6
971,0,1,1,1726.91,1,2,7,1,3,3,3,2,14,0,0,0,1,4,0,6
972,1,2,1,1728.56,0,5,4,7,3,2,1,1,0,0,1,1,11,4,0,6
973,0,1,2,1730.49,1,1,13,10,1,0,1,1,13,2,2,0,10,0,0,6
974,2,1,0,1733.56,1,2,11,17,5,0,0,1,13,2,2,1,8,1,0,6
975,2,1,0,1734.09,0,4,0,4,1,1,3,2,6,0,0,3,0,11,0,6
976,1,1,0,1737.66,1,0,13,5,4,2,0,4,1,0,1,1,2,6,1,6
977,0,2,1,1740.57,0,1,4,9,5,2,0,4,3,0,0,1,4,16,0,6
978,2,0,1,1744.64,1,3,9,12,4,0,2,0,4,2,0,1,13,3,0,6
979,2,2,0,1757.21,1,2,9,0,5,0,1,1,12,2,1,0,5,12,0,6
980,2,2,0,1757.87,1,2,13,2,1,0,0,3,9,2,2,1,10,1,1,6
981,2,1,2,1767.02,1,3,6,10,0,2,2,0,7,0,1,1,1,2,0,6
982,1,2,0,1780.67,1,0,7,8,2,2,0,0,3,0,1,0,5,17,1,6
983,0,1,0,1793.16,1,0,12,8,5,2,1,1,23,0,2,2,3,14,0,6
984,0,1,2,1800.76,1,3,10,4,2,0,1,0,0,2,1,0,7,14,0,6
985,1,2,2,1827.38,1,0,8,14,2,3,3,4,9,0,1,3,1,3,0,6
986,0,0,1,1829.63,1,3,12,6,1,0,2,3,21,2,1,0,1,14,0,6
987,0,0,2,1836.02,1,5,13,12,3,2,0,0,5,0,2,1,13,16,1,6
988,2,2,0,1848.81,1,3,13,18,3,0,0,1,20,2,2,2,11,8,1,6
989,0,1,1,1851.78,0,2,2,8,2,2,2,1,13,0,1,0,1,7,0,6
990,0,1,1,1861.43,1,2,0,14,0,2,0,3,16,0,0,3,10,3,1,6
991,2,2,0,1863.04,0,0,8,13,1,2,2,1,0,0,2,1,8,0,0,6
992,2,1,0,1865.83,1,1,13,11,4,2,2,4,17,0,2,1,13,11,0,6
993,2,2,1,1878.44,1,2,7,9,0,2,2,1,2,0,0,0,3,8,0,6
994,2,1,2,1896.91,0,6,5,17,1,0,0,1,17,2,1,3,3,20,1,6
995,0,2,1,1922.84,0,2,6,16,5,2,2,4,0,0,2,1,7,7,0,6
996,1,0,0,1927.87,1,4,9,19,0,2,1,1,10,0,0,1,6,1,1,6
997,1,0,0,1935.85,1,5,6,15,3,2,0,0,7,0,2,3,8,9,1,6
998,0,2,0,1969.63,0,4,11,16,3,0,2,1,21,2,1,1,4,0,0,6
999,0,1,1,2047.59,0,4,4,7,2,2,1,3,2,0,0,3,0,5,0,6
