,policy_number,policy_bind_date,policy_state,policy_csl,policy_deductable,policy_annual_premium,umbrella_limit,insured_zip,insured_sex,insured_education_level,insured_occupation,insured_hobbies,insured_relationship,capital-gains,capital-loss,incident_date,incident_type,collision_type,incident_severity,authorities_contacted,incident_state,incident_city,incident_location,incident_hour_of_the_day,number_of_vehicles_involved,property_damage,bodily_injuries,witnesses,police_report_available,auto_make,auto_model,auto_year,fraud_reported,policy_annual_premium_AFTER
0,480,99,2,1,1,1406.91,1,486,1,4,2,17,0,187,353,17,2,3,0,4,4,1,996,5,0,2,1,2,2,10,1,9,1,4
1,257,684,1,1,2,1197.22,5,519,1,4,6,15,2,0,353,13,3,0,1,4,5,5,628,8,0,0,0,0,0,8,12,12,1,6
2,672,945,2,0,2,1413.14,5,6,0,6,11,2,3,63,353,45,0,2,1,4,1,1,685,7,2,1,2,3,1,4,30,12,0,4
3,140,604,0,1,2,1415.74,6,812,0,6,1,2,4,153,98,1,2,1,0,4,2,0,669,5,0,0,1,2,1,3,34,19,1,4
4,286,705,0,2,1,1583.91,6,850,1,0,11,2,4,265,211,39,3,0,1,2,1,0,220,20,0,1,0,1,1,0,31,14,0,1
5,2,91,2,1,1,1351.1,1,677,0,6,12,3,4,0,353,11,0,2,0,1,4,0,891,19,2,1,0,2,1,10,3,8,1,4
6,340,697,1,1,1,1333.35,1,158,1,6,9,2,0,0,29,4,0,1,1,4,1,6,539,0,2,0,0,0,0,9,29,17,0,4
7,359,388,0,0,1,1137.03,1,743,1,0,12,0,4,0,353,50,0,1,2,4,5,1,276,23,2,0,2,2,2,1,5,20,0,0
8,428,401,0,0,0,1442.99,1,726,0,6,7,9,3,0,353,23,2,1,2,4,6,0,429,21,0,1,1,1,2,12,9,17,0,4
9,619,759,0,0,0,1315.68,1,713,1,6,8,4,5,0,263,26,2,2,2,3,0,2,224,14,0,1,2,1,0,10,1,1,0,6
10,510,607,2,0,0,1253.12,4,426,0,5,3,7,2,85,353,27,2,1,2,4,1,3,61,22,0,2,2,2,0,5,14,7,0,6
11,122,614,2,0,2,1137.16,1,920,0,2,3,16,2,0,178,37,0,1,0,1,4,6,553,21,2,2,1,2,2,1,4,11,0,0
12,831,188,2,2,0,1215.36,3,34,1,4,10,15,5,0,353,14,2,2,2,0,4,3,633,9,0,2,1,0,1,10,3,5,0,6
13,605,126,2,0,1,936.61,1,460,0,4,1,3,5,182,300,29,1,0,1,2,4,6,622,5,0,1,1,1,1,12,18,15,0,5
14,627,287,2,1,2,1301.13,1,652,0,1,6,2,1,101,144,6,2,2,2,4,4,6,658,12,0,1,0,2,2,4,27,8,1,6
15,878,107,1,0,2,1131.4,1,378,0,4,13,12,2,205,353,21,0,3,0,3,6,2,953,12,3,2,0,0,1,0,23,4,1,0
16,528,709,2,2,1,1199.44,5,981,1,1,6,10,3,252,353,45,0,2,0,3,1,5,459,0,2,0,1,2,2,9,26,17,0,6
17,190,175,1,2,0,708.64,6,564,1,2,6,15,4,189,353,27,2,3,2,4,6,3,393,9,0,1,0,2,2,11,21,20,0,2
18,908,291,2,2,0,1374.22,1,582,0,4,2,19,2,130,273,10,2,3,2,3,1,4,319,19,0,2,1,0,1,0,33,20,0,4
19,50,820,1,2,2,1475.73,1,668,0,2,5,4,3,212,324,45,0,3,0,4,5,1,803,8,2,0,2,0,1,9,29,19,0,1
20,98,677,1,1,1,1187.96,4,966,1,3,7,3,3,0,353,0,0,2,1,4,1,1,486,20,2,1,1,0,0,11,19,16,0,6
21,365,207,0,2,2,875.15,1,174,0,0,6,16,3,139,353,32,0,3,2,4,4,0,889,15,2,0,1,2,0,0,31,1,0,5
22,205,608,0,0,2,972.18,1,197,1,2,9,13,2,302,64,2,0,2,0,0,4,2,164,20,2,1,0,0,2,11,15,5,1,5
23,17,407,1,0,2,1268.79,1,310,1,4,8,5,3,0,309,10,2,1,2,0,6,3,518,15,0,0,2,2,0,4,30,16,1,6
24,720,362,1,0,1,883.31,1,65,1,1,2,11,0,0,160,47,2,2,1,3,5,5,162,6,0,1,1,3,1,5,13,10,0,5
25,683,306,2,0,2,1266.92,1,894,1,5,11,14,3,0,353,30,0,2,0,3,2,0,262,16,2,1,1,3,2,5,13,11,1,6
26,846,914,1,0,2,1322.1,1,95,1,2,9,9,3,0,316,20,1,0,1,4,3,0,165,4,0,2,1,3,2,12,9,10,0,6
27,587,739,1,0,0,848.07,3,808,1,3,3,5,1,45,314,28,3,0,1,2,5,4,307,5,0,2,2,1,0,11,15,8,1,2
28,899,406,2,0,2,1291.7,1,840,0,3,11,11,1,0,143,29,2,3,1,3,4,3,244,21,0,1,1,0,2,4,27,14,0,6
29,565,476,0,2,2,1104.5,1,32,0,6,6,1,4,0,353,37,2,2,1,4,4,4,123,5,0,1,2,2,1,0,33,16,0,0
30,890,359,0,1,1,954.16,1,602,1,5,9,18,0,186,353,9,0,3,0,0,4,1,412,22,3,1,0,0,0,12,11,10,0,5
31,651,660,0,0,2,1337.28,8,848,1,3,2,15,0,31,353,51,0,3,0,4,6,5,900,10,2,1,2,2,0,5,14,11,1,4
32,251,795,0,2,1,1088.34,1,906,0,0,0,19,2,319,353,47,0,1,2,4,1,0,565,16,2,2,2,3,1,2,0,13,0,0
33,550,553,0,0,1,1558.29,1,588,1,2,4,18,5,170,90,30,0,1,0,0,1,2,823,1,2,1,1,2,0,11,19,20,0,1
34,987,8,0,2,0,1415.68,1,748,1,6,9,19,3,0,353,34,2,3,2,1,6,2,277,17,0,2,0,1,2,1,4,4,0,4
35,31,876,2,0,1,1334.15,6,691,1,2,2,15,1,187,190,16,2,1,0,3,6,6,233,15,0,2,2,0,2,8,7,0,1,4
36,108,488,0,0,1,988.45,1,1,0,5,10,4,4,0,353,30,2,2,2,4,1,4,445,3,0,0,1,1,2,11,15,9,1,5
37,924,389,0,2,2,1222.48,1,991,0,3,8,9,4,0,353,9,1,0,1,2,6,0,637,16,0,1,1,1,2,11,21,6,0,6
38,427,200,1,2,2,1155.55,1,928,0,4,2,3,4,264,353,13,0,2,0,4,1,2,332,4,2,0,2,0,0,7,36,12,0,0
39,979,760,1,1,0,1262.08,1,620,1,3,12,18,5,151,353,29,2,1,0,0,0,1,264,4,0,0,0,3,1,9,29,16,1,6
40,115,628,0,0,0,1451.62,1,345,1,0,12,11,1,0,142,22,2,2,1,0,6,1,427,19,0,1,2,2,0,2,22,15,0,4
41,592,858,1,1,0,1737.66,1,562,1,0,13,5,4,0,330,0,2,3,0,4,6,4,520,1,0,0,1,1,0,2,37,6,1,3
42,393,550,0,2,0,1475.93,1,154,0,1,9,10,0,0,68,7,0,3,1,3,4,6,245,17,2,2,1,0,1,4,30,15,0,1
43,775,502,2,1,0,538.17,1,54,0,6,13,15,3,159,112,32,2,2,2,3,0,0,635,23,0,1,2,2,1,8,12,10,0,2
44,7,304,0,0,2,1081.08,1,516,1,3,8,15,4,70,319,36,2,1,1,3,4,6,78,14,0,2,0,2,0,12,18,19,0,0
45,360,828,0,1,1,1454.43,1,386,0,4,10,19,0,0,353,44,0,2,2,3,1,0,360,17,2,1,2,3,0,0,23,7,0,4
46,495,72,1,0,0,1240.47,1,591,0,0,7,14,0,65,353,40,0,2,2,1,0,3,720,11,2,2,1,1,0,6,10,19,0,6
47,931,439,2,2,2,1273.7,4,50,1,1,7,11,0,0,353,1,0,1,0,1,6,0,879,19,2,1,2,1,1,1,4,8,1,6
48,852,70,1,2,1,1123.87,8,223,0,6,10,7,2,0,353,49,3,0,3,4,1,0,630,5,0,0,2,0,2,13,28,0,0,0
49,546,419,0,0,1,1245.89,1,72,0,5,3,12,5,0,255,0,2,2,2,3,6,6,557,19,0,1,0,0,0,8,7,5,0,6
50,678,2,2,1,2,1326.62,7,658,1,4,7,3,3,0,353,22,0,1,1,1,1,5,461,19,2,0,0,3,2,9,29,3,0,4
51,505,824,0,0,2,1073.83,1,842,0,3,4,14,0,0,353,8,3,0,3,2,1,0,139,4,0,0,1,2,0,2,22,13,0,0
52,319,661,1,0,1,1530.52,1,757,1,1,1,1,1,0,353,45,3,0,1,2,6,3,172,8,0,0,2,1,2,12,11,5,0,1
53,711,541,1,0,0,1201.41,1,103,0,3,8,12,0,331,208,19,0,3,0,4,0,1,719,7,2,2,1,0,0,11,15,4,0,6
54,197,812,2,1,1,1393.57,1,676,1,6,6,12,1,144,260,50,1,0,1,4,5,3,536,5,0,1,0,1,2,5,14,14,0,4
55,346,799,2,0,1,1276.57,1,513,1,6,2,16,1,297,353,27,2,2,1,1,1,0,646,3,0,2,1,2,1,3,32,0,0,6
56,487,191,1,1,0,1082.49,1,798,0,6,9,5,4,69,148,51,0,1,0,1,4,1,428,12,2,0,2,3,0,6,8,19,0,0
57,222,100,1,2,1,1414.74,1,462,0,5,0,10,3,0,353,45,1,0,1,2,5,5,488,19,0,1,1,3,1,3,32,19,0,4
58,602,591,0,1,2,1470.06,1,26,1,6,7,19,0,208,212,28,2,1,2,0,6,5,370,22,0,2,0,1,1,10,2,12,0,4
59,425,380,2,1,2,870.63,1,27,0,4,0,11,3,335,124,27,0,3,1,4,5,2,143,12,2,1,1,1,1,5,13,5,0,5
60,569,342,1,0,0,795.23,1,831,1,6,6,0,2,74,353,1,0,2,0,4,1,6,629,15,2,2,2,1,0,9,26,19,1,2
61,220,942,0,2,1,1168.2,1,308,1,3,5,1,0,285,353,33,0,3,2,3,2,6,717,23,2,1,0,3,1,6,6,2,0,0
62,258,636,0,2,1,993.51,1,532,1,2,1,3,4,0,187,3,2,3,1,3,6,2,281,12,0,1,0,3,2,2,22,16,0,5
63,478,134,2,2,0,1848.81,1,73,1,3,13,18,3,0,191,55,0,1,0,1,6,3,157,20,2,2,2,2,2,11,21,8,1,3
64,36,531,2,1,2,1641.73,5,268,1,6,11,5,1,247,353,12,0,2,2,1,5,5,22,16,2,1,0,0,1,5,13,11,1,1
65,246,249,1,0,0,1362.87,1,373,0,4,3,5,2,67,353,45,0,1,1,0,1,0,16,6,2,2,2,2,1,4,27,0,1,4
66,274,811,1,1,0,1239.22,7,650,0,2,12,13,1,116,3,23,2,3,1,1,4,6,918,12,0,2,0,1,1,1,5,14,1,6
67,262,823,2,1,0,835.02,1,736,0,0,0,15,4,230,353,42,0,3,1,1,6,2,838,17,2,1,1,1,1,2,38,3,0,2
68,453,335,2,0,1,1061.33,1,680,1,4,6,12,3,115,75,1,2,1,0,0,6,4,530,8,0,1,0,3,1,1,5,2,0,0
69,265,371,1,2,1,1279.08,1,264,1,4,7,11,3,0,173,50,1,0,1,2,0,5,758,13,0,1,0,1,0,5,14,9,0,6
70,430,807,2,0,0,1105.49,1,438,0,0,9,17,3,206,183,43,0,3,0,3,4,2,791,12,1,0,2,3,0,1,4,8,1,0
71,172,161,2,0,2,1055.53,1,165,0,4,1,6,1,80,182,57,2,1,2,3,6,4,653,7,0,1,0,2,1,6,10,0,1,0
72,643,299,2,1,1,895.83,1,302,0,0,11,13,0,0,353,33,2,2,1,0,0,0,148,10,0,1,1,2,1,3,25,4,0,5
73,752,289,1,0,0,1632.93,1,904,0,1,13,9,1,0,233,46,0,2,1,1,4,5,784,7,2,1,2,0,2,8,7,7,0,1
74,88,506,0,0,1,1405.99,1,598,0,0,11,19,5,0,353,59,0,3,1,0,5,6,419,18,2,2,1,0,2,2,38,10,0,4
75,19,363,2,0,1,1425.54,1,638,0,2,13,3,2,314,353,6,0,1,2,0,4,5,454,22,2,1,2,0,1,5,16,15,0,4
76,78,6,2,2,1,1038.09,1,655,0,1,5,9,0,0,339,5,0,1,1,1,1,6,120,18,2,1,1,1,2,11,21,3,0,0
77,492,504,1,1,0,1307.11,1,709,1,1,13,7,1,0,353,39,0,1,2,4,6,4,191,22,2,1,0,2,0,1,4,10,0,6
78,607,597,2,2,1,1489.24,6,818,0,3,7,11,5,0,218,16,3,0,1,2,4,6,780,15,0,2,2,2,2,10,3,9,0,1
79,194,128,2,2,0,976.67,1,574,0,6,5,14,4,0,353,13,2,2,0,1,4,4,617,16,0,0,1,2,0,2,22,18,1,5
80,422,86,2,1,2,1340.43,1,145,1,2,3,13,0,181,253,41,0,3,1,0,0,0,225,6,2,1,1,2,1,0,23,10,0,4
81,628,775,2,2,2,1267.81,5,742,0,5,3,18,5,0,353,22,3,0,3,2,0,4,681,10,0,0,2,1,0,0,33,10,0,6
82,679,349,0,1,1,1234.2,6,363,1,5,7,3,2,0,353,21,3,0,1,4,1,4,462,3,0,2,2,2,1,9,26,7,0,6
83,954,827,1,1,2,1318.06,1,962,1,2,3,18,5,214,19,10,3,0,3,2,5,2,149,13,0,1,0,3,2,13,20,7,0,6
84,448,582,1,2,2,769.95,1,782,1,5,9,12,1,0,223,10,0,3,0,0,1,2,0,16,1,0,2,3,1,1,4,18,1,2
85,451,125,2,0,2,1514.72,1,954,1,2,13,2,3,67,353,42,0,1,0,1,1,4,721,13,2,2,0,1,0,11,21,12,0,1
86,791,474,0,2,1,873.64,4,44,0,0,8,19,0,1,353,23,0,1,1,3,4,1,948,9,2,1,2,1,0,5,14,12,0,5
87,589,22,0,2,0,1612.43,1,349,0,4,7,19,3,70,353,29,2,3,2,1,5,6,122,2,0,0,2,1,2,2,0,20,0,1
88,662,804,0,2,2,1318.24,9,727,0,1,9,11,1,0,23,23,1,0,3,2,6,0,503,9,0,1,0,1,2,4,27,7,0,6
89,953,13,1,0,1,1226.83,1,809,0,1,3,8,1,0,139,28,0,3,0,3,4,1,698,12,2,2,2,0,0,0,23,16,1,6
90,670,317,2,1,2,1326.44,5,94,0,2,11,2,3,0,353,47,0,1,2,1,4,0,827,12,1,2,1,1,0,10,2,0,0,4
91,30,701,0,1,2,1136.83,4,569,0,0,12,8,3,0,98,42,2,3,0,4,1,1,31,14,0,1,0,3,0,6,6,9,1,0
92,903,139,0,1,2,1322.78,1,315,1,6,4,19,3,201,353,51,1,0,3,2,6,6,474,9,0,1,0,1,1,2,37,12,0,6
93,714,292,1,0,1,1483.25,1,469,0,4,3,8,1,333,336,58,0,1,0,0,0,5,11,3,2,1,1,1,0,5,16,14,0,1
94,223,437,0,0,0,1515.3,1,744,0,2,6,10,1,0,353,10,0,2,2,0,4,3,973,21,2,1,1,0,1,8,24,10,0,1
95,992,417,0,0,2,1075.18,5,714,0,6,1,8,0,277,125,44,3,0,1,2,2,4,252,5,0,1,2,0,2,12,18,6,0,0
96,883,402,1,2,1,1690.27,1,117,0,0,10,10,1,242,353,5,2,3,0,1,5,6,619,11,0,2,0,3,1,4,30,11,1,3
97,148,156,0,1,2,1352.83,1,468,1,5,4,16,3,0,49,14,0,2,1,3,4,2,75,4,3,2,1,2,2,9,29,18,1,4
98,725,651,2,1,1,1148.73,1,127,0,1,6,11,5,0,353,45,1,0,3,2,6,1,341,6,0,0,1,2,2,10,3,4,0,0
99,157,916,0,0,1,969.5,1,466,1,1,3,15,1,0,353,18,3,0,3,2,0,4,156,10,0,1,0,0,0,1,4,12,0,5
100,787,106,1,0,0,1463.82,1,258,0,1,10,19,1,0,45,16,2,2,1,4,4,3,757,23,0,2,0,0,0,10,1,12,0,4
101,107,864,0,0,1,1474.17,1,134,0,1,12,8,4,0,353,41,2,3,0,4,6,3,764,13,0,2,1,0,2,10,3,9,0,1
102,313,702,0,1,0,1497.35,1,409,0,3,9,3,0,76,307,21,0,1,1,1,0,4,129,16,2,0,2,3,1,5,16,18,0,1
103,750,454,2,0,1,1427.14,1,231,0,0,12,11,2,65,127,37,1,0,1,4,6,3,1,3,0,1,1,1,1,12,18,13,0,4
104,932,144,2,2,0,1495.1,1,836,1,1,7,1,5,164,353,34,0,3,2,4,4,3,352,15,2,1,0,0,0,3,25,19,0,1
105,858,639,0,0,0,1141.62,1,292,1,1,9,11,0,57,329,0,3,0,1,2,6,1,799,4,0,2,1,3,2,8,12,7,0,0
106,615,149,2,2,1,1125.37,1,765,0,0,9,1,0,0,137,4,0,2,0,4,5,3,422,6,2,0,0,2,2,10,3,5,1,0
107,200,286,1,2,2,1207.36,1,43,0,2,5,4,3,0,133,59,0,1,0,0,6,1,714,22,1,1,1,0,0,13,28,2,0,6
108,73,161,0,2,2,1338.5,1,969,0,6,6,1,2,35,353,42,2,1,0,1,1,4,145,1,0,0,0,0,0,10,2,5,1,4
109,840,681,1,2,1,1074.07,1,284,0,5,11,5,0,0,201,19,0,2,0,1,1,6,221,16,2,1,0,3,2,9,35,11,1,0
110,761,4,2,1,0,1337.56,1,776,0,1,9,18,4,0,353,3,2,2,1,4,4,5,469,18,0,0,1,2,2,4,30,15,0,4
111,54,440,1,0,0,1298.91,6,389,1,6,2,7,4,180,266,27,2,1,0,1,0,6,700,0,0,2,0,0,0,5,14,20,1,6
112,320,186,0,2,0,1222.75,1,41,1,2,3,14,2,0,249,23,0,2,2,3,6,1,46,12,2,0,2,0,1,2,37,6,0,6
113,977,619,1,0,1,1059.52,1,307,1,4,10,4,3,0,253,59,0,3,0,3,5,2,510,13,1,0,1,1,0,10,2,12,0,0
114,48,935,2,1,2,1124.38,1,957,1,0,1,15,2,0,353,47,3,0,1,2,5,4,397,9,0,2,1,1,2,5,14,6,0,0
115,631,487,1,0,1,1110.37,10,336,1,4,6,10,2,58,135,16,0,3,2,3,1,5,391,14,2,1,0,1,0,0,23,2,1,0
116,63,340,0,2,2,1374.22,1,563,0,6,6,3,2,245,95,49,2,2,1,4,4,2,804,16,0,1,0,3,1,11,21,7,0,4
117,242,863,2,2,2,1103.58,1,631,1,2,3,8,4,100,285,10,0,3,0,4,1,3,314,20,2,0,2,2,1,12,18,16,1,0
118,230,143,0,1,2,1269.76,1,510,0,6,13,19,1,122,353,8,2,2,1,1,1,2,400,4,0,1,1,3,2,5,16,20,0,6
119,498,521,2,1,0,964.79,8,407,0,0,0,4,0,219,353,43,0,2,1,4,1,0,71,7,2,0,0,1,0,2,0,15,0,5
120,288,74,0,2,2,1167.3,4,955,1,2,8,2,2,0,353,45,2,3,1,1,4,2,825,22,0,1,2,0,0,13,28,5,0,0
121,168,753,0,2,0,1625.45,4,804,0,4,7,18,2,0,158,15,2,1,0,0,1,4,124,11,0,1,2,1,1,5,16,13,1,1
122,65,364,0,1,0,1394.43,1,794,0,5,7,16,1,0,353,24,2,1,0,0,5,1,458,7,0,0,0,1,2,9,26,4,1,4
123,813,426,2,1,2,1053.24,1,749,0,1,9,12,2,168,353,26,0,1,2,3,0,0,733,0,3,2,1,0,1,0,23,0,0,0
124,694,825,0,0,0,1040.75,1,215,0,3,9,13,1,0,353,52,2,2,2,0,6,3,138,1,0,2,1,1,0,2,37,16,0,0
125,962,762,1,1,1,1302.4,6,756,1,3,2,7,4,141,59,39,0,2,2,0,1,2,67,12,2,1,2,3,2,5,13,18,0,6
126,342,234,0,0,2,1588.55,1,79,1,4,10,18,4,230,305,30,2,3,2,3,6,1,760,8,0,1,0,0,0,11,19,6,0,1
127,358,698,1,2,0,1399.26,1,855,0,2,12,8,3,291,353,57,1,0,1,4,3,4,19,9,0,0,2,0,0,2,22,3,0,4
128,477,579,2,0,2,1352.31,1,475,1,1,4,1,5,98,203,55,2,1,0,1,1,3,892,22,0,2,0,3,2,2,37,11,1,4
129,410,902,0,1,1,1139.0,6,951,0,5,11,17,0,107,353,5,0,1,0,1,4,3,763,0,2,0,1,2,0,10,1,5,1,0
130,695,727,1,1,1,1397.67,1,810,1,3,6,4,5,218,353,14,0,1,1,3,1,0,899,0,2,2,1,2,1,5,13,4,0,4
131,598,761,1,1,0,823.17,1,340,1,5,0,13,3,0,353,46,0,1,0,3,6,1,8,3,2,0,2,2,1,4,30,17,0,2
132,593,103,2,0,0,965.13,1,272,0,5,12,8,4,233,150,45,0,1,0,0,0,0,192,21,2,0,0,1,0,9,29,18,0,5
133,634,20,0,2,1,1922.84,1,17,0,2,6,16,5,0,216,16,2,3,2,4,6,3,456,0,0,0,2,1,1,7,36,7,0,3
134,373,937,2,1,2,1624.82,1,330,1,6,3,1,4,261,80,58,2,3,1,0,6,3,442,16,0,0,1,1,0,2,0,11,0,1
135,960,357,1,1,2,1277.25,1,777,0,1,3,19,2,329,353,10,2,2,0,4,1,6,853,14,0,1,1,2,0,13,28,1,1,6
136,923,577,0,0,1,1439.34,1,208,0,2,11,8,2,128,337,0,3,0,1,4,5,5,169,9,0,0,0,0,1,5,13,20,0,4
137,369,404,0,1,1,1281.27,1,237,0,6,12,9,1,284,353,28,0,2,1,1,4,6,756,9,2,1,0,3,0,2,37,15,0,6
138,925,794,0,2,0,1348.83,1,618,0,2,9,1,5,136,28,31,0,2,1,1,0,6,936,21,2,0,1,2,2,12,9,4,0,4
139,743,700,0,1,1,1198.15,1,242,0,4,7,10,1,0,232,44,0,1,2,3,5,6,797,19,2,1,0,2,2,2,37,0,0,6
140,665,485,2,0,2,1221.22,1,291,1,5,6,4,2,310,353,13,2,2,2,4,1,3,598,2,0,2,0,1,0,8,12,13,0,6
141,397,463,0,2,2,968.74,1,664,1,5,13,18,5,0,191,10,3,0,3,2,4,4,502,9,0,0,2,3,0,11,15,6,0,5
142,43,634,1,1,1,1220.71,1,750,1,6,6,18,3,224,319,50,1,0,1,2,4,3,908,5,0,0,2,1,2,3,32,18,0,6
143,270,707,1,1,2,1238.62,6,450,1,4,3,19,2,0,138,36,2,2,0,0,4,6,841,14,0,0,2,3,0,0,23,17,1,6
144,76,338,0,2,2,1320.75,1,150,0,3,4,18,5,193,353,31,0,2,2,4,6,6,586,20,2,0,0,3,2,0,23,16,0,6
145,471,177,2,0,0,990.98,1,541,0,0,3,6,5,0,128,42,2,1,0,4,0,4,56,18,0,2,2,1,0,0,33,7,1,5
146,783,121,0,2,0,1398.51,4,585,1,5,12,14,1,0,132,31,0,3,0,1,0,3,411,13,2,0,2,0,1,2,38,1,1,4
147,322,232,2,0,0,1355.08,1,910,0,4,7,9,2,220,353,10,2,1,1,1,6,4,131,21,0,0,1,1,0,9,29,19,0,4
148,24,918,0,0,1,1384.51,1,653,1,6,0,15,1,6,271,40,2,2,0,3,4,6,946,14,0,1,2,3,0,13,20,12,1,4
149,127,729,2,1,0,847.03,1,113,0,3,2,16,1,0,353,57,2,3,0,3,4,6,489,1,0,0,1,0,2,11,19,16,1,2
150,111,710,2,0,1,1000.06,1,143,0,6,4,0,5,0,353,30,2,3,2,3,1,1,684,17,0,0,1,0,0,1,4,19,0,5
151,532,147,0,0,1,1046.71,1,939,1,5,8,14,0,0,353,50,0,2,0,1,0,2,843,4,2,0,2,1,0,8,7,14,0,0
152,887,722,1,1,0,1158.03,1,60,1,2,3,11,3,48,220,29,0,2,2,4,1,5,740,23,2,2,1,3,2,13,20,11,1,0
153,344,159,2,0,1,1372.27,1,90,0,5,2,13,3,10,353,29,0,2,2,1,6,1,42,13,2,1,2,3,0,11,15,2,0,4
154,541,671,2,0,1,1053.04,7,974,0,5,7,15,3,175,221,47,0,2,1,0,0,4,509,20,2,1,1,3,0,10,2,18,1,0
155,25,360,2,0,1,1275.39,1,492,1,0,11,3,2,0,353,34,2,1,0,4,1,5,806,16,0,2,2,3,1,1,5,1,1,6
156,766,683,2,0,2,1402.75,1,263,1,3,3,8,0,0,353,40,0,2,1,4,1,1,366,10,2,0,2,1,2,7,36,11,0,4
157,218,935,1,1,0,1344.36,7,603,0,3,9,10,2,0,353,55,1,0,1,2,6,3,593,8,0,0,2,3,1,10,1,18,0,4
158,556,581,1,0,1,1197.71,1,553,1,5,6,12,1,37,353,36,0,1,2,0,6,6,304,17,2,0,2,0,0,11,21,18,0,6
159,841,546,2,0,0,1203.24,1,710,0,3,13,18,2,248,71,54,3,0,1,4,1,1,62,9,0,0,2,0,0,6,6,4,0,6
160,395,157,1,2,1,1152.4,1,929,0,0,8,15,4,93,14,17,1,0,1,4,5,6,76,0,0,2,2,3,0,8,12,19,0,0
161,42,755,1,2,2,1142.62,7,636,0,4,4,7,1,0,156,7,2,1,2,0,4,4,728,12,0,0,2,0,0,3,32,2,0,0
162,661,370,2,2,1,1332.07,1,838,0,4,3,14,4,159,120,20,0,3,2,0,1,2,88,20,1,1,2,1,2,13,28,7,0,4
163,263,892,2,2,1,1166.54,1,699,0,5,9,17,1,145,119,13,2,1,0,1,4,0,931,3,0,2,2,0,1,4,27,2,1,0
164,982,881,0,1,0,1495.06,1,296,0,5,9,14,4,83,308,28,0,2,2,1,3,1,183,18,2,1,2,0,2,8,12,16,0,1
165,150,301,1,2,1,1337.92,1,153,0,6,1,3,1,296,353,46,0,3,1,0,6,1,750,4,2,1,2,2,2,11,21,17,0,4
166,249,749,2,1,2,1587.96,1,724,0,0,2,2,4,0,325,36,2,2,0,1,6,5,894,18,0,0,2,1,2,1,5,17,1,1
167,440,770,0,2,1,1362.29,1,176,1,2,4,19,4,0,177,50,0,1,1,0,1,3,433,18,2,1,0,0,1,10,3,4,0,4
168,44,464,0,1,0,1448.84,1,13,0,5,6,3,0,0,183,44,1,0,3,4,4,2,767,7,0,0,0,1,1,12,18,20,0,4
169,956,435,1,1,2,1241.97,1,0,1,2,7,12,1,308,353,26,1,0,1,2,1,2,859,18,0,1,1,0,1,7,36,16,0,6
170,911,599,0,1,0,1124.6,1,870,1,0,1,10,1,0,353,23,0,2,1,4,1,0,447,23,2,2,0,0,0,7,36,11,0,0
171,208,196,2,1,2,1079.92,1,12,1,2,6,10,0,332,353,49,2,2,2,0,3,5,730,1,0,0,0,1,2,13,20,12,1,0
172,62,52,0,1,1,1447.78,1,515,1,1,10,2,5,63,114,1,0,2,2,3,4,0,854,15,2,2,1,0,0,4,27,6,0,4
173,354,336,1,1,0,1229.16,4,769,0,4,13,11,5,0,8,46,0,1,0,1,3,2,915,2,2,0,0,2,2,13,20,19,0,6
174,417,803,0,0,1,1226.49,1,400,0,6,4,11,4,191,353,54,3,0,3,2,6,5,548,3,0,1,0,1,1,5,16,7,0,6
175,632,481,1,0,2,897.89,6,967,1,4,12,2,5,0,246,13,2,2,1,3,3,2,389,13,0,0,1,0,2,7,36,16,0,5
176,900,928,1,0,0,1706.79,1,429,1,5,10,7,2,0,353,28,2,1,1,0,2,2,966,1,0,1,1,1,2,6,10,3,0,3
177,162,648,0,1,1,1254.18,1,359,0,6,9,11,2,0,217,2,2,2,1,1,4,1,558,16,0,2,0,1,0,13,20,8,0,6
178,51,894,1,2,0,885.08,1,397,0,5,1,16,2,29,121,55,2,1,2,3,6,3,347,0,0,2,0,1,1,3,25,3,0,5
179,637,71,0,0,0,1046.58,4,67,1,4,12,8,5,0,307,16,3,0,3,2,1,2,576,1,0,0,2,1,1,3,32,15,0,0
180,27,893,2,2,2,1712.68,1,898,1,0,5,1,1,299,353,40,0,3,0,1,5,5,343,17,2,0,2,0,2,1,4,11,0,3
181,326,120,0,2,2,1097.71,1,779,0,5,0,15,1,39,332,3,2,3,1,4,4,6,890,13,0,2,2,3,0,4,27,2,0,0
182,469,62,1,1,0,1363.77,4,764,0,5,12,8,0,168,353,8,2,3,2,4,5,6,976,12,0,2,2,3,1,0,31,14,0,4
183,318,89,2,0,0,1382.88,7,66,1,3,12,6,2,0,313,3,2,2,1,4,4,3,142,11,0,0,1,1,2,3,25,16,1,4
184,910,374,2,0,1,1141.35,7,649,1,5,2,17,1,0,353,27,2,1,0,0,1,3,289,18,0,0,0,2,1,8,7,18,0,0
185,384,786,2,2,0,1054.83,7,230,1,3,12,6,0,0,175,48,2,1,2,1,1,3,842,17,0,2,2,3,1,8,7,12,1,0
186,137,34,0,0,2,1057.77,1,662,0,3,12,3,4,0,129,38,0,1,2,0,0,5,114,22,2,0,1,1,1,1,4,14,0,0
187,38,312,1,1,2,1488.02,1,705,0,3,10,8,2,0,264,48,3,0,1,4,1,4,490,9,0,2,1,3,2,3,34,15,0,1
188,486,375,1,0,0,920.3,5,423,0,2,12,10,3,167,66,44,0,2,0,3,6,2,971,11,2,0,1,0,0,6,10,8,1,5
189,375,179,2,2,1,986.53,1,594,0,2,0,14,2,249,353,38,2,2,2,0,5,1,773,11,0,1,0,2,2,6,8,12,0,5
190,214,509,2,1,2,1440.68,1,173,1,0,12,12,3,22,353,58,1,0,1,2,4,5,96,8,0,2,0,1,2,13,28,13,0,4
191,854,403,1,1,1,1086.21,1,335,1,3,4,10,4,281,131,35,2,3,1,4,4,6,161,18,0,0,1,2,0,9,26,6,0,0
192,815,114,2,0,2,1367.68,1,876,0,4,5,1,4,0,353,2,2,1,2,4,4,0,668,13,0,1,0,3,1,8,7,17,0,4
193,865,0,2,2,1,1215.85,1,333,1,2,7,10,0,111,5,11,3,0,1,4,5,2,573,8,0,2,1,1,2,9,26,20,0,6
194,904,554,0,1,2,1191.19,4,533,1,4,4,1,1,38,353,34,0,2,2,3,5,4,287,9,2,0,0,1,2,3,34,8,0,6
195,120,784,0,2,1,1594.45,1,306,1,2,5,3,0,0,353,54,0,3,2,1,0,1,533,17,1,2,2,3,1,10,3,11,0,1
196,575,14,1,1,2,1463.07,1,921,1,4,1,16,3,0,353,16,3,0,3,4,6,6,438,3,0,0,1,1,1,7,17,6,1,4
197,972,512,2,1,0,1734.09,1,285,0,4,0,4,1,0,353,3,1,0,3,2,6,0,441,6,0,2,0,3,0,0,23,11,0,3
198,611,239,0,1,0,1411.43,1,467,1,5,1,3,3,127,300,7,2,1,0,0,1,5,955,17,0,2,2,1,1,6,10,19,0,4
199,85,228,2,0,2,1512.58,1,300,0,1,11,13,2,144,353,4,3,0,1,4,4,0,857,7,0,0,1,1,0,2,0,2,0,1
200,158,663,0,1,2,1153.35,1,8,1,6,2,9,1,0,353,42,3,0,3,4,1,2,282,9,0,1,2,1,2,11,19,16,0,0
201,459,558,2,1,0,1722.95,1,592,1,6,13,0,1,251,346,51,2,2,1,1,6,2,571,3,0,0,2,0,2,11,21,11,0,3
202,639,536,1,1,2,1281.07,7,819,0,2,10,2,4,0,353,9,1,0,3,4,1,6,349,6,0,1,0,2,1,3,25,20,0,6
203,553,693,0,0,0,1011.92,1,518,1,6,6,13,5,0,353,37,0,2,0,1,4,5,270,7,2,2,0,3,0,3,34,14,0,5
204,880,696,0,1,2,1042.26,1,451,1,3,11,11,0,0,353,24,0,2,2,0,6,3,555,21,2,1,1,2,0,10,2,0,0,0
205,636,632,2,2,0,1235.1,1,506,0,5,12,8,1,269,293,32,2,2,1,4,4,6,913,14,0,1,2,1,1,2,22,16,0,6
206,513,791,2,0,2,768.91,1,191,0,1,11,5,2,0,263,49,2,2,2,1,4,1,300,0,0,0,1,0,1,5,14,4,1,2
207,567,915,2,2,0,1301.72,1,159,1,5,5,9,0,0,353,48,0,3,0,4,5,6,748,14,2,0,0,3,2,1,4,10,0,6
208,371,217,1,1,0,1451.54,3,608,1,3,0,10,0,0,353,29,0,3,2,4,4,5,237,13,3,1,2,3,1,8,7,8,0,4
209,724,240,1,1,0,767.14,1,490,1,0,11,15,1,23,280,5,1,0,3,4,6,1,256,8,0,1,0,1,1,11,21,7,0,2
210,357,73,2,1,2,1620.89,1,543,0,2,5,12,2,0,353,52,3,0,1,4,0,2,847,7,0,1,2,0,1,12,11,20,0,1
211,130,867,1,2,2,1048.46,1,501,1,2,8,16,1,232,353,26,3,0,3,2,2,1,323,9,0,0,1,2,0,4,30,4,0,0
212,533,405,2,0,1,1538.26,6,917,1,2,11,19,2,246,308,16,0,3,1,0,1,5,980,12,2,2,2,3,2,13,28,14,0,1
213,730,567,2,2,2,1217.69,1,131,0,4,9,15,5,19,353,18,0,3,0,3,4,6,912,6,2,0,1,0,0,4,27,9,1,6
214,578,351,1,0,2,1362.64,5,270,0,3,3,6,5,0,353,13,2,3,2,3,0,1,260,11,0,2,1,3,0,11,21,14,1,4
215,464,758,2,0,1,1279.13,1,914,1,6,2,3,2,0,353,55,0,3,1,0,0,6,240,5,2,0,1,2,2,1,4,11,1,6
216,558,452,0,0,2,924.72,1,102,0,2,6,0,4,0,353,28,2,1,1,1,1,1,566,14,0,1,2,2,1,1,5,13,0,5
217,965,458,2,1,1,1019.44,1,98,1,5,13,19,1,0,259,32,3,0,3,2,0,6,974,17,0,0,2,1,1,2,37,9,0,5
218,87,659,0,2,0,1314.6,1,370,0,4,9,8,1,21,353,46,2,2,2,3,6,2,863,0,0,0,2,3,0,10,1,3,1,6
219,496,645,2,0,1,1515.18,6,186,1,1,8,4,2,0,353,30,0,3,1,1,4,4,983,21,2,1,1,0,1,2,38,4,0,1
220,933,716,2,1,2,1649.18,1,885,1,1,4,0,2,0,123,45,2,1,0,3,1,2,497,18,0,2,1,2,2,6,10,14,1,1
221,383,195,2,1,0,1451.01,1,412,0,1,7,8,3,146,353,44,2,1,1,0,1,6,115,17,0,1,2,2,1,7,17,17,0,4
222,285,289,0,2,1,978.46,1,15,0,2,11,19,0,0,353,53,2,3,2,1,1,2,631,19,0,2,0,0,1,3,32,0,0,5
223,16,0,0,1,0,1198.34,4,978,1,0,11,2,5,184,43,28,0,3,2,1,1,1,851,17,2,0,1,1,1,8,12,0,0,6
224,857,589,1,0,2,1003.23,1,557,0,0,12,11,1,0,353,8,0,3,0,1,5,0,440,23,2,0,0,3,2,0,23,13,0,5
225,184,843,1,2,2,1212.0,1,987,1,5,3,1,4,20,109,20,2,1,2,0,1,6,754,4,0,2,0,1,2,7,36,4,0,6
226,727,88,0,1,1,1242.96,7,266,0,2,7,13,3,0,276,45,0,2,1,3,1,5,537,2,1,2,2,0,0,0,31,15,0,6
227,609,27,0,2,1,1053.02,1,734,0,0,9,3,1,0,353,38,2,1,0,3,1,0,708,2,0,0,0,2,1,12,11,10,1,0
228,827,911,0,0,0,1693.63,1,299,0,4,2,11,4,0,90,39,0,1,2,1,6,2,513,10,2,2,1,3,1,10,2,20,0,3
229,153,51,0,1,1,2047.59,1,121,0,4,4,7,2,0,67,30,2,2,1,3,4,1,957,2,0,0,0,3,1,0,23,5,0,3
230,332,140,2,0,1,1083.72,1,949,0,2,6,0,5,263,64,58,2,3,2,3,1,1,278,18,0,1,0,2,2,6,8,10,0,0
231,652,593,2,2,1,1138.42,6,669,1,3,9,7,3,74,148,38,2,3,1,4,4,0,477,18,0,1,2,3,2,13,28,10,0,0
232,465,920,1,1,0,1072.62,1,211,0,5,6,8,0,94,112,40,0,3,2,3,6,6,288,7,3,0,2,1,2,12,18,11,0,0
233,416,907,0,0,2,1219.04,1,348,1,4,5,13,3,252,63,2,0,2,0,4,2,2,709,19,2,0,2,0,1,9,29,4,0,6
234,717,845,1,0,2,1371.78,1,290,1,3,4,14,2,0,302,53,0,1,0,3,3,5,167,10,2,0,0,2,2,1,5,20,1,4
235,443,396,1,0,2,1506.21,1,317,1,5,13,11,4,0,328,14,0,3,1,1,1,5,413,16,2,1,1,0,0,9,35,14,0,1
236,33,754,1,0,1,1058.21,3,964,1,3,2,9,4,0,353,1,2,1,2,1,1,0,153,17,0,2,1,1,1,4,30,4,0,0
237,173,446,0,2,2,932.14,1,865,1,4,11,6,3,97,353,1,0,2,2,1,4,1,23,2,2,1,2,3,1,1,4,1,1,5
238,195,623,2,2,2,1608.34,1,503,0,0,4,15,3,53,349,38,2,3,0,3,1,6,820,19,0,0,1,1,0,10,1,15,0,1
239,882,873,1,2,1,1728.56,1,953,0,5,4,7,3,192,353,57,2,1,1,1,6,4,601,0,0,2,1,1,0,11,21,4,0,3
240,514,940,0,1,1,1518.46,1,790,0,4,1,6,3,0,353,18,2,1,0,1,4,5,130,16,0,0,0,0,2,10,1,20,0,1
241,573,65,0,0,2,1540.19,1,449,0,1,0,16,2,0,35,31,2,1,0,3,5,1,500,20,0,2,2,0,1,3,32,6,1,1
242,316,46,2,2,2,965.21,1,846,0,3,3,4,2,74,158,42,1,0,3,2,4,2,826,10,0,0,2,1,2,9,35,6,0,5
243,610,95,0,0,2,1278.75,1,416,0,1,12,13,3,186,157,55,0,2,2,0,1,5,125,21,2,0,2,2,1,4,30,17,0,6
244,117,214,2,1,1,773.99,1,377,1,0,1,2,2,0,56,0,3,0,3,2,3,6,592,3,0,2,1,2,1,8,12,19,0,2
245,468,97,1,2,1,1532.47,1,301,0,0,12,9,2,236,327,10,2,2,0,1,1,0,977,7,0,2,0,3,2,4,30,17,1,1
246,99,598,0,1,1,1340.56,1,47,0,3,6,9,1,0,353,8,2,3,1,1,1,3,898,19,0,2,0,2,2,10,1,13,0,4
247,102,272,2,0,0,1297.75,4,283,0,3,7,5,3,0,245,31,0,2,2,0,4,1,92,15,2,0,0,1,0,3,34,15,1,6
248,236,332,0,1,1,433.33,1,746,1,5,6,9,2,25,353,11,1,0,1,2,4,2,563,7,0,0,0,3,1,8,12,14,0,2
249,52,415,1,1,2,1025.54,1,178,0,2,1,13,2,0,166,43,2,2,0,1,0,0,95,19,0,0,1,3,2,3,25,6,0,5
250,250,522,2,1,0,1264.77,1,236,0,0,13,19,4,143,302,54,0,2,2,1,4,6,345,13,1,2,0,1,0,11,15,14,1,6
251,499,921,2,1,0,1459.97,5,160,1,4,11,19,2,0,353,50,0,3,0,4,4,3,446,2,2,1,1,2,1,5,14,16,1,4
252,22,330,2,0,0,1238.65,1,531,0,2,13,3,0,0,220,19,3,0,3,4,6,6,975,5,0,2,1,1,1,10,3,3,0,6
253,121,883,2,1,0,1050.76,1,514,1,6,13,12,5,103,57,18,2,3,0,1,2,5,867,21,0,0,2,3,1,9,26,9,1,0
254,927,570,2,2,1,1711.72,1,446,0,3,12,0,5,0,353,4,0,2,0,1,4,4,203,21,2,1,2,2,1,3,34,7,1,3
255,723,262,0,0,0,865.33,7,913,0,2,4,9,3,0,353,5,0,3,0,0,1,2,472,7,2,1,0,1,0,4,30,0,0,5
256,807,655,0,1,0,1153.49,1,40,1,0,2,0,2,0,353,45,0,3,2,3,4,0,541,16,2,2,1,0,2,0,33,9,0,0
257,81,530,2,2,2,1281.25,1,445,1,0,6,6,2,0,353,8,2,3,0,4,4,1,778,13,0,2,0,1,1,8,7,15,1,6
258,561,647,0,0,0,1342.8,1,124,0,4,11,0,0,0,353,42,3,0,3,4,1,6,581,2,0,2,1,3,2,12,9,19,0,4
259,832,932,2,1,2,1443.32,1,877,0,6,3,7,4,0,353,28,0,2,0,1,4,3,998,19,2,0,0,2,2,11,19,0,1,4
260,201,193,2,1,1,1629.94,1,983,0,5,8,16,2,0,205,42,1,0,3,2,4,5,775,17,0,0,0,1,1,4,27,19,0,1
261,414,918,0,0,2,1134.08,1,231,1,6,7,15,0,0,353,56,2,1,0,4,0,0,534,3,0,0,2,0,0,5,16,18,1,0
262,737,585,2,1,0,1483.91,8,24,1,1,6,9,0,0,295,9,0,2,0,0,1,0,147,17,2,1,0,1,0,13,28,18,1,1
263,138,798,1,2,2,1304.67,7,781,1,5,1,0,2,0,218,1,0,3,1,4,4,2,865,5,2,0,1,1,0,4,30,6,0,6
264,937,646,0,2,2,1035.79,1,358,0,4,10,11,5,123,173,23,2,3,1,4,4,3,242,9,0,1,1,0,2,13,28,15,0,5
265,321,469,0,1,0,1401.2,1,982,0,2,2,12,3,171,353,17,3,0,3,4,0,2,611,9,0,1,1,0,1,1,5,4,0,4
266,873,392,0,1,1,1665.45,1,218,1,3,6,10,5,58,297,21,0,3,0,1,3,1,691,9,2,0,2,2,0,12,9,11,1,3
267,810,838,1,2,2,653.66,1,634,0,3,5,18,4,176,206,47,0,2,1,1,4,6,492,22,2,1,0,0,0,2,37,14,0,2
268,192,686,2,0,0,1080.13,1,793,1,0,10,15,2,0,105,25,0,2,0,0,3,6,526,15,2,2,0,3,1,9,29,6,0,0
269,830,225,1,0,2,1346.18,1,858,0,0,6,4,5,217,161,48,0,1,2,1,4,2,309,14,2,2,2,3,2,3,34,12,0,4
270,543,507,2,1,2,1589.54,1,206,1,1,5,4,0,203,353,19,0,2,1,4,5,0,939,6,2,0,2,0,2,12,18,8,0,1
271,859,315,0,0,1,1251.65,1,52,0,0,7,4,5,294,353,41,1,0,1,2,1,2,37,6,0,1,0,0,1,1,4,17,0,6
272,994,155,0,0,2,1083.01,1,254,1,4,2,13,2,334,353,24,0,1,0,4,6,0,924,22,3,2,2,0,0,7,17,15,1,0
273,705,592,2,0,0,974.59,1,505,0,3,1,16,5,250,353,9,0,2,1,0,1,0,261,14,2,0,1,0,1,9,35,7,0,5
274,484,431,0,2,2,1399.85,1,783,0,5,7,16,2,160,338,1,0,1,1,1,1,1,103,16,2,1,0,2,0,5,16,2,0,4
275,287,393,1,2,0,1307.74,1,487,0,0,6,2,3,0,31,20,0,1,0,0,4,5,605,10,2,0,0,1,1,7,36,13,0,6
276,552,434,1,1,2,1219.27,1,507,1,0,12,13,0,185,94,38,0,3,2,0,6,1,21,9,2,2,1,2,1,10,2,17,0,6
277,352,98,2,0,0,1411.3,1,625,1,6,9,6,4,204,353,57,2,2,1,3,3,4,353,4,0,1,1,0,0,2,22,9,1,4
278,466,43,0,0,2,694.45,1,275,0,3,1,8,1,0,353,12,0,3,0,4,6,3,308,6,2,0,0,1,2,9,29,16,1,2
279,275,423,0,0,0,1006.77,6,674,0,1,7,17,3,0,353,55,0,3,1,4,4,3,715,15,2,2,2,1,2,2,38,2,0,5
280,241,906,2,1,1,1422.36,1,767,0,3,2,12,4,0,11,16,0,3,1,1,3,1,465,12,2,1,1,3,0,9,35,17,0,4
281,764,382,1,0,1,1348.32,1,541,0,0,2,6,5,78,274,5,3,0,3,4,1,0,831,3,0,1,2,1,0,3,25,18,1,4
282,793,286,2,1,2,1315.56,1,580,0,6,13,18,1,0,353,40,3,0,1,4,4,4,751,14,0,2,0,0,2,7,17,8,0,6
283,986,549,2,1,2,1407.01,5,637,1,6,12,17,2,142,323,1,2,2,0,4,6,5,290,10,0,0,0,2,0,2,37,2,1,4
284,964,543,2,1,2,1388.58,1,382,0,4,8,1,3,0,188,35,0,3,0,4,6,5,171,17,2,0,1,3,2,5,13,14,0,4
285,816,790,0,2,0,1310.76,1,654,0,2,0,11,1,0,250,39,2,1,2,3,5,4,928,8,0,2,0,1,0,0,23,13,0,6
286,29,491,1,0,1,1004.63,6,401,1,3,8,10,1,28,353,28,0,2,2,0,4,2,266,14,2,2,2,0,1,11,15,4,0,5
287,770,137,2,0,0,1134.91,1,305,0,0,13,9,1,283,353,21,3,0,3,2,4,5,547,6,0,0,1,0,1,12,9,2,0,0
288,247,123,1,1,1,1194.0,1,882,0,3,5,12,0,0,353,35,2,2,0,0,4,4,337,6,0,2,1,2,2,5,13,18,1,6
289,392,459,1,2,1,1248.25,4,784,0,1,11,10,3,0,296,31,1,0,1,4,5,4,258,8,0,1,0,2,0,2,0,18,0,6
290,490,618,2,0,0,1338.54,0,106,1,0,6,11,5,0,353,21,2,3,0,0,0,0,333,13,0,2,0,1,0,3,25,1,0,4
291,386,933,0,1,2,782.23,1,259,1,1,10,9,2,255,303,55,0,1,2,0,2,6,626,0,2,0,0,2,1,2,37,15,0,2
292,675,50,0,1,2,1366.9,1,385,0,2,5,14,0,0,344,20,0,2,0,1,0,3,232,14,2,0,1,0,1,2,38,19,1,4
293,801,326,0,2,1,1275.81,1,593,1,2,11,7,5,0,197,13,2,3,1,1,1,1,762,13,0,2,2,2,0,8,24,3,0,6
294,307,410,1,1,0,1090.65,1,817,1,2,3,9,4,0,171,7,0,2,1,4,0,1,688,16,3,0,1,2,2,6,10,15,1,0
295,744,866,1,1,0,1326.0,1,112,0,0,9,1,5,0,152,39,2,3,2,1,4,4,209,13,0,0,1,2,1,8,24,14,0,4
296,642,649,0,1,2,972.47,1,164,1,1,10,15,5,0,127,31,0,1,1,4,3,2,616,15,2,2,2,2,2,1,4,15,0,5
297,345,314,0,0,0,806.31,1,730,0,1,5,7,5,0,353,48,1,0,3,4,4,3,478,3,0,0,2,3,0,4,30,8,0,2
298,189,430,0,2,0,1416.24,1,155,0,4,0,9,1,0,353,49,1,0,1,2,6,3,796,7,0,2,1,0,0,9,29,8,0,4
299,474,865,1,1,2,1097.64,1,907,1,2,13,18,2,30,353,55,0,2,0,3,3,3,10,16,1,1,1,0,0,0,33,11,0,0
300,35,783,0,0,0,947.75,1,374,0,5,4,0,1,0,263,52,3,0,3,4,4,5,201,15,0,1,1,3,1,1,5,13,0,5
301,691,199,0,0,2,1018.73,5,544,1,0,5,19,3,11,13,19,0,3,2,4,1,5,836,21,2,2,1,2,0,6,8,6,0,5
302,216,391,0,0,2,1400.74,1,852,1,1,11,0,2,55,143,13,0,2,0,4,0,0,818,23,2,2,0,2,0,7,36,18,0,4
303,355,153,0,1,0,1155.53,5,471,1,3,13,4,5,0,289,16,1,0,3,4,1,1,228,5,0,0,0,2,1,5,14,2,0,0
304,590,189,1,1,0,1386.93,1,354,1,2,8,3,0,193,27,8,0,2,1,3,1,6,808,15,2,2,0,0,1,0,33,6,0,4
305,757,613,2,0,0,915.29,1,811,0,3,5,0,5,324,132,46,2,1,0,3,1,0,470,14,0,0,2,1,2,6,6,14,1,5
306,149,30,0,1,0,1239.55,2,463,0,6,4,11,3,0,353,30,2,3,0,1,4,5,135,1,0,0,1,1,2,8,24,1,1,6
307,920,105,1,1,0,1366.42,1,643,0,0,10,6,4,120,353,37,0,2,2,1,4,0,645,14,2,1,1,2,2,9,26,3,1,4
308,293,93,2,2,1,1086.48,6,210,1,0,6,10,4,0,157,7,0,2,2,3,1,4,795,17,2,0,1,1,2,11,21,4,0,0
309,356,79,0,1,2,1247.87,1,455,1,5,1,9,0,0,259,5,0,3,2,1,1,3,158,20,2,1,2,2,1,2,0,13,0,6
310,174,496,2,0,2,1312.75,1,571,0,6,11,7,2,320,353,0,0,2,0,3,4,6,410,10,2,1,2,2,2,12,9,19,1,6
311,548,637,1,0,2,765.64,1,489,1,4,11,0,1,0,333,38,0,1,0,0,4,4,673,3,2,0,0,3,0,6,6,6,1,2
312,193,302,2,0,2,1327.41,1,142,0,0,5,16,2,0,268,25,2,3,2,3,4,2,769,0,0,0,0,0,0,11,21,17,0,4
313,60,829,2,2,1,1338.55,1,3,1,6,10,2,3,90,353,3,0,3,2,4,6,2,590,10,2,0,2,2,1,12,11,19,0,4
314,472,656,0,1,2,1316.63,8,875,0,5,6,9,4,119,353,29,0,3,1,3,4,3,274,13,2,2,2,0,0,2,38,14,0,6
315,845,492,0,2,1,1286.44,1,404,0,4,13,3,5,0,261,14,2,2,1,4,6,3,214,14,0,1,2,1,0,9,35,3,0,6
316,268,391,2,2,1,1372.18,1,129,1,2,3,3,1,0,353,4,0,3,2,3,6,5,549,22,2,1,1,3,0,2,37,14,0,4
317,330,308,1,2,2,1447.77,1,786,0,0,0,4,5,92,91,9,0,3,2,0,5,3,317,8,2,2,1,1,0,0,23,3,0,4
318,72,906,0,1,0,903.32,1,282,0,2,13,19,1,0,353,10,0,2,1,4,1,3,551,1,2,0,1,0,0,12,18,11,0,5
319,726,136,1,2,1,1454.42,1,392,1,0,10,15,2,172,39,24,2,3,0,3,1,6,578,19,0,2,0,1,2,11,15,11,1,4
320,864,215,0,0,2,1603.42,1,937,0,2,11,18,5,243,314,55,2,1,2,1,1,1,33,17,0,2,0,2,2,12,11,10,0,1
321,945,793,1,1,2,1616.58,1,244,1,3,0,14,0,223,207,53,0,2,0,3,4,2,9,13,2,2,0,3,2,4,30,15,0,1
322,542,317,0,1,0,1611.83,1,398,1,2,5,12,0,0,353,11,2,1,2,4,6,5,585,4,0,0,1,2,2,2,0,17,0,1
323,317,711,2,2,0,889.13,1,388,0,5,8,2,2,0,353,49,0,2,2,4,3,3,402,14,2,1,0,2,1,1,4,20,0,5
324,136,220,0,1,1,1252.08,1,478,1,1,3,17,1,0,353,57,0,2,0,3,5,6,575,4,1,2,2,2,1,6,8,5,1,6
325,981,505,0,2,2,995.56,1,461,1,3,12,17,1,0,82,56,0,3,2,4,1,3,27,23,2,2,1,1,2,9,29,15,0,5
326,876,835,0,0,2,1347.92,1,10,0,2,4,3,3,0,240,39,0,1,2,1,1,2,550,21,2,2,0,2,0,13,20,8,0,4
327,795,652,1,0,1,1724.09,1,924,1,6,2,19,3,0,353,3,0,2,1,4,1,0,881,23,2,2,0,0,0,3,34,19,0,3
328,343,737,1,1,0,1379.93,1,814,1,4,1,0,0,0,353,31,0,3,0,3,1,1,335,6,2,0,0,2,2,1,4,7,1,4
329,341,37,1,1,1,1554.64,4,357,1,6,10,2,3,0,321,52,2,1,0,3,6,6,50,21,0,1,1,0,1,6,8,14,1,1
330,811,373,2,2,1,1377.94,1,175,1,5,6,0,1,0,353,44,2,3,0,1,1,6,367,23,0,0,2,3,0,12,9,10,0,4
331,431,857,0,2,2,1313.33,1,334,0,6,13,15,0,189,40,30,0,1,0,0,1,5,379,3,2,0,1,3,1,9,26,9,1,6
332,71,939,1,1,0,1259.02,1,125,0,3,12,0,4,271,159,38,1,0,3,2,4,3,729,8,0,1,2,2,0,9,35,10,0,6
333,850,819,0,2,1,1371.88,1,428,0,4,9,15,0,0,353,53,1,0,3,2,5,0,800,4,0,0,2,2,0,11,21,0,0,4
334,333,925,2,0,0,1399.27,6,256,1,1,9,10,5,89,193,47,2,3,2,1,0,0,942,22,0,0,0,0,2,5,13,9,0,4
335,601,422,0,2,1,1061.98,6,140,0,3,1,4,4,0,353,31,2,2,1,4,6,2,313,16,0,1,0,1,2,2,0,7,0,0
336,926,192,2,1,0,1365.46,4,500,1,1,1,17,4,0,136,54,0,3,1,1,4,1,57,14,2,1,2,1,1,3,32,13,0,4
337,4,846,0,2,1,894.4,1,224,1,0,12,4,5,0,158,28,2,2,2,4,1,6,150,13,0,2,2,0,1,4,30,4,0,5
338,530,731,1,1,0,956.69,1,109,0,0,8,12,0,93,88,55,2,1,1,3,1,2,654,20,0,0,1,1,2,10,1,5,0,5
339,599,545,1,2,2,1123.89,1,524,1,4,8,18,4,66,190,13,0,1,2,1,1,1,350,0,2,0,1,3,0,11,15,1,0,0
340,549,325,0,0,0,1085.03,1,646,0,3,11,6,5,0,105,59,0,3,2,4,5,0,372,23,2,2,2,2,1,1,4,19,1,0
341,253,745,2,0,2,1437.33,1,271,0,0,2,12,5,22,353,47,2,2,1,3,4,1,4,13,0,2,1,3,1,2,0,5,0,4
342,390,165,0,1,1,988.29,1,651,1,1,1,16,3,0,353,42,2,2,0,4,1,3,810,8,0,0,2,2,2,11,19,13,1,5
343,68,600,0,2,0,1238.89,1,708,1,5,10,17,2,0,353,24,3,0,1,2,6,3,916,3,0,0,0,3,1,5,16,16,0,6
344,350,692,1,0,1,1384.64,5,711,0,0,12,2,4,0,353,30,2,2,2,4,5,1,528,16,0,0,2,3,1,7,17,17,1,4
345,588,830,1,0,2,1595.07,1,122,1,6,13,10,4,309,353,46,2,3,1,4,5,2,667,19,0,2,0,2,2,7,36,7,0,1
346,797,246,2,1,1,1127.89,6,408,1,0,6,16,3,275,226,20,2,2,1,0,6,6,512,0,0,2,2,0,2,11,15,7,0,0
347,521,358,1,2,2,929.7,6,963,0,6,5,0,0,137,37,5,2,1,2,3,5,0,316,12,0,0,2,2,2,8,12,10,0,5
348,329,141,0,0,1,1829.63,1,293,1,3,12,6,1,209,353,52,0,3,2,3,4,0,35,21,2,2,1,0,0,1,5,14,0,3
349,244,210,0,0,1,904.7,7,328,0,4,2,3,4,282,332,39,2,1,0,1,4,5,718,0,0,0,1,3,1,0,33,7,1,5
350,305,788,2,2,1,1243.84,1,626,0,3,12,14,3,147,41,23,2,3,1,3,5,1,525,22,0,2,1,3,1,13,20,16,0,6
351,685,781,0,2,2,1030.95,1,82,0,0,6,13,2,141,353,52,0,2,0,0,0,3,200,20,2,0,1,0,1,1,4,12,1,5
352,280,919,1,0,0,1285.03,3,367,0,2,2,4,4,0,244,52,2,2,1,1,5,5,884,0,0,1,1,3,0,6,8,16,0,6
353,952,356,2,0,0,1216.56,1,89,1,5,0,16,3,275,12,24,2,1,1,4,4,2,15,20,0,0,0,2,1,11,15,5,0,6
354,790,559,1,2,2,966.26,1,576,0,2,0,0,3,207,300,55,0,1,1,0,1,6,661,1,2,2,0,0,0,13,28,0,0,5
355,866,251,2,0,0,1203.17,1,341,0,4,9,9,4,209,80,55,2,2,2,1,6,2,870,11,0,1,0,0,0,9,35,2,0,6
356,255,633,0,1,2,1212.12,1,225,0,4,2,13,1,263,353,21,0,3,0,3,6,1,839,14,2,2,1,1,2,5,16,0,0,6
357,370,721,2,1,1,1573.93,1,422,1,1,7,12,2,42,353,28,0,3,1,4,1,6,941,20,2,2,0,2,0,11,19,15,0,1
358,529,295,0,0,1,1609.67,1,554,1,1,0,19,5,0,347,12,2,3,0,0,4,6,434,22,0,0,1,3,0,7,17,9,1,1
359,109,383,2,2,0,1097.57,1,436,1,6,8,1,4,0,353,51,2,3,2,3,4,1,377,12,0,1,1,0,2,10,2,10,0,0
360,501,654,1,1,2,1618.65,2,633,0,0,13,14,4,0,236,53,0,2,0,0,2,1,175,3,2,2,2,1,2,3,34,2,1,1
361,179,408,1,0,0,922.67,1,610,0,1,8,13,2,142,353,3,0,2,0,0,4,3,211,15,2,2,2,1,0,12,18,16,1,5
362,272,180,1,0,1,1342.02,1,821,1,4,9,14,3,0,353,51,1,0,3,2,5,0,587,8,0,2,0,2,1,10,2,4,0,4
363,534,124,2,0,0,1195.01,1,645,0,0,11,15,3,238,154,29,0,3,0,3,6,3,60,13,2,1,0,2,0,8,24,16,1,6
364,823,503,2,2,1,994.74,1,304,0,2,0,14,3,0,146,17,1,0,1,4,4,2,102,8,0,1,2,2,2,13,28,10,1,5
365,310,369,1,0,1,1050.24,1,351,0,5,0,5,5,43,353,49,1,0,1,2,0,0,496,7,0,0,0,0,1,2,37,18,1,0
366,973,258,0,1,2,1313.51,7,712,0,5,3,7,3,281,353,52,3,0,3,2,4,4,873,9,0,0,2,0,0,13,28,20,0,6
367,560,773,2,2,2,1102.29,1,280,0,0,0,10,3,303,272,24,2,1,1,0,5,3,188,15,0,1,1,0,2,12,18,1,0,0
368,125,869,1,1,1,1185.78,1,685,0,3,2,19,5,0,107,31,2,3,1,4,0,3,995,5,0,0,0,2,0,0,33,16,1,6
369,289,699,0,2,0,1527.95,1,853,1,6,3,10,2,287,353,44,0,2,0,3,6,3,351,15,3,2,0,1,0,4,30,7,0,1
370,470,82,1,0,1,1366.39,1,107,1,2,10,8,2,0,331,23,0,1,0,3,0,1,686,22,2,2,2,1,1,10,2,0,0,4
371,949,354,2,2,1,1403.9,1,265,0,6,4,7,3,0,353,24,0,3,2,4,5,5,903,16,1,0,1,2,2,6,6,20,0,4
372,58,625,0,2,2,927.23,1,277,0,6,11,18,0,171,353,4,2,1,2,3,4,2,926,7,0,1,1,3,0,11,15,14,0,5
373,312,569,2,1,2,1554.86,6,824,0,3,1,0,5,226,353,38,1,0,1,2,6,0,399,2,0,2,1,2,0,6,10,7,1,1
374,399,49,0,2,2,736.07,6,214,1,1,13,5,4,132,353,53,0,3,1,4,4,3,649,17,3,0,0,0,2,11,15,17,0,2
375,116,621,0,1,1,974.16,6,110,0,5,11,15,2,0,135,56,0,1,2,3,1,6,739,12,2,0,1,0,2,13,20,11,0,5
376,733,870,2,2,0,973.8,1,700,0,0,2,8,3,0,10,7,2,2,0,0,6,0,910,9,0,0,1,0,1,4,27,18,0,5
377,338,172,2,0,2,1260.32,6,410,1,3,7,14,1,0,20,51,2,3,2,1,5,4,144,16,0,0,1,2,0,12,11,14,0,6
378,719,252,1,0,1,1464.03,1,207,1,3,13,17,3,0,353,57,0,3,1,0,1,6,100,19,2,0,2,0,0,1,4,11,0,4
379,264,116,2,0,2,617.11,1,92,1,1,7,15,2,0,155,11,0,1,0,3,5,1,634,14,2,0,1,2,1,8,12,18,1,2
380,603,934,1,1,2,1724.46,6,37,0,0,2,17,3,321,353,4,0,3,2,4,4,3,110,18,2,0,1,3,0,1,5,19,0,3
381,128,297,0,2,0,1161.31,1,945,0,6,3,0,2,258,329,28,2,1,1,4,4,6,80,23,0,2,1,3,0,3,25,17,0,0
382,999,1,2,1,2,1091.73,1,718,1,6,3,9,1,69,239,26,0,2,1,3,1,6,606,15,2,0,0,2,2,9,35,9,1,0
383,844,617,0,1,2,1209.07,1,758,1,3,1,5,4,0,353,51,2,2,1,0,0,0,514,18,0,2,0,1,2,2,0,0,1,6
384,452,261,0,1,2,1241.04,1,21,0,5,10,2,3,0,353,25,2,1,1,4,1,5,17,16,0,1,2,2,2,1,5,19,0,6
385,886,836,2,2,0,1757.21,1,670,1,2,9,0,5,137,353,42,0,1,1,1,1,3,66,12,2,1,1,0,2,5,14,12,0,3
386,861,94,2,1,1,802.24,1,866,0,1,7,13,1,0,97,46,2,3,0,0,6,4,878,16,0,1,0,1,0,8,12,19,0,2
387,112,176,1,2,1,1342.72,1,216,1,0,6,4,5,0,215,32,2,1,2,3,1,2,176,21,0,0,1,2,0,6,6,8,0,4
388,407,150,2,0,2,1209.41,5,642,1,3,6,0,5,0,353,38,0,3,2,3,1,1,640,15,2,2,0,1,0,9,35,4,0,6
389,277,133,2,2,1,1141.71,2,83,0,3,8,17,3,72,41,25,2,1,0,0,6,4,766,21,0,2,1,2,0,11,21,14,0,0
390,874,586,0,0,0,1090.03,1,2,0,3,3,9,4,0,178,23,2,2,0,0,6,0,929,1,0,2,0,2,1,10,1,10,0,0
391,736,669,1,1,1,1464.73,3,196,1,6,3,9,2,199,280,17,0,3,2,1,1,0,860,17,2,0,0,0,1,12,18,18,0,4
392,862,574,2,0,1,1118.58,1,411,0,2,9,2,0,0,281,14,0,2,2,1,1,1,701,5,2,1,2,1,1,10,3,8,0,0
393,746,113,2,1,2,1117.04,1,775,1,4,3,18,3,0,235,0,0,1,2,3,6,3,736,15,2,0,1,2,0,13,20,14,0,0
394,26,818,1,2,0,1257.83,7,376,1,2,4,15,3,98,243,36,0,2,0,3,2,0,650,2,3,1,2,2,1,0,33,16,1,6
395,336,897,2,1,2,1082.72,1,683,0,6,6,18,1,241,131,6,3,0,1,2,4,3,356,3,0,2,2,0,1,0,23,20,0,0
396,506,766,1,0,1,1191.8,6,70,1,2,10,8,4,204,353,27,2,3,0,3,1,5,665,19,0,1,1,0,0,5,16,17,0,6
397,922,946,1,0,1,1242.02,1,729,1,5,0,7,5,0,318,57,2,1,1,1,5,2,596,17,0,2,0,2,2,7,17,8,0,6
398,404,862,2,1,0,1075.71,1,762,0,2,9,7,4,0,202,39,3,0,3,4,6,1,744,7,0,0,0,1,2,10,3,20,0,0
399,518,29,1,0,1,969.88,6,903,1,4,1,8,3,0,353,13,2,2,1,0,1,1,599,21,0,1,1,0,2,3,25,7,0,5
400,929,595,2,1,2,1459.93,1,114,0,5,8,18,1,0,353,58,0,1,2,4,6,6,7,10,1,2,1,3,1,7,36,17,0,4
401,266,922,0,2,1,1245.61,1,684,1,4,13,0,3,0,353,34,2,1,2,1,1,1,464,11,0,2,1,0,0,5,13,13,0,6
402,939,744,1,0,2,1462.76,1,922,0,1,2,16,0,286,278,47,0,2,0,0,1,1,295,23,2,2,2,0,1,8,7,9,1,4
403,676,540,1,0,2,1398.46,1,339,1,0,11,16,2,0,353,42,2,3,1,0,0,3,99,14,0,0,0,2,1,1,5,9,0,4
404,884,21,2,2,1,1269.64,1,741,0,1,1,6,4,152,353,36,2,1,1,3,4,5,888,10,0,1,1,3,1,3,32,17,1,6
405,324,950,1,0,0,1455.65,4,938,0,1,13,16,5,0,74,37,0,3,2,1,6,2,234,6,2,0,2,3,1,6,10,4,0,4
406,664,259,2,2,2,1140.31,1,601,1,4,0,8,0,38,86,51,0,2,1,4,6,0,559,10,2,0,0,3,2,12,11,4,0,0
407,564,832,1,2,0,1330.46,1,76,0,2,6,17,5,198,89,9,0,3,2,4,5,2,134,5,2,0,0,0,1,11,15,13,0,4
408,166,187,2,1,2,1190.6,1,59,1,5,3,4,4,0,215,27,2,2,1,1,2,5,443,17,0,0,1,3,2,3,32,6,0,6
409,984,130,2,1,0,972.5,1,551,0,1,3,6,4,0,353,10,3,0,3,2,0,6,670,3,0,1,2,3,1,5,13,0,0,5
410,614,722,1,0,2,1161.91,1,360,0,0,0,14,1,0,181,8,1,0,1,2,6,4,51,9,0,0,0,3,1,2,22,11,0,0
411,613,568,2,1,1,1117.17,1,612,0,2,6,18,1,0,315,34,1,0,3,4,4,0,294,6,0,2,2,0,2,2,0,10,0,0
412,915,395,2,1,2,1101.51,1,970,0,1,4,4,1,254,353,33,0,1,1,1,1,5,991,22,2,1,2,2,1,3,34,13,0,0
413,219,688,0,0,1,1523.17,1,849,1,5,9,12,3,0,353,44,0,1,0,1,3,3,160,10,2,0,1,2,2,7,17,0,0,1
414,596,667,2,2,1,984.45,1,629,1,0,1,13,4,0,353,11,3,0,1,2,0,5,401,4,0,2,1,2,0,4,30,2,0,5
415,379,949,2,2,2,1257.0,4,935,0,2,6,1,4,253,227,2,2,1,2,3,6,4,104,23,0,1,1,3,1,11,21,4,0,6
416,966,77,2,2,0,1434.51,1,403,0,5,13,3,5,0,353,46,2,2,2,4,1,5,453,19,0,0,0,2,2,8,24,10,0,4
417,77,366,2,1,2,1628.0,1,795,0,3,8,8,4,0,353,20,2,2,2,0,1,2,992,22,0,2,1,2,2,7,17,14,0,1
418,928,680,1,2,0,1412.31,1,990,1,2,8,2,4,0,353,31,3,0,3,4,0,5,507,6,0,1,1,3,1,7,36,10,0,4
419,215,17,0,1,0,1362.87,5,220,0,3,3,13,3,211,134,47,2,3,1,3,1,6,663,6,0,1,2,0,0,2,37,12,0,4
420,455,676,1,0,1,1134.68,1,452,0,1,12,5,0,0,353,12,2,2,0,0,4,3,329,18,0,1,2,2,0,13,20,1,0,0
421,488,111,1,1,1,1306.78,1,504,1,4,9,18,2,0,353,5,2,1,2,0,4,3,644,22,0,0,1,0,1,12,9,0,0,6
422,273,154,1,2,0,1021.9,1,454,1,2,5,10,0,0,353,54,2,1,0,3,6,1,568,21,0,0,0,0,0,12,11,17,0,5
423,817,327,1,0,1,1538.6,1,960,0,4,7,11,5,0,151,2,2,3,1,1,4,3,178,12,0,0,0,0,0,5,16,9,0,1
424,638,931,1,2,1,1354.5,1,348,1,5,6,0,0,182,353,11,0,1,0,0,1,0,656,6,2,0,0,3,2,11,15,5,1,4
425,351,601,2,2,0,1282.93,1,931,0,1,3,1,2,0,353,34,0,3,0,4,6,4,623,0,3,0,0,0,0,3,32,1,1,6
426,34,280,0,2,1,1346.27,1,528,1,5,4,6,1,125,2,22,2,1,2,0,6,0,610,11,0,1,0,2,0,2,37,18,0,4
427,185,904,1,0,1,1338.4,4,29,0,2,8,14,3,252,353,48,2,3,1,4,0,2,704,19,0,0,1,0,1,9,26,16,0,4
428,207,390,0,0,1,949.44,1,250,0,5,3,4,2,0,270,10,0,2,0,0,0,6,185,22,2,0,0,0,1,8,24,13,1,5
429,803,18,1,2,2,977.4,1,202,1,5,13,3,3,323,353,22,2,1,2,1,1,1,937,2,0,2,2,3,1,9,26,19,0,5
430,671,482,1,1,2,1181.46,10,715,0,3,13,17,2,0,68,34,0,1,2,0,2,0,74,16,3,2,1,2,2,4,27,6,0,0
431,446,833,2,2,0,1187.53,1,918,0,6,8,19,1,326,161,47,0,3,2,3,5,1,968,23,2,0,0,0,2,10,1,10,0,6
432,378,717,2,0,1,845.16,1,62,0,5,8,0,2,0,353,48,2,1,0,4,0,3,678,21,0,2,1,0,1,1,5,10,1,2
433,838,443,0,0,0,1442.27,1,68,1,1,8,8,5,279,353,39,2,1,1,3,1,1,970,10,0,0,2,3,2,4,30,4,0,4
434,86,309,2,0,2,1276.43,1,18,1,0,8,16,3,0,353,58,2,2,0,1,0,5,386,12,0,0,0,3,0,6,8,0,0,6
435,805,849,2,1,0,1075.41,1,217,1,4,6,15,5,201,353,37,2,3,2,4,3,3,793,6,0,1,1,0,1,4,27,1,0,0
436,366,489,0,0,0,1111.72,1,253,1,3,3,3,2,196,353,48,2,3,0,1,3,5,187,6,0,0,1,2,0,11,21,2,0,0
437,885,54,2,2,2,814.96,6,69,0,6,8,5,1,281,353,54,1,0,3,4,0,2,189,7,0,0,2,2,1,8,24,10,1,2
438,167,534,0,2,1,1575.86,1,415,0,6,7,17,3,0,353,3,3,0,3,4,6,4,987,3,0,1,1,1,1,1,5,9,0,1
439,95,428,1,1,1,1115.27,1,886,1,3,5,14,4,0,77,0,1,0,3,2,5,2,405,10,0,2,2,1,2,9,29,15,0,0
440,442,322,1,2,2,1175.7,1,825,1,5,10,19,1,0,353,41,2,2,2,1,1,1,505,14,0,1,0,2,1,4,27,11,0,0
441,337,282,2,0,0,793.15,1,993,1,4,12,2,3,196,214,5,0,1,2,3,6,2,328,17,2,1,0,3,1,4,27,13,0,2
442,5,168,1,1,0,942.51,1,689,0,6,13,8,5,0,353,23,2,3,0,1,4,2,326,16,0,2,0,0,0,11,21,6,1,5
443,227,127,1,2,1,1056.71,1,458,0,3,10,13,1,312,353,12,1,0,1,2,5,1,311,3,0,1,2,1,0,7,17,7,0,0
444,842,142,1,2,2,1255.68,6,494,0,0,11,15,2,18,345,40,1,0,1,2,0,0,344,7,0,1,0,0,0,4,27,19,0,6
445,298,341,1,2,0,1335.13,1,303,0,2,4,5,4,120,53,28,2,2,2,4,4,3,298,13,0,2,1,1,0,3,32,4,1,4
446,808,479,1,1,0,1178.95,6,148,0,3,8,7,3,0,69,7,2,2,2,1,1,6,707,20,0,2,2,3,2,7,36,10,0,0
447,993,720,0,1,0,1793.16,1,972,1,0,12,8,5,0,353,6,2,1,1,1,0,5,938,23,0,2,2,2,1,3,25,14,0,3
448,238,844,2,0,0,1008.38,1,596,0,6,0,19,2,81,353,31,2,1,2,0,4,0,362,11,0,1,1,0,0,4,27,18,0,5
449,460,668,0,0,0,1396.83,1,170,0,5,7,15,0,0,353,27,0,2,0,0,6,3,560,0,3,0,0,3,1,2,38,12,0,4
450,177,483,2,0,0,1402.78,5,540,0,6,7,0,0,290,182,42,2,2,1,0,1,4,876,2,0,2,0,1,0,12,9,17,0,4
451,295,862,1,0,1,1437.88,1,902,0,1,13,15,0,110,176,48,2,3,2,1,4,4,947,3,0,1,2,0,2,3,25,8,0,4
452,519,938,0,2,1,1313.64,1,115,0,1,8,2,4,4,353,32,1,0,3,2,1,2,724,3,0,2,1,0,1,1,4,2,0,6
453,699,912,0,1,0,1482.14,1,892,0,0,13,15,0,51,228,45,0,2,2,3,1,0,118,15,2,0,2,1,1,11,15,8,0,1
454,161,148,0,1,2,1171.75,1,583,0,0,6,2,1,138,235,24,2,3,1,3,1,3,263,23,0,0,2,3,1,3,25,16,0,0
455,950,19,0,2,2,1353.33,1,238,1,0,0,18,1,0,350,34,0,1,1,4,6,6,989,9,2,2,2,0,1,5,13,12,0,4
456,894,449,1,0,0,1175.51,1,624,1,5,2,19,0,0,353,27,3,0,1,4,1,1,279,20,0,0,0,1,2,4,27,8,0,0
457,41,294,0,0,2,1836.02,1,561,1,5,13,12,3,82,247,0,2,3,0,0,0,5,371,5,0,0,2,1,2,13,28,16,1,3
458,259,101,2,2,0,1480.79,9,35,0,4,8,2,4,0,348,28,2,3,2,3,0,2,904,15,0,2,0,2,0,7,36,2,0,1
459,339,112,1,2,2,1453.92,1,806,0,6,7,19,2,173,353,44,2,3,1,0,1,2,325,13,0,2,2,3,0,0,23,0,0,4
460,160,441,2,1,0,1340.71,1,702,0,2,12,0,2,0,353,36,2,2,1,3,4,5,963,16,0,1,2,2,1,13,28,2,1,4
461,83,850,0,0,2,714.03,1,485,1,4,10,2,3,0,342,38,2,3,1,0,6,3,522,0,0,2,0,2,1,6,6,6,0,2
462,362,470,0,0,2,1376.16,1,498,0,6,12,10,3,87,182,53,0,1,0,4,4,0,556,10,2,1,2,1,0,11,19,18,1,4
463,401,283,0,0,0,914.22,1,198,1,3,9,9,5,81,42,14,0,3,2,4,1,6,82,14,2,1,2,0,1,10,2,18,0,5
464,55,424,2,2,1,1601.47,1,482,1,6,5,16,2,256,353,37,0,1,2,3,4,1,207,1,2,2,2,2,0,9,35,11,0,1
465,749,861,0,2,1,1096.79,6,232,0,0,5,7,4,130,108,28,2,2,0,4,5,6,883,16,0,0,2,1,0,2,22,3,0,0
466,608,170,1,0,2,1078.22,1,314,0,5,13,4,5,195,353,46,0,3,0,1,4,3,358,2,2,1,0,1,2,3,34,12,0,0
467,539,771,0,1,1,1595.28,1,692,0,1,10,8,2,0,353,27,0,3,0,0,5,6,794,23,2,0,0,0,0,13,28,12,0,1
468,296,236,2,0,1,1217.84,5,190,0,2,4,19,1,158,353,56,0,1,1,1,6,4,613,19,2,0,2,2,1,13,28,20,0,6
469,919,886,0,0,2,1117.42,1,221,0,6,10,11,1,0,170,36,0,3,1,1,0,2,783,23,2,1,2,2,1,13,20,1,0,0
470,325,229,2,0,2,1567.37,1,738,0,3,2,16,0,248,353,37,2,1,0,3,1,5,542,10,0,0,2,3,1,9,26,19,1,1
471,152,588,0,2,2,1294.93,6,660,1,4,12,18,4,82,182,36,0,1,1,0,6,6,109,12,2,2,1,2,1,4,27,8,0,6
472,423,715,0,1,1,1152.12,1,64,1,6,1,10,1,0,98,54,0,3,2,0,6,5,749,15,2,1,2,0,2,2,38,5,0,0
473,784,257,0,0,1,1441.21,1,834,0,6,4,11,5,0,353,25,3,0,3,2,4,1,112,3,0,1,1,0,1,9,26,6,0,4
474,129,731,0,2,1,1575.74,7,899,1,3,3,5,2,0,61,43,1,0,1,4,3,6,965,19,0,0,2,2,0,12,9,16,1,1
475,777,499,2,2,2,1233.96,1,788,0,5,7,9,2,59,108,54,0,3,2,4,0,2,269,16,2,1,1,1,1,9,35,20,0,6
476,647,164,0,1,1,1861.43,1,420,1,2,0,14,0,237,67,6,2,2,0,3,4,1,752,16,0,1,0,3,2,10,1,3,1,3
477,967,221,2,0,1,1570.86,1,331,1,4,4,6,2,265,353,26,2,3,2,4,5,3,238,10,0,0,0,1,2,10,3,1,1,1
478,689,447,0,2,2,791.47,1,656,1,5,1,5,4,0,353,0,3,0,1,4,0,5,68,6,0,1,1,2,1,8,7,6,1,2
479,742,748,1,1,1,1012.78,1,537,1,4,11,19,2,118,353,18,2,1,0,1,6,0,779,18,0,1,2,1,1,8,24,4,1,5
480,970,385,0,0,0,1047.06,6,189,1,1,3,17,5,0,353,35,0,2,0,1,4,6,934,20,2,1,0,2,1,5,16,4,0,0
481,901,57,2,1,1,1390.29,1,694,0,5,8,14,2,0,247,5,2,2,1,1,3,4,540,14,0,1,0,0,0,0,23,11,0,4
482,995,211,1,2,0,951.46,1,508,1,3,5,9,1,0,288,24,0,1,0,3,6,5,30,8,2,1,0,3,0,13,28,9,1,5
483,297,279,0,0,1,1226.78,1,525,1,3,1,4,4,158,190,14,0,2,1,3,1,6,396,17,1,2,2,0,0,2,0,18,0,6
484,825,576,2,0,0,1280.9,1,761,1,2,1,18,3,153,250,23,2,2,1,0,0,6,738,9,0,1,2,0,0,7,36,14,0,6
485,79,40,1,0,2,1472.77,1,570,1,0,0,8,0,0,307,39,2,1,2,3,1,6,198,0,0,0,2,1,0,9,26,0,0,4
486,731,222,2,2,1,1878.44,1,278,1,2,7,9,0,0,30,43,2,2,2,1,5,5,917,2,0,1,0,0,0,3,25,8,0,3
487,802,658,1,2,0,1418.5,1,911,0,2,1,19,2,0,353,53,0,2,1,4,1,6,604,23,2,0,0,0,1,4,30,17,0,4
488,716,662,0,0,0,1532.8,1,615,1,1,9,8,3,0,353,46,2,3,2,3,4,3,652,8,0,1,0,3,2,8,24,18,0,1
489,773,90,2,1,0,1304.35,1,943,1,3,13,6,1,0,353,57,0,1,2,0,1,1,140,6,2,1,0,2,0,4,27,10,1,6
490,551,378,2,2,2,1551.61,1,565,1,2,1,12,4,126,312,44,3,0,1,2,6,0,821,3,0,2,1,1,1,12,11,10,0,1
491,449,943,0,0,1,1326.98,6,273,0,2,6,15,4,255,353,4,0,1,1,0,5,3,170,14,2,2,1,3,0,7,17,12,0,4
492,782,433,2,1,0,862.92,1,252,1,4,6,4,5,0,49,8,0,3,0,3,1,4,608,16,2,1,0,2,1,10,3,12,0,5
493,110,527,1,0,2,1331.69,1,546,0,5,0,15,1,0,353,40,2,2,1,4,1,3,600,12,0,0,1,2,1,3,25,20,0,4
494,361,39,2,1,2,1486.04,1,923,0,0,1,2,3,0,138,5,0,2,0,3,2,4,906,1,2,1,2,3,0,4,30,19,1,1
495,67,885,1,0,1,870.55,1,479,1,6,9,4,4,0,188,19,2,2,1,3,4,6,55,19,0,0,0,3,0,3,34,18,0,5
496,202,529,0,2,2,1344.56,6,188,1,0,6,10,0,0,265,34,3,0,3,4,1,3,403,7,0,0,1,2,1,0,23,4,0,4
497,728,361,2,2,1,1377.04,1,147,1,1,12,0,5,241,248,8,0,2,1,0,1,6,54,6,3,0,1,1,1,0,23,7,0,4
498,388,532,0,1,0,1237.88,1,432,1,4,3,8,1,0,206,4,2,1,0,4,1,0,121,11,0,0,0,0,0,8,24,2,1,6
499,572,925,1,0,1,1525.86,1,439,0,6,2,4,3,0,353,13,2,3,1,3,0,3,902,2,0,2,1,1,2,10,3,18,0,1
500,279,603,2,2,0,854.58,1,869,0,3,2,13,2,177,353,0,2,3,1,4,4,4,693,15,0,0,2,3,2,6,8,8,0,2
501,444,56,1,1,1,770.76,1,46,1,5,12,17,0,0,158,40,2,3,0,4,6,1,986,0,0,1,0,2,0,8,24,20,0,2
502,231,35,0,0,2,1132.74,1,930,0,0,1,8,0,0,275,53,2,3,0,3,6,2,677,12,0,2,1,1,1,9,35,10,0,0
503,143,848,0,2,0,1173.37,8,421,0,6,5,2,3,0,235,30,2,1,2,3,4,6,29,1,0,0,1,0,0,0,33,4,0,0
504,754,774,2,0,2,1188.28,6,640,0,3,4,16,5,0,157,36,0,2,0,1,5,2,303,16,1,2,1,0,1,5,14,20,1,6
505,522,66,0,0,1,876.88,6,325,1,4,11,15,2,0,353,22,2,2,1,4,6,2,832,2,0,1,2,1,1,7,17,3,0,5
506,441,183,0,2,1,1143.95,1,456,0,6,12,13,2,170,353,53,0,2,1,4,1,5,588,13,2,1,2,1,0,9,35,16,0,0
507,914,859,0,0,2,1409.06,1,845,1,2,9,19,0,307,65,23,2,1,1,4,1,4,930,0,0,1,2,2,2,0,23,10,0,4
508,180,0,1,2,1,1070.63,1,424,0,2,6,2,4,0,353,43,0,1,2,1,1,0,922,0,2,0,0,1,1,6,8,8,0,0
509,183,884,0,2,2,916.13,1,22,1,1,11,9,4,202,125,28,0,2,2,4,1,3,872,16,2,2,2,0,1,8,12,7,0,5
510,20,51,2,1,0,1191.5,1,182,1,2,8,15,0,87,165,24,2,2,2,4,6,0,273,8,0,1,2,0,0,1,4,20,0,6
511,958,61,2,2,1,1474.66,1,229,0,3,11,13,0,0,210,39,1,0,3,4,1,2,609,9,0,0,2,3,1,13,20,8,0,1
512,389,602,0,1,1,1193.45,1,464,1,3,7,10,1,0,353,16,2,2,2,0,6,3,394,11,0,0,2,1,2,9,29,2,0,6
513,124,890,0,1,1,1437.53,1,104,0,1,13,5,1,0,353,42,0,3,1,0,3,4,468,6,2,0,0,2,1,4,30,18,1,4
514,146,787,0,0,2,1304.83,1,611,0,1,7,6,0,0,353,30,2,2,2,0,1,0,338,18,0,1,0,0,1,6,10,6,0,6
515,82,413,2,1,1,1168.8,1,199,0,3,12,12,2,0,238,51,2,3,2,3,1,4,292,11,0,0,0,3,2,8,12,6,0,0
516,507,936,1,0,1,1164.97,1,670,0,1,0,8,5,112,237,8,2,1,2,0,6,0,687,17,0,0,1,2,2,3,32,9,0,0
517,154,3,0,1,1,1232.72,1,372,1,2,1,10,3,330,176,58,0,1,0,1,4,6,376,21,2,0,1,0,1,7,36,4,1,6
518,155,780,0,1,2,1800.76,1,151,1,3,10,4,2,0,23,5,0,2,1,0,4,2,210,0,2,1,1,0,1,7,17,14,0,3
519,547,872,0,2,0,1187.01,7,880,0,0,12,8,4,136,298,42,3,0,3,4,1,4,215,9,0,1,0,1,0,3,34,19,0,6
520,261,757,1,0,1,1559.34,1,255,1,3,13,10,3,0,172,39,2,1,2,1,1,5,64,1,0,1,0,2,0,0,31,9,0,1
521,913,762,0,1,2,1137.02,1,534,0,6,4,16,1,47,353,17,2,2,2,0,6,6,297,22,0,2,1,3,0,1,5,8,0,0
522,702,875,1,0,1,1281.72,1,980,1,1,4,10,2,54,187,35,0,2,1,1,4,3,911,20,3,1,0,2,2,6,10,10,0,6
523,103,321,2,0,1,796.35,1,895,0,4,2,18,3,300,29,43,0,2,2,1,4,3,141,9,2,2,2,1,2,5,14,9,0,2
524,156,427,2,1,0,1270.02,1,347,0,0,12,16,3,0,212,29,1,0,1,4,0,4,359,5,0,1,1,2,0,12,11,9,0,6
525,595,461,0,0,1,1383.13,1,958,0,3,9,8,3,139,353,51,3,0,3,4,4,5,638,12,0,2,1,1,0,7,17,2,0,4
526,75,277,0,0,2,1290.74,5,9,0,2,9,11,0,222,353,34,0,3,0,0,5,6,544,6,2,1,2,0,2,11,21,18,0,6
527,710,941,1,0,1,1216.68,1,851,0,5,11,1,2,200,353,27,3,0,3,4,4,1,222,8,0,1,1,1,1,5,14,18,0,6
528,457,285,0,0,0,1251.16,1,241,0,0,6,11,1,102,353,37,2,1,2,0,6,5,675,14,0,0,0,1,1,7,17,15,0,6
529,907,560,1,1,2,1586.41,1,823,0,2,11,18,2,54,121,12,2,1,0,4,6,4,696,10,0,2,1,3,0,2,37,15,1,1
530,502,565,0,2,2,1526.11,5,545,0,5,11,8,4,0,353,22,2,1,1,4,4,1,798,12,0,0,2,3,2,3,25,0,0,1
531,12,169,1,0,1,1028.44,1,733,0,1,9,7,1,0,353,18,2,1,0,0,4,6,846,12,0,0,0,0,1,0,23,5,0,5
532,198,69,0,0,1,1555.94,1,394,1,6,2,16,3,17,353,17,0,1,2,3,5,5,275,12,2,1,1,3,2,8,7,17,0,1
533,829,344,1,2,2,1570.77,1,144,1,3,0,13,1,336,83,9,3,0,1,2,4,1,128,13,0,1,0,3,1,8,24,14,0,1
534,306,31,2,0,2,1170.53,1,480,0,6,1,17,5,259,190,3,0,2,2,1,6,3,877,17,2,1,1,2,2,9,29,11,0,0
535,863,247,2,1,1,1099.95,1,600,0,1,11,7,5,0,48,6,2,3,0,3,1,0,958,14,0,1,1,0,2,0,23,10,1,0
536,856,726,0,1,2,1472.43,1,979,1,4,12,1,0,0,4,1,0,1,0,0,6,0,774,3,2,0,1,3,2,13,20,9,0,4
537,304,231,0,1,0,1275.62,1,731,0,0,8,15,2,0,138,15,0,3,1,4,1,5,219,18,2,2,2,1,1,9,35,0,0,6
538,839,689,0,1,1,1292.3,1,696,1,2,0,13,3,144,353,44,1,0,1,2,5,3,811,5,0,2,1,3,1,4,27,12,1,6
539,294,679,1,1,2,1009.37,1,168,0,1,9,10,2,129,262,39,2,1,2,1,4,5,981,19,0,1,0,2,2,2,37,20,0,5
540,674,76,2,2,0,1093.07,4,441,0,6,7,15,5,33,44,27,2,1,0,3,5,2,961,0,0,0,2,2,1,13,20,16,0,0
541,729,162,2,1,1,1325.44,7,628,0,3,4,13,2,170,351,40,1,0,3,4,0,0,583,22,0,0,0,2,2,8,12,18,0,4
542,571,12,0,0,2,1017.18,1,20,0,4,9,13,0,0,353,39,0,2,0,4,0,0,116,21,2,2,1,3,1,10,1,19,0,5
543,349,473,2,0,1,1221.17,1,944,0,5,10,9,1,156,353,16,0,2,1,0,4,4,893,4,2,2,0,0,2,11,19,1,0,6
544,267,706,1,0,0,1927.87,1,833,1,4,9,19,0,0,353,13,2,1,1,1,5,0,582,10,0,2,0,1,0,6,10,1,1,3
545,806,777,1,1,1,978.27,1,697,0,0,11,13,3,264,353,52,2,1,0,1,4,2,182,5,0,0,1,3,1,11,15,8,0,5
546,458,694,1,0,2,1221.14,1,607,1,4,9,2,5,149,353,28,2,3,2,0,5,2,226,13,0,0,0,2,0,1,5,7,0,6
547,18,695,2,0,2,1255.62,1,755,1,4,1,14,4,0,353,42,0,3,0,3,2,4,577,18,2,2,2,1,2,5,14,0,1,6
548,944,263,1,1,0,999.52,1,915,1,3,12,9,2,0,353,4,3,0,1,4,5,6,699,6,0,0,1,2,1,0,33,13,0,5
549,772,860,2,1,0,1380.89,1,984,1,6,1,7,3,40,164,51,0,2,1,0,4,0,802,0,2,0,2,1,0,2,38,1,0,4
550,606,158,1,2,0,1010.77,1,108,1,2,13,1,4,178,143,7,0,3,2,0,0,0,250,5,2,0,0,3,1,13,20,4,0,5
551,450,619,2,0,0,1205.86,1,204,1,0,1,1,5,0,292,31,2,2,1,1,4,0,246,8,0,2,0,1,1,0,31,6,0,6
552,516,204,0,2,1,1526.61,1,581,1,5,5,5,1,0,299,23,3,0,1,4,4,2,365,5,0,2,2,2,0,4,30,14,1,1
553,239,626,0,0,1,1496.44,1,941,0,2,12,4,4,0,353,38,1,0,3,4,0,6,132,9,0,2,2,2,1,6,8,18,0,1
554,508,44,0,0,0,1256.2,1,247,0,3,11,10,1,0,353,28,0,3,1,3,4,3,485,10,2,2,1,2,2,10,3,18,0,6
555,308,540,0,0,0,1268.35,1,687,1,5,13,2,5,0,353,1,2,2,0,3,1,4,155,16,0,2,2,1,1,13,20,19,1,6
556,594,471,1,2,2,1421.59,1,180,1,1,7,17,3,0,353,24,3,0,3,4,6,0,982,8,0,0,2,3,2,5,14,16,0,4
557,517,87,0,2,0,1500.04,6,887,1,6,2,14,3,0,282,35,3,0,1,4,0,4,87,5,0,1,0,2,2,0,33,9,0,1
558,997,537,0,0,0,1433.24,1,644,0,1,3,19,1,0,340,45,0,3,2,1,6,5,956,11,2,1,2,1,0,10,3,11,1,4
559,649,42,1,0,2,1231.25,1,763,0,6,2,12,1,138,353,29,0,2,1,0,6,0,516,15,2,0,1,0,0,12,9,16,0,6
560,745,41,1,2,0,1135.43,1,177,1,5,4,3,3,16,353,53,0,3,2,4,6,1,960,23,2,2,1,1,2,3,25,15,0,0
561,252,563,2,1,2,945.73,5,78,1,4,10,5,5,87,234,53,2,1,1,1,1,0,444,23,0,1,0,0,1,5,13,14,1,5
562,905,687,1,0,2,1118.76,1,567,0,1,0,7,3,0,141,49,2,1,2,1,1,4,905,23,0,0,1,3,0,5,16,13,0,0
563,229,566,1,2,2,1231.98,1,871,0,0,7,10,1,0,307,29,2,2,1,4,1,2,40,10,0,2,0,0,0,4,30,2,0,6
564,14,515,1,2,2,1005.47,1,161,0,3,10,10,3,220,191,37,0,2,1,0,5,1,602,12,3,0,2,3,2,7,17,7,0,5
565,525,830,2,0,2,1108.97,1,23,0,6,3,8,1,280,72,5,2,3,1,3,6,6,20,4,0,1,2,2,2,10,1,7,0,0
566,164,208,1,0,0,1392.39,5,88,0,2,3,7,4,0,79,3,2,2,1,1,4,5,255,16,0,1,2,0,2,12,18,15,0,4
567,331,539,1,0,2,1317.97,1,548,1,2,2,12,5,60,17,9,0,1,0,0,4,1,671,18,2,0,1,2,0,5,16,15,1,6
568,323,475,1,1,1,1588.22,1,780,1,3,6,4,2,0,157,6,0,2,2,3,6,5,722,15,2,2,1,1,1,3,25,12,0,1
569,971,298,0,1,0,900.02,6,249,1,1,2,4,3,0,184,47,2,1,2,3,4,6,897,8,0,1,1,3,2,2,0,13,0,5
570,463,274,2,0,1,1744.64,3,42,1,3,9,12,4,0,353,56,0,2,2,0,6,6,49,4,2,1,0,1,1,13,20,3,0,3
571,424,542,2,1,1,1260.56,1,609,0,3,0,13,3,0,149,45,0,3,1,4,4,4,291,20,2,1,0,2,2,7,36,15,0,6
572,281,900,2,2,2,1021.14,1,959,0,5,7,13,5,288,200,10,0,3,0,0,1,3,355,1,2,1,2,3,0,4,30,19,0,5
573,577,808,2,1,2,1285.09,1,203,1,3,4,2,1,148,21,51,2,2,0,3,1,6,466,19,0,1,0,2,2,8,24,18,1,6
574,767,913,2,0,0,1537.07,3,362,1,3,12,5,5,0,353,53,2,3,2,3,2,3,614,11,0,1,1,0,1,3,32,9,1,1
575,376,248,1,0,1,1022.42,1,488,1,6,7,16,0,161,134,39,2,1,2,3,4,3,692,13,0,2,0,2,0,1,4,13,0,5
576,456,809,2,0,2,1558.86,1,279,1,4,7,7,5,168,32,39,2,1,1,4,1,6,788,2,0,0,2,2,1,2,22,17,0,1
577,302,387,2,2,0,1757.87,1,380,1,2,13,2,1,296,353,8,0,2,0,3,4,4,108,9,2,2,2,1,0,10,2,1,1,3
578,780,372,1,1,1,973.5,1,530,1,6,6,14,1,163,353,42,0,2,2,4,6,0,994,15,1,2,1,3,2,12,18,8,0,5
579,625,283,2,2,0,1430.8,1,414,1,6,6,4,4,0,353,34,2,3,0,1,1,6,499,23,0,0,2,3,1,6,10,12,1,4
580,15,92,0,2,0,1192.27,1,703,1,2,11,0,3,0,256,25,2,1,2,3,0,5,253,16,0,1,2,0,2,5,16,11,0,6
581,353,784,0,1,0,1163.83,1,772,1,0,10,12,0,79,353,44,0,3,0,3,0,0,743,21,3,2,2,0,0,1,5,4,0,0
582,509,198,2,2,1,1003.15,1,427,0,3,4,12,2,0,269,15,0,1,1,0,4,2,408,21,1,2,2,1,1,5,16,15,0,5
583,467,110,2,1,2,1153.54,6,977,1,5,10,14,4,0,133,34,0,2,1,1,1,4,659,3,2,1,0,1,0,12,11,14,0,0
584,616,353,0,0,1,1631.1,1,97,0,2,8,8,5,0,353,15,1,0,3,4,6,0,765,4,0,0,1,2,1,9,29,12,0,1
585,405,736,0,2,1,1252.48,1,31,1,4,6,19,5,0,141,32,3,0,1,2,2,6,77,17,0,0,1,3,1,3,25,5,0,6
586,209,425,1,0,1,1677.26,1,126,1,1,11,19,3,96,353,1,3,0,3,4,6,6,594,7,0,2,1,3,2,13,20,18,0,3
587,621,852,0,1,1,979.73,1,728,0,3,3,19,1,173,353,34,0,1,0,3,4,1,26,14,1,0,1,2,1,3,34,4,1,5
588,895,839,1,1,0,989.24,1,927,1,5,7,16,1,0,353,44,2,1,0,1,1,4,293,13,0,1,2,3,1,8,24,7,0,5
589,3,267,0,2,1,1389.86,1,590,0,0,8,10,0,0,353,9,0,3,2,3,6,6,554,23,1,0,2,3,2,10,2,16,0,4
590,226,377,2,0,0,1233.85,1,356,0,1,5,5,0,0,353,51,0,3,2,0,3,2,296,23,2,0,2,1,2,5,13,4,0,6
591,494,229,0,2,0,1320.39,1,771,0,0,1,19,1,0,353,10,2,2,0,0,6,0,624,16,0,0,2,1,0,6,8,1,1,6
592,141,518,1,0,1,1435.09,1,572,0,1,6,3,1,71,353,2,2,2,2,4,4,4,679,17,0,1,2,0,0,3,34,0,0,4
593,118,181,1,2,0,1448.54,1,965,0,3,2,14,5,224,353,33,2,3,0,1,5,4,460,9,0,2,1,1,0,12,18,5,1,4
594,447,909,2,1,0,1733.56,1,149,1,2,11,17,5,0,226,30,0,3,0,1,4,2,546,13,2,1,2,1,2,8,24,1,0,3
595,718,232,1,0,0,1533.07,1,835,1,3,4,8,3,0,318,12,2,2,0,4,0,6,830,13,0,2,1,2,2,5,13,6,0,1
596,686,891,0,0,0,1106.77,1,747,0,1,9,9,2,130,97,49,1,0,3,4,6,1,716,3,0,0,2,0,1,4,30,8,0,0
597,191,206,0,0,0,995.7,5,919,0,3,8,5,4,0,353,42,1,0,3,4,3,6,90,3,0,0,2,1,0,8,12,13,1,5
598,462,316,0,1,1,1298.85,6,81,0,2,11,4,2,295,56,25,0,1,0,0,1,1,660,16,2,0,1,3,2,10,1,12,0,6
599,426,837,2,1,1,1276.73,5,844,0,5,5,3,2,0,353,41,0,1,0,4,6,4,354,12,2,1,1,3,0,10,2,8,0,6
600,786,117,2,1,2,1202.28,1,693,1,2,3,6,2,0,102,3,2,3,1,0,5,2,450,4,0,0,1,2,1,9,29,12,1,6
601,84,324,1,0,0,671.92,1,522,1,5,6,3,5,0,326,16,2,1,1,3,0,5,531,3,0,0,2,0,0,5,13,2,0,2
602,9,205,0,1,1,1358.03,1,867,1,3,11,5,3,227,308,39,2,2,2,3,4,2,856,0,0,1,2,1,0,13,20,13,1,4
603,690,733,1,1,1,1008.79,4,502,0,5,0,18,3,134,353,4,3,0,3,4,6,1,771,19,0,1,2,3,0,12,9,5,0,5
604,49,238,2,0,1,1141.1,1,529,1,3,1,12,2,0,353,51,0,3,1,4,4,2,284,15,1,0,0,1,2,12,18,13,0,0
605,996,484,2,0,1,1397.0,1,905,1,2,6,15,1,0,353,22,2,2,1,3,1,0,755,6,0,1,1,0,1,0,23,2,0,4
606,203,853,2,2,1,1664.66,1,483,0,0,8,9,3,0,75,54,2,3,2,0,4,6,844,3,0,0,0,3,0,1,4,15,0,3
607,818,216,1,1,1,1151.39,4,766,0,5,3,15,5,0,91,0,1,0,1,4,1,6,196,17,0,2,0,0,0,0,31,8,0,0
608,186,882,2,0,2,1546.01,1,934,0,4,0,14,5,0,353,27,0,1,2,4,5,5,979,4,3,1,2,1,0,13,20,1,0,1
609,334,743,0,1,0,1063.67,1,444,1,5,8,7,5,0,353,52,2,1,1,4,1,6,163,14,0,1,2,0,2,4,27,0,0,0
610,822,11,1,0,1,709.14,1,269,1,5,6,11,0,0,353,34,0,2,1,1,1,4,119,3,2,1,1,0,1,12,11,11,0,2
611,916,256,0,1,0,1039.55,1,496,1,4,3,11,4,204,116,38,0,1,1,3,6,1,315,4,2,0,2,1,0,3,34,10,0,0
612,641,786,0,1,0,1339.39,1,579,0,0,0,5,1,0,353,48,2,2,2,3,1,1,330,13,0,0,1,2,2,2,37,3,0,4
613,819,862,1,1,1,1202.75,1,732,1,2,5,2,1,218,6,13,0,1,1,4,4,4,993,23,2,1,0,2,2,13,28,8,0,6
614,367,151,0,0,2,1081.17,1,213,1,4,11,19,5,0,84,20,1,0,1,4,1,3,247,3,0,0,0,1,1,12,9,15,0,0
615,879,381,0,1,0,991.39,1,260,1,2,12,13,2,131,102,50,0,3,2,3,6,6,179,0,2,0,1,0,1,9,29,5,0,5
616,563,625,1,2,0,984.02,1,595,0,3,13,2,4,309,353,32,0,3,0,1,4,1,473,14,1,0,2,2,0,9,26,12,1,5
617,975,526,0,0,0,1354.83,1,630,1,4,12,17,0,268,353,9,0,1,1,4,1,0,417,14,1,1,2,2,0,13,28,15,0,4
618,104,337,2,0,1,830.31,1,195,1,3,4,18,0,0,301,4,2,2,2,0,4,6,813,22,0,0,1,0,0,7,36,11,0,2
619,820,697,0,0,2,987.42,7,419,0,0,6,11,3,0,353,24,0,1,1,0,1,6,283,17,2,1,0,3,0,10,2,11,0,5
620,688,145,2,2,0,1119.29,1,933,0,4,6,5,0,0,353,6,2,3,1,4,4,2,612,14,0,0,0,0,1,13,28,5,1,0
621,235,54,2,0,0,1048.39,1,994,0,5,13,14,3,0,353,35,2,3,1,4,1,5,627,2,0,0,2,1,2,5,14,1,0,0
622,940,751,2,2,1,1074.47,1,472,1,4,10,4,5,0,353,35,1,0,3,4,6,5,59,4,0,0,2,0,0,7,17,17,0,0
623,765,80,0,2,1,1230.76,1,558,1,2,6,19,4,0,38,22,2,2,0,1,5,2,745,2,0,0,1,1,1,10,1,2,1,6
624,843,793,2,2,0,1255.02,1,425,1,0,11,15,1,221,353,4,1,0,1,2,4,5,217,10,0,2,1,0,1,9,35,1,0,6
625,413,171,1,0,1,1555.52,1,86,0,4,6,10,3,117,67,36,2,1,0,0,0,4,887,11,0,2,1,1,1,8,12,4,0,1
626,482,466,0,0,2,836.11,5,453,1,5,11,4,1,0,353,12,0,3,0,1,4,6,978,1,3,2,1,2,1,4,27,15,0,2
627,40,414,1,0,0,1450.98,1,681,1,0,3,0,0,118,353,9,1,0,3,4,6,3,415,20,0,0,0,2,1,12,9,15,0,4
628,712,813,1,1,2,625.08,1,96,0,3,10,10,5,121,277,22,2,1,0,1,4,5,186,10,0,1,2,3,2,2,38,19,1,2
629,896,611,0,0,2,1133.27,1,33,0,2,2,5,5,0,137,59,0,3,2,3,1,4,639,20,1,0,0,2,2,5,14,4,1,0
630,411,750,1,2,0,1366.6,1,988,0,4,6,11,2,0,353,0,0,1,1,1,1,1,852,10,2,0,2,1,1,3,25,13,0,4
631,947,822,2,2,1,1439.9,6,632,0,0,9,18,0,0,196,21,0,2,2,3,4,6,436,2,1,1,1,2,1,0,23,9,0,4
632,232,782,2,2,1,1230.69,1,136,1,5,13,9,1,0,152,1,2,1,1,1,5,6,312,19,0,1,0,2,1,0,23,11,0,6
633,875,36,2,0,2,1307.68,1,800,0,4,2,7,0,0,195,21,2,2,0,4,1,1,81,10,0,2,1,2,1,8,12,0,1,6
634,364,583,0,2,2,1124.69,1,233,0,5,5,3,0,0,353,43,2,3,0,4,6,0,801,14,0,2,0,3,2,12,9,6,0,0
635,66,448,2,0,1,1520.78,1,560,0,2,2,5,5,0,233,13,1,0,3,2,4,1,254,5,0,0,0,2,2,3,34,2,1,1
636,11,627,2,0,2,1609.11,1,716,1,2,2,14,3,0,353,9,3,0,1,4,6,2,952,8,0,2,2,1,2,10,3,4,0,1
637,804,399,0,2,1,1358.91,1,287,1,5,2,7,4,0,353,30,3,0,3,4,6,3,822,4,0,1,0,2,0,11,19,2,0,4
638,335,442,2,2,0,1295.87,1,111,0,6,8,5,0,0,353,4,0,3,0,0,0,1,340,4,2,0,1,0,1,1,4,2,1,6
639,814,533,0,1,0,1161.03,5,547,1,0,0,18,1,128,353,35,0,3,1,1,5,4,336,20,1,0,1,1,0,9,35,19,0,0
640,580,495,2,2,2,1441.06,1,75,0,5,1,12,0,190,24,29,2,3,2,4,1,5,742,18,0,0,2,3,2,4,30,10,0,4
641,620,237,2,0,1,1097.99,1,169,0,3,7,0,4,123,50,39,0,2,2,4,1,2,463,0,2,1,0,3,1,11,21,3,0,0
642,13,779,0,2,1,1464.42,1,536,0,2,3,9,0,317,353,6,2,2,0,0,4,6,251,1,0,0,2,0,1,10,1,0,0,4
643,380,638,0,1,0,1543.68,1,801,0,5,9,13,1,12,353,16,2,3,0,4,0,2,545,17,0,1,0,1,2,1,4,6,1,1
644,403,528,0,1,0,1390.89,5,320,1,1,1,3,5,0,36,51,2,1,1,3,1,5,607,23,0,0,2,2,0,13,20,14,0,4
645,544,896,2,0,2,1148.58,1,635,0,4,0,9,1,0,52,38,0,2,2,1,4,0,584,4,2,2,2,1,2,6,8,19,0,0
646,582,243,1,1,0,1616.26,1,950,1,2,3,19,4,165,130,58,0,1,2,0,1,6,814,0,2,1,2,3,0,4,27,9,0,1
647,666,152,0,2,0,1398.94,1,879,1,1,2,3,0,0,353,16,2,3,1,0,1,5,348,11,0,1,1,2,1,11,15,8,0,4
648,747,271,2,2,1,1238.92,1,316,1,0,7,0,2,217,158,33,1,0,3,2,1,0,395,4,0,0,0,2,0,6,8,17,0,6
649,224,763,0,0,1,968.46,1,926,1,4,12,5,1,166,75,19,0,3,2,0,6,1,84,0,2,0,0,2,0,4,30,0,1,5
650,491,851,0,0,0,1045.12,1,916,0,2,13,6,2,0,320,10,0,3,0,0,1,6,501,2,2,1,0,2,0,5,13,18,1,0
651,645,255,1,0,1,1537.33,1,527,0,1,5,2,0,0,34,43,0,1,1,4,1,6,572,11,2,2,1,1,1,7,36,13,0,1
652,897,333,2,2,0,912.3,1,418,1,1,9,19,5,223,224,1,0,1,0,3,4,3,920,23,2,1,2,1,0,1,5,12,1,5
653,433,78,2,0,2,1007.28,6,361,0,2,0,12,0,0,353,44,0,3,1,4,1,5,94,17,2,1,1,3,2,7,36,0,0,5
654,418,488,1,2,1,1189.98,4,878,0,2,2,9,2,0,151,31,2,3,1,3,6,1,107,22,0,1,1,3,2,1,5,5,0,6
655,176,615,2,1,1,1576.41,1,909,1,0,5,11,2,0,147,48,2,3,0,3,6,2,655,18,0,2,1,1,2,5,14,6,0,1
656,217,624,2,0,0,1172.82,4,135,1,0,6,19,2,322,353,47,3,0,3,4,4,0,951,8,0,0,1,3,1,5,14,15,0,0
657,175,384,0,2,0,1312.22,9,843,1,2,13,6,2,0,296,44,0,1,1,3,0,5,425,15,2,0,0,3,1,7,17,15,1,6
658,658,10,2,2,1,671.01,7,695,0,0,6,4,2,111,101,29,2,2,1,1,0,6,840,20,0,0,2,0,0,9,26,18,0,2
659,135,32,0,1,0,895.14,1,130,1,3,11,18,2,180,312,1,2,1,1,0,4,1,151,4,0,0,0,3,2,11,21,15,0,5
660,990,320,1,0,2,1373.21,1,678,1,1,0,17,4,109,85,36,0,1,2,4,4,4,972,10,2,1,0,0,1,7,36,17,0,4
661,796,673,2,1,1,1625.65,1,497,1,1,4,16,0,0,353,49,2,3,0,0,5,6,235,10,0,2,1,3,0,4,27,11,0,1
662,421,68,2,1,2,1295.63,4,11,0,6,1,16,1,105,294,23,0,1,2,4,6,3,984,22,2,2,1,0,0,6,8,14,0,6
663,0,376,0,0,1,1459.96,6,701,0,2,0,15,5,101,241,28,0,3,2,0,1,3,815,15,2,1,0,1,1,10,3,4,0,4
664,934,678,2,0,0,1219.94,7,30,0,5,9,13,5,0,178,50,2,3,1,0,1,0,580,13,0,0,0,1,2,0,33,5,0,6
665,559,194,2,2,0,1064.49,5,435,1,0,8,5,2,305,231,35,2,1,2,0,6,0,387,23,0,1,2,1,0,8,12,12,1,0
666,372,685,0,0,1,959.83,1,80,0,5,11,13,1,0,267,42,0,3,0,1,1,3,574,18,2,0,2,2,2,2,38,11,1,5
667,936,855,2,1,2,1767.02,1,312,1,3,6,10,0,0,189,50,2,2,2,0,4,0,310,7,0,2,1,1,1,1,5,2,0,3
668,781,524,1,2,0,1285.01,1,393,1,5,6,17,1,0,258,42,2,2,0,0,5,2,457,21,0,1,2,2,2,12,9,15,0,6
669,96,670,2,2,2,1422.95,1,830,1,3,13,3,0,0,353,8,0,2,0,3,4,1,620,15,2,1,1,3,1,9,26,8,0,4
670,713,5,1,0,2,1223.39,1,295,0,4,2,4,5,0,353,3,0,2,2,0,3,2,181,17,2,0,1,3,0,7,36,19,0,6
671,673,457,0,2,2,1539.06,1,58,1,5,11,8,2,80,353,12,2,1,1,1,4,2,357,2,0,1,0,3,0,5,14,7,0,1
672,748,53,1,0,2,988.06,1,405,0,5,7,7,1,0,353,54,0,2,1,0,6,3,790,1,2,2,1,0,1,4,30,5,0,5
673,998,307,0,2,1,1740.57,1,166,0,1,4,9,5,0,341,12,2,2,0,4,4,3,449,3,0,0,0,1,0,4,27,16,0,3
674,941,315,2,1,1,1540.91,7,826,1,1,0,14,5,99,353,47,3,0,3,2,5,3,52,0,0,1,1,1,2,12,11,0,0,1
675,309,609,0,1,0,1381.88,5,45,1,2,12,8,2,0,25,44,3,0,3,4,4,2,213,4,0,1,0,2,0,7,36,13,0,4
676,6,880,2,0,0,1446.98,1,91,1,4,0,17,3,0,213,33,0,1,1,0,1,0,923,11,2,2,2,0,1,10,2,11,0,4
677,113,268,1,2,0,1220.86,1,93,1,3,7,13,0,203,254,16,1,0,3,2,1,0,962,4,0,2,1,2,0,10,2,8,0,6
678,735,450,0,2,0,948.1,1,5,0,2,6,15,5,124,102,27,0,1,1,1,4,1,944,11,2,0,0,2,0,5,13,15,0,5
679,759,501,2,0,0,1471.24,1,721,0,5,4,4,3,215,1,6,0,3,1,4,0,5,14,4,2,1,2,2,1,4,27,2,0,4
680,681,650,1,0,2,1157.97,1,55,1,4,6,10,1,0,87,45,2,1,2,4,1,2,322,20,0,0,2,2,2,0,33,6,0,0
681,697,557,0,1,2,566.11,5,311,1,0,1,14,4,0,353,13,1,0,3,4,0,6,940,22,0,2,0,0,1,6,8,20,0,2
682,225,386,2,2,0,1060.88,1,891,1,3,7,16,2,0,73,52,1,0,3,4,4,3,875,4,0,1,0,3,1,13,28,14,0,0
683,385,575,2,1,1,1524.45,4,805,1,2,5,5,5,0,219,38,0,2,2,0,0,2,259,21,3,1,0,0,1,10,1,0,1,1
684,363,548,1,1,1,1556.17,1,448,1,1,9,15,5,253,161,56,2,1,0,0,4,2,248,20,0,2,1,3,1,0,23,1,1,1
685,788,163,2,2,0,1216.24,1,893,1,5,8,14,5,27,204,5,2,2,0,1,1,1,850,7,0,1,2,0,0,3,32,13,0,6
686,204,224,1,1,0,1484.72,5,39,0,2,12,9,0,0,353,42,1,0,3,2,1,5,521,4,0,1,0,1,1,10,1,3,0,1
687,151,347,0,1,0,1203.81,1,874,1,3,13,18,1,179,175,55,0,2,1,4,6,6,280,17,2,0,0,2,0,10,3,4,0,6
688,869,747,1,1,1,1393.34,1,599,1,2,3,3,2,0,102,6,0,3,1,0,6,3,439,20,2,2,1,3,2,1,5,7,0,4
689,206,889,2,0,1,1484.48,1,889,1,6,1,17,1,165,284,47,2,3,0,4,4,5,231,10,0,1,2,3,0,10,1,1,0,1
690,445,275,0,1,0,1581.27,5,753,0,6,5,16,3,105,198,28,2,1,1,4,1,5,218,8,0,2,2,2,1,2,38,4,0,1
691,114,926,0,1,1,1281.25,1,512,0,2,12,12,2,0,163,53,2,1,0,4,6,1,885,6,0,0,0,2,1,2,38,12,1,6
692,59,423,1,1,0,1667.83,1,406,1,3,9,13,0,151,68,53,1,0,1,4,6,4,381,4,0,2,1,1,1,7,17,10,0,3
693,409,724,2,1,1,1497.41,1,888,1,6,6,11,0,7,221,17,0,3,1,0,6,4,753,17,2,1,2,0,2,5,13,1,0,1
694,640,573,2,0,0,803.36,1,71,0,2,10,15,0,0,353,48,0,2,2,3,6,6,409,15,2,0,0,0,2,1,4,18,0,2
695,938,131,2,1,2,1221.41,1,493,0,5,4,12,5,139,43,50,3,0,3,4,6,5,858,9,0,1,2,1,1,6,6,11,0,6
696,624,468,2,1,0,1865.83,5,84,1,1,13,11,4,50,179,33,2,2,2,4,6,2,706,17,0,0,2,1,2,13,20,11,0,3
697,779,252,2,1,2,1434.27,1,355,0,0,12,17,4,0,287,25,2,2,0,3,5,0,212,13,0,0,2,3,0,9,26,7,0,4
698,278,58,1,2,0,1114.68,1,622,0,0,7,15,0,124,140,18,3,0,3,4,4,6,817,5,0,2,1,0,1,8,12,7,0,0
699,504,523,2,1,2,1218.56,1,661,0,5,13,18,0,91,111,59,0,1,2,4,5,0,407,23,2,2,2,2,0,10,3,3,1,6
700,860,420,0,1,2,1234.69,9,881,0,4,12,13,0,0,353,55,0,1,0,3,6,0,759,1,1,1,2,1,0,2,22,8,1,6
701,774,63,2,1,0,964.92,1,722,0,0,3,0,2,132,353,58,0,2,0,1,1,2,184,17,3,1,2,1,1,8,12,1,1,5
702,554,96,0,2,0,1351.72,1,860,1,2,12,4,5,0,188,54,1,0,1,2,1,6,339,3,0,2,1,3,0,13,28,5,0,4
703,622,666,0,1,1,817.28,1,399,1,2,11,6,4,246,353,22,0,2,2,0,4,1,346,17,2,0,1,1,1,8,24,19,1,2
704,126,640,0,2,1,1389.59,1,690,0,5,6,8,3,0,236,47,0,2,0,1,1,3,529,23,2,2,1,3,1,3,25,20,1,4
705,555,610,1,1,1,1353.53,1,286,0,3,12,6,4,197,199,5,2,3,1,0,1,1,206,13,0,2,0,0,1,0,23,0,1,4
706,400,785,1,2,1,1294.04,1,739,0,5,5,12,1,0,353,29,2,2,1,1,4,5,53,17,0,2,2,3,2,9,35,2,0,6
707,604,630,2,0,1,840.81,1,884,0,2,4,5,0,0,353,36,2,2,1,0,1,0,430,2,0,2,0,2,0,5,13,7,1,2
708,228,185,2,0,2,998.19,1,854,0,4,8,18,0,118,74,15,0,2,2,0,4,2,527,23,2,1,1,3,0,4,30,9,1,5
709,199,769,2,0,2,1090.32,1,74,1,1,5,5,0,0,55,26,2,1,1,0,4,1,643,17,0,1,1,2,0,13,20,12,1,0
710,382,703,1,2,0,1780.67,1,484,1,0,7,8,2,0,353,41,2,3,0,0,0,6,595,3,0,1,1,0,1,5,14,17,1,3
711,69,905,0,1,2,1681.01,1,222,1,3,10,0,3,0,177,56,1,0,1,2,4,5,216,16,0,1,2,1,1,7,36,20,0,3
712,654,675,2,1,1,1395.77,1,856,0,4,10,5,3,325,187,56,0,3,0,3,3,2,484,13,2,0,1,3,1,10,1,17,1,4
713,479,612,2,2,2,1471.44,5,228,1,2,13,15,3,215,353,12,2,2,0,1,0,5,567,8,0,1,2,1,1,3,34,12,1,4
714,584,801,0,2,0,1265.72,1,863,0,5,5,13,5,0,117,40,2,1,0,1,4,1,770,23,0,2,0,2,0,8,12,3,0,6
715,406,278,1,1,1,1274.7,5,961,1,1,9,10,2,143,122,2,0,2,0,0,0,6,435,15,2,2,2,3,2,3,32,9,1,6
716,292,756,2,0,0,1330.39,1,868,1,4,9,1,5,0,353,14,2,1,2,3,1,1,861,3,0,1,2,2,2,4,27,3,0,4
717,391,810,2,2,0,1122.95,4,613,1,5,8,9,2,313,353,46,0,3,1,0,6,4,597,4,2,1,0,3,2,0,33,5,0,0
718,821,494,2,1,2,1655.79,1,327,0,5,3,8,0,0,353,6,2,1,1,3,1,3,236,8,0,2,0,0,2,1,4,7,0,1
719,912,241,1,1,1,935.77,1,99,1,0,9,9,3,0,286,43,3,0,3,4,3,3,882,21,0,1,1,0,2,13,20,8,0,5
720,623,796,1,2,2,1192.04,1,973,1,0,2,7,3,266,308,10,2,1,2,0,4,4,705,23,0,2,0,0,1,4,30,9,0,6
721,61,451,2,0,0,990.11,1,179,1,5,11,11,2,0,247,1,1,0,3,2,1,5,874,8,0,0,1,3,2,4,30,20,0,5
722,248,767,2,0,2,1422.21,1,989,0,0,5,14,4,0,209,7,2,3,0,0,6,5,451,21,0,2,2,1,1,11,15,10,1,4
723,133,831,2,2,0,914.85,1,908,1,0,9,0,2,298,353,34,1,0,1,4,2,1,265,5,0,1,2,3,1,0,23,10,0,5
724,955,64,0,1,0,1123.84,1,841,1,6,9,11,2,150,353,15,0,3,2,1,6,1,950,12,2,1,0,0,2,3,34,12,0,0
725,799,887,2,1,2,838.02,1,274,0,1,12,12,3,0,353,35,0,2,1,4,5,4,89,7,2,0,2,0,2,4,27,2,0,2
726,290,331,2,1,0,1300.68,1,707,1,6,0,17,4,154,353,19,1,0,1,2,0,3,378,0,0,1,1,3,2,3,34,16,0,6
727,677,48,1,2,0,1173.21,1,16,1,3,4,14,1,0,353,36,2,2,0,4,4,3,421,14,0,2,0,1,2,11,21,14,1,0
728,687,118,0,1,1,985.97,5,364,0,1,10,6,2,0,353,31,2,3,0,1,5,4,683,13,0,0,2,3,0,3,32,0,1,5
729,600,520,1,0,1,1129.23,1,555,0,1,4,4,3,9,110,46,2,1,0,1,6,2,342,1,0,0,1,0,2,11,21,4,1,0
730,591,235,1,1,0,1194.83,1,752,0,4,9,4,0,34,353,12,2,3,0,4,4,5,117,23,0,1,0,0,1,11,15,2,0,6
731,942,664,1,0,1,1114.29,1,470,0,2,13,14,2,169,353,29,2,3,0,0,5,4,414,1,0,0,2,2,2,12,18,11,0,0
732,644,115,2,1,2,1509.04,1,857,0,0,9,3,0,2,353,46,2,1,2,0,4,5,93,9,0,2,2,3,1,10,1,12,0,1
733,299,847,1,1,0,664.86,1,829,0,6,2,16,5,0,113,53,2,2,2,1,6,1,471,3,0,0,0,1,1,4,30,4,0,2
734,800,15,1,1,1,1267.4,6,321,1,3,0,1,0,0,353,58,2,3,1,1,1,2,305,0,0,1,2,1,0,0,31,11,0,6
735,147,540,0,0,1,1119.23,1,240,0,4,3,8,4,171,353,40,0,1,2,1,6,3,855,13,2,1,1,1,1,7,36,20,0,0
736,210,81,2,0,0,1698.51,1,200,1,3,7,7,4,0,353,32,0,2,2,1,4,2,737,18,2,1,2,1,0,13,20,6,0,3
737,94,409,0,2,1,1422.78,1,936,0,2,3,8,0,243,353,12,0,1,2,0,0,5,111,17,2,0,2,3,2,9,29,11,0,4
738,646,480,2,2,0,1212.75,1,342,0,1,9,11,3,0,174,19,2,1,1,1,6,6,589,11,0,0,0,0,2,6,10,3,0,6
739,868,587,1,0,1,1423.34,1,324,1,0,11,4,1,202,272,13,3,0,1,2,6,5,828,0,0,2,0,3,1,3,25,8,0,4
740,91,742,1,1,1,976.37,1,740,0,4,2,15,0,0,105,40,0,2,1,3,6,5,44,14,2,0,1,3,0,11,21,12,0,5
741,461,510,2,1,0,1124.59,6,387,1,1,0,9,1,274,353,49,2,2,1,3,0,1,455,4,0,1,1,2,1,2,37,9,0,0
742,988,328,1,1,1,1569.33,1,873,1,6,6,2,1,316,353,21,0,3,0,3,6,6,230,2,2,1,2,1,2,13,28,16,1,1
743,877,462,1,2,0,1359.36,5,276,1,6,3,10,0,0,228,57,0,1,0,3,4,0,909,9,2,2,2,2,2,12,18,17,1,4
744,328,551,1,1,0,1607.36,1,205,1,4,11,19,3,0,353,10,0,2,0,3,4,0,848,21,3,0,0,2,1,4,30,12,1,1
745,579,348,0,0,0,1042.25,1,717,1,5,3,15,4,0,222,57,0,2,0,1,0,5,208,0,2,1,2,3,1,8,7,13,1,0
746,47,792,2,1,0,1453.95,1,556,0,6,1,3,1,84,353,28,0,3,2,1,6,6,267,17,2,2,0,3,1,1,4,15,0,4
747,142,947,0,2,0,1969.63,1,912,0,4,11,16,3,0,353,35,0,3,2,1,6,3,69,21,2,1,1,1,2,4,30,0,0,3
748,756,265,0,0,1,1156.19,1,791,0,1,6,6,0,160,96,37,0,3,0,1,1,4,301,20,2,2,0,3,0,7,36,15,0,0
749,347,174,0,0,2,1124.47,1,932,0,4,12,11,5,0,217,36,2,3,2,0,4,4,657,5,0,1,0,1,0,5,14,8,0,0
750,968,429,2,2,0,1493.5,5,171,0,0,8,12,1,94,224,24,3,0,1,4,6,4,361,7,0,1,2,1,1,8,12,0,0,1
751,585,290,0,0,0,1155.38,1,774,0,6,5,12,1,56,303,20,2,3,1,1,1,1,621,6,0,1,0,0,2,0,33,6,0,0
752,163,778,0,1,0,878.19,1,152,1,6,6,9,4,213,353,59,0,2,1,1,0,3,697,2,3,2,0,2,1,3,34,2,0,5
753,769,173,1,0,2,1145.85,1,577,1,3,11,12,1,0,257,1,0,2,2,3,1,1,320,19,2,0,1,1,2,8,12,9,0,0
754,387,929,1,0,0,1261.28,1,313,0,4,10,10,4,281,240,48,0,3,1,1,5,6,452,21,2,2,2,0,0,9,26,17,0,6
755,930,855,0,0,0,1427.46,1,212,1,2,6,6,5,0,353,23,0,3,0,4,6,6,713,3,2,0,0,0,0,4,27,0,0,4
756,420,53,0,2,0,1592.41,1,617,1,5,9,19,0,225,317,55,2,2,2,0,6,1,524,22,0,0,2,3,2,7,36,1,0,1
757,785,816,2,1,1,1274.63,1,146,1,1,6,1,4,167,353,57,2,2,2,1,4,6,985,22,0,2,2,3,1,0,23,0,0,6
758,893,504,1,1,0,1362.31,1,226,1,2,9,3,5,276,83,4,2,1,1,0,5,0,772,16,0,1,0,2,1,10,2,10,0,4
759,237,879,2,1,1,919.37,1,390,0,0,10,10,1,327,353,9,2,1,1,0,1,4,32,0,0,0,0,3,0,9,26,2,0,5
760,692,516,2,1,1,1377.23,1,137,0,5,1,11,4,301,353,59,0,3,1,3,1,2,925,1,2,0,2,1,0,9,26,2,0,4
761,633,432,0,0,1,995.55,5,773,1,1,10,13,5,171,169,42,0,2,0,4,4,0,636,19,2,2,0,3,0,7,36,12,1,5
762,476,571,0,0,0,1508.12,6,49,1,6,2,1,5,0,353,12,0,2,0,3,1,1,476,0,2,0,2,1,1,7,36,20,1,1
763,980,674,1,2,0,484.67,1,815,0,1,0,13,5,13,106,16,0,1,0,1,4,0,205,2,2,0,0,2,2,13,28,20,1,2
764,794,789,1,2,1,1561.41,1,434,0,2,5,1,0,14,353,25,0,2,1,4,1,0,97,5,2,2,1,3,1,8,7,17,0,1
765,768,923,2,0,0,1457.21,1,578,0,3,0,10,3,136,353,8,2,2,2,0,4,1,498,6,0,0,2,0,2,11,15,8,0,4
766,667,665,0,2,1,1128.71,1,719,0,3,9,17,2,0,205,53,0,2,2,1,5,5,868,21,2,2,2,1,0,11,19,12,0,0
767,159,513,0,0,0,1358.2,1,666,0,4,13,12,0,183,353,36,0,1,0,0,1,1,364,11,2,2,0,0,1,7,36,6,0,4
768,171,559,0,0,1,1232.79,1,163,0,2,0,15,4,160,99,28,2,2,1,3,5,6,535,3,0,2,2,0,2,11,15,12,0,6
769,100,318,0,0,1,936.19,1,332,1,3,1,12,2,292,195,42,0,3,2,4,4,4,690,4,2,0,2,1,2,1,5,10,0,5
770,751,202,0,1,0,1302.34,1,25,0,3,9,18,3,0,166,3,0,1,1,1,6,4,39,2,2,1,1,0,1,13,20,16,0,6
771,282,311,1,0,0,1264.99,1,896,1,6,13,14,0,278,353,0,2,3,1,1,5,4,257,22,0,0,1,1,1,3,32,0,0,6
772,314,713,2,2,0,1467.76,1,720,0,4,12,10,3,88,297,45,2,1,2,0,1,3,229,8,0,0,1,3,2,12,18,5,0,4
773,92,562,1,1,2,1124.43,1,659,0,1,4,13,3,0,353,7,0,2,2,0,6,4,101,14,2,2,0,1,2,10,2,0,0,0
774,181,84,0,1,1,1319.81,1,883,1,2,6,19,0,273,118,20,0,3,1,4,6,0,880,14,3,1,1,0,2,12,9,11,0,6
775,182,16,1,0,2,1482.53,1,986,0,4,12,11,1,155,217,15,1,0,3,4,6,4,834,5,0,2,1,2,0,1,4,7,0,1
776,909,313,1,0,1,1328.18,1,946,0,2,10,3,2,184,353,48,2,1,1,1,6,1,302,18,0,1,2,1,1,13,28,8,0,4
777,435,212,1,0,0,1463.95,1,4,0,3,11,16,3,0,353,33,0,2,2,4,0,6,392,20,2,0,0,0,2,4,27,8,0,4
778,105,24,0,0,2,1133.85,1,128,1,6,8,8,1,235,353,22,0,1,2,4,6,6,137,0,2,2,2,2,2,13,20,8,0,0
779,254,38,1,2,1,1037.32,1,118,0,2,12,16,5,0,344,23,0,2,1,4,0,2,483,1,2,0,2,1,1,9,35,10,0,0
780,849,511,1,1,1,1562.8,1,381,0,5,5,7,1,110,64,9,2,1,2,1,6,2,761,10,0,0,1,2,2,11,21,14,0,1
781,957,323,1,0,1,1425.79,1,759,0,4,1,18,2,247,168,25,2,1,1,0,0,5,24,12,0,1,0,3,0,4,30,14,0,4
782,707,856,2,2,2,1615.14,1,797,0,0,12,2,2,272,353,12,3,0,1,2,1,6,426,6,0,1,0,1,0,3,25,16,0,1
783,520,690,0,1,0,1236.5,1,976,1,6,7,3,0,0,193,34,1,0,3,2,1,2,812,1,0,1,0,1,1,9,35,8,0,6
784,381,944,0,2,2,1017.97,1,156,0,4,6,5,5,232,290,41,0,1,2,4,6,1,845,21,2,1,0,0,2,2,37,10,1,5
785,402,411,1,0,2,1306.0,1,847,1,0,6,6,0,135,206,44,0,1,0,0,1,1,988,3,2,2,2,1,0,5,16,13,1,6
786,741,752,0,2,2,1174.14,1,735,1,1,8,7,4,163,101,42,0,2,1,1,1,3,106,14,3,2,0,0,1,12,9,17,0,0
787,906,919,1,2,1,1231.01,1,391,1,1,0,2,0,0,307,31,0,1,1,1,4,5,91,19,2,1,1,2,0,4,27,12,0,6
788,562,296,0,1,0,1299.18,1,440,0,1,12,10,5,213,353,29,2,1,0,1,2,6,710,7,0,2,2,1,2,6,10,3,1,6
789,701,746,1,0,0,1469.75,1,369,0,3,11,15,1,0,130,7,2,2,1,1,5,0,41,0,0,0,0,0,2,13,28,17,0,4
790,581,564,2,1,0,1390.72,1,257,1,5,12,13,2,328,169,43,1,0,3,2,4,4,785,6,0,2,2,1,2,9,29,16,0,4
791,974,472,0,2,0,1694.09,7,751,0,0,9,6,0,0,353,23,2,2,2,3,1,3,58,0,0,2,0,2,0,2,38,0,1,3
792,848,109,2,0,2,1140.15,1,828,1,2,1,8,0,0,279,10,0,2,2,4,5,5,113,9,2,2,0,3,1,11,21,20,0,0
793,45,815,1,0,1,1310.71,1,550,0,5,4,11,5,38,353,48,2,3,2,0,1,1,943,23,0,2,0,1,1,12,9,8,0,6
794,771,544,0,1,2,1730.49,7,187,1,1,13,10,1,136,242,16,0,1,1,1,6,4,862,13,2,1,2,0,1,10,3,0,0,3
795,187,213,1,1,0,1616.65,7,344,1,4,0,12,4,0,117,7,0,3,2,1,6,1,3,0,2,0,0,3,2,7,17,4,0,1
796,706,346,1,0,0,1935.85,4,566,1,5,6,15,3,157,16,3,2,2,0,0,1,2,133,7,0,0,2,3,0,8,12,9,1,3
797,798,498,2,1,1,855.14,1,375,0,6,2,13,1,81,353,25,2,3,1,1,0,4,651,23,0,2,0,1,2,12,11,20,0,2
798,696,368,2,1,2,1568.47,4,326,0,2,1,19,4,140,353,42,2,3,0,1,1,4,126,7,0,1,2,0,0,12,9,4,0,1
799,419,657,1,2,2,1550.53,1,77,0,4,1,7,3,0,322,31,1,0,3,2,5,2,374,20,0,2,0,1,0,1,4,3,0,1
800,243,456,0,1,2,1370.92,1,167,1,1,13,18,4,153,353,36,2,2,1,4,4,0,45,22,0,2,0,3,0,0,23,4,0,4
801,740,616,1,1,0,1363.59,1,523,0,3,1,11,1,114,353,57,0,2,1,3,1,5,13,10,2,0,2,0,2,3,34,5,0,4
802,892,264,1,1,1,828.42,3,511,0,1,9,1,2,0,353,14,2,1,2,4,1,0,375,10,0,0,2,2,1,3,25,14,0,2
803,303,868,1,1,0,1209.63,1,234,0,5,6,5,1,258,223,5,2,2,1,0,0,0,824,17,0,2,1,0,2,13,20,19,1,6
804,283,882,2,1,2,1111.17,1,542,1,4,2,0,4,62,353,52,1,0,3,2,6,0,432,3,0,2,2,3,2,12,9,0,0,0
805,39,26,1,2,0,989.97,1,430,1,5,6,11,3,49,353,12,2,2,1,0,6,2,285,10,0,1,0,1,1,10,3,18,0,5
806,792,266,1,1,1,1114.23,1,38,1,1,9,7,5,0,353,0,2,3,0,1,4,0,493,1,0,2,0,1,2,9,29,10,0,0
807,165,764,1,1,2,1347.31,1,87,0,3,10,7,4,318,0,42,0,2,1,0,1,6,38,1,2,1,2,3,0,1,4,0,0,4
808,812,622,0,1,2,1687.53,1,481,0,3,10,0,2,0,60,15,2,3,2,1,0,3,177,7,0,0,1,2,1,1,4,14,0,3
809,233,508,1,1,1,1183.48,1,172,1,0,7,3,0,0,353,18,2,2,0,0,5,3,127,19,0,0,2,3,1,10,2,20,1,6
810,855,343,0,2,2,1537.13,1,575,0,6,5,11,3,0,126,11,0,3,2,3,1,3,390,3,2,1,0,2,2,5,16,17,0,1
811,432,718,2,1,1,1173.25,1,184,0,5,10,7,0,0,291,48,3,0,1,2,6,0,380,3,0,1,0,3,2,3,25,18,0,0
812,429,561,1,1,1,1361.16,4,105,0,5,13,6,1,0,92,6,2,1,1,0,5,2,190,23,0,1,2,0,2,0,23,10,1,4
813,870,418,2,2,2,1422.56,7,614,0,4,9,18,0,28,146,58,3,0,1,2,6,6,193,7,0,0,1,2,1,0,23,18,0,4
814,889,25,0,2,2,1143.06,1,539,0,5,12,7,3,251,155,7,0,1,2,0,5,5,702,0,2,1,0,1,2,9,26,15,0,0
815,824,416,1,1,0,1405.71,1,476,0,6,2,4,4,0,353,31,2,2,2,4,4,0,990,10,0,0,0,1,1,13,28,13,0,4
816,481,643,0,0,0,1354.2,1,116,0,1,0,3,5,337,353,32,0,3,1,3,4,1,166,4,3,0,0,0,0,9,29,11,0,4
817,169,201,1,0,0,1055.6,1,368,1,2,3,13,0,288,252,22,2,2,0,3,4,1,835,16,0,0,1,1,0,5,16,14,1,0
818,618,840,0,1,1,999.43,1,673,1,1,9,13,5,24,353,0,3,0,3,4,6,3,202,3,0,2,2,0,0,3,25,14,0,5
819,540,834,1,1,2,1155.97,1,14,1,2,9,4,0,0,353,46,2,3,1,3,4,1,199,5,0,2,0,3,0,4,30,14,0,0
820,415,878,0,1,1,1726.91,1,346,1,2,7,1,3,0,353,20,3,0,3,2,5,2,382,14,0,0,0,0,0,1,5,4,0,3
821,56,460,1,2,0,1232.57,1,872,0,6,6,14,1,229,353,45,0,3,1,1,1,0,467,7,2,0,0,0,0,9,29,16,0,6
822,612,119,2,1,0,1078.65,1,925,1,3,2,4,1,73,353,22,2,1,1,4,6,3,36,16,0,0,2,3,2,6,10,11,0,0
823,454,682,2,2,1,1324.78,1,682,0,6,9,1,1,0,87,1,2,1,0,4,0,4,886,6,0,1,2,2,2,13,20,2,1,4
824,269,242,1,1,0,1518.54,1,559,0,4,2,11,1,0,353,17,2,2,2,0,3,5,299,10,0,2,1,1,1,5,14,6,0,1
825,535,303,0,0,2,1239.06,1,123,0,3,13,16,0,61,353,1,2,1,2,4,4,5,194,19,0,0,1,1,0,13,28,7,0,6
826,888,253,2,2,2,1246.68,1,133,0,6,8,12,3,0,353,20,2,1,1,1,1,0,174,10,0,0,0,1,0,11,19,11,0,6
827,684,704,2,1,1,1622.67,1,706,0,4,8,13,0,0,353,40,0,3,2,0,6,5,579,6,2,1,1,1,0,11,15,2,0,1
828,851,250,2,1,0,1082.36,1,294,0,0,9,9,3,0,353,16,0,2,0,1,4,5,969,12,2,1,2,2,1,1,5,0,0,0
829,946,129,2,1,1,1270.55,1,679,1,5,10,5,4,0,46,12,0,3,2,3,0,5,711,10,2,2,2,3,1,7,36,11,1,6
830,119,59,0,2,1,1236.32,5,942,0,4,0,10,3,200,353,1,2,3,2,4,3,4,271,0,0,1,2,0,1,4,27,14,0,6
831,276,631,0,1,2,785.82,1,985,1,3,3,12,2,159,353,28,0,2,0,4,1,2,907,12,2,2,2,0,0,1,5,14,1,2
832,847,305,1,1,0,1265.84,1,785,0,3,9,13,3,177,221,7,3,0,1,2,5,0,105,10,0,2,1,3,2,9,29,12,0,6
833,566,64,1,1,0,1508.9,1,597,0,3,6,16,2,0,353,0,0,2,2,4,6,3,482,3,3,1,0,1,0,5,14,16,0,1
834,668,173,2,1,2,1106.84,1,457,1,6,7,15,5,113,306,28,3,0,1,4,4,5,398,21,0,2,1,1,2,11,21,10,0,0
835,493,276,1,2,2,1389.13,7,343,1,3,7,1,5,0,162,39,3,0,1,2,0,4,423,6,0,0,0,2,0,8,24,20,0,4
836,789,590,1,0,1,974.84,1,535,0,3,13,11,2,176,353,49,2,2,2,4,5,3,154,0,0,1,0,1,2,9,29,11,0,5
837,234,605,0,0,2,1304.46,1,604,0,6,6,9,2,173,296,24,3,0,3,2,0,0,666,6,0,1,0,3,2,1,5,6,1,6
838,597,525,2,1,0,1257.36,1,623,0,6,1,12,0,0,353,50,0,3,0,1,4,0,475,20,2,2,1,1,0,2,22,5,1,6
839,961,455,2,1,0,1257.04,1,246,1,0,10,15,3,0,192,59,2,2,0,4,4,4,694,4,0,1,2,2,2,4,27,16,0,6
840,475,578,2,0,2,719.52,1,796,0,2,4,9,3,133,353,35,1,0,3,2,4,0,83,9,0,1,0,3,0,3,25,3,0,2
841,709,23,2,2,2,1524.18,1,778,1,3,2,15,4,0,353,29,0,2,1,1,4,4,914,20,2,0,1,0,2,10,3,4,0,1
842,758,797,1,2,0,1395.58,1,499,0,3,12,15,0,0,353,54,3,0,1,4,6,6,368,7,0,1,2,1,0,2,37,5,0,4
843,178,765,0,2,1,1243.68,1,443,1,5,10,4,5,0,51,43,0,1,0,3,1,6,919,18,2,0,0,2,0,12,11,7,1,6
844,576,930,2,2,1,1189.04,1,365,0,0,9,18,3,230,353,16,0,3,1,4,5,4,552,0,2,1,1,3,0,7,36,19,0,6
845,657,519,1,2,2,1375.29,1,832,0,5,1,5,3,0,353,24,0,3,0,0,4,1,997,11,2,0,0,1,0,5,16,20,1,4
846,512,444,1,0,0,1389.13,1,309,1,0,8,9,1,251,22,15,2,3,2,1,5,2,494,13,0,1,0,3,0,12,11,10,0,4
847,763,272,2,2,1,1387.51,1,837,0,0,11,0,1,0,353,2,0,3,1,1,1,5,5,19,2,2,1,3,0,7,36,15,0,4
848,948,293,1,0,1,1178.61,7,227,1,4,2,2,3,0,153,43,2,3,0,0,1,6,921,23,0,2,1,2,2,13,20,9,1,0
849,291,606,0,1,2,1166.62,6,737,1,0,8,3,5,0,353,47,1,0,3,4,0,3,895,23,0,1,0,3,1,10,2,6,0,0
850,989,104,1,0,1,1556.31,1,447,1,0,9,9,1,0,33,10,0,3,2,4,1,2,954,19,2,2,2,0,2,0,31,19,0,1
851,978,740,2,1,0,1452.27,1,859,1,4,4,18,1,309,353,29,2,3,0,0,4,3,543,19,0,1,1,2,1,1,5,12,1,4
852,630,708,2,2,1,1212.07,1,384,0,4,3,14,5,270,171,59,0,3,2,1,1,3,481,17,2,1,2,3,1,8,24,5,0,6
853,245,339,2,0,2,1578.54,1,517,1,0,5,5,0,0,245,13,2,1,1,1,6,2,725,18,0,1,1,3,2,9,29,1,0,1
854,284,580,1,2,0,1488.26,1,138,0,1,6,9,5,0,93,51,0,3,2,4,6,4,404,17,2,1,2,2,0,10,3,13,0,1
855,483,350,1,1,1,1096.39,1,754,1,2,1,11,3,0,353,18,0,2,2,1,4,6,504,11,2,0,1,3,2,1,4,20,0,0
856,721,182,2,2,2,1215.36,1,948,1,0,12,15,3,194,353,24,0,3,1,1,6,3,674,22,2,0,0,1,1,11,19,17,0,6
857,260,355,2,0,2,1482.57,1,803,1,4,8,15,0,62,353,43,2,1,1,1,1,1,420,7,0,1,0,1,1,12,9,10,0,1
858,881,596,2,1,1,954.18,1,100,0,1,12,7,2,0,353,39,0,3,1,3,4,4,896,17,2,0,2,3,2,9,29,5,0,5
859,951,842,0,2,2,1193.4,1,417,1,6,3,3,3,0,251,42,0,3,2,3,4,1,506,16,2,1,2,3,0,11,21,10,0,6
860,90,178,1,0,1,1023.11,1,641,0,4,0,9,3,0,215,55,0,2,1,3,1,3,65,13,2,1,1,2,2,0,23,4,0,5
861,436,33,0,2,1,1524.45,1,298,0,5,7,9,0,304,353,33,0,3,1,3,1,4,98,17,2,2,0,2,2,9,29,11,0,1
862,693,230,2,2,1,1653.32,1,402,0,1,7,3,2,0,192,17,2,2,1,0,6,6,703,3,0,2,2,0,0,11,19,14,0,1
863,1,108,0,1,1,1022.46,1,209,0,0,1,18,2,181,353,46,0,1,1,3,4,0,869,15,2,0,0,2,0,7,36,1,0,5
864,778,269,0,0,2,1396.43,1,251,0,0,8,0,4,15,353,21,2,1,2,1,6,2,70,16,0,2,2,1,0,12,9,5,0,4
865,722,345,0,1,0,1521.55,1,671,0,0,8,14,2,239,87,11,2,2,0,1,4,2,321,18,0,0,1,3,2,4,30,8,1,1
866,680,635,1,0,1,1034.27,1,947,0,3,1,8,0,0,353,55,2,1,1,1,1,2,241,18,0,1,1,0,1,0,33,19,0,5
867,80,438,2,0,1,1255.35,1,322,0,3,10,16,1,236,121,36,0,2,2,0,1,5,331,22,1,1,0,3,2,4,30,13,0,6
868,650,772,0,2,2,1396.89,6,956,0,1,8,5,2,0,100,53,0,1,1,3,4,6,47,15,2,1,1,2,2,11,15,4,1,4
869,46,903,2,2,0,795.31,1,162,1,3,4,16,0,0,178,34,0,2,0,4,2,0,967,16,2,2,1,3,0,5,14,5,1,2
870,976,691,1,0,0,982.22,1,760,0,3,3,16,1,195,46,34,2,1,2,1,1,5,243,18,0,0,1,0,0,6,8,16,0,5
871,408,83,1,2,0,1074.07,1,139,0,3,9,3,0,293,104,20,1,0,1,2,6,3,833,8,0,1,2,0,2,7,36,18,0,0
872,131,738,2,0,1,1311.3,1,289,0,0,6,5,5,86,353,1,0,3,0,0,1,2,34,23,2,2,0,0,2,5,14,6,1,6
873,32,924,0,1,2,1277.12,1,28,0,6,1,11,3,0,211,10,2,2,0,0,6,2,648,18,0,0,0,2,2,3,25,12,0,6
874,753,910,1,2,0,1388.62,1,900,0,3,11,15,0,64,353,10,2,3,1,3,0,5,523,10,0,2,1,0,2,8,24,0,0,4
875,300,714,0,0,1,1406.52,8,971,1,4,12,0,4,0,353,20,2,3,0,0,4,0,197,12,0,1,0,2,1,7,36,7,1,4
876,570,135,1,0,0,1558.29,1,350,0,5,10,15,4,0,189,38,3,0,3,4,6,6,168,5,0,2,1,2,0,10,2,5,0,1
877,660,288,1,2,1,1132.47,4,61,1,4,8,8,2,136,353,29,0,1,2,3,1,3,318,21,2,0,2,3,0,10,2,13,0,0
878,983,85,2,1,2,1896.91,1,413,0,6,5,17,1,306,353,16,0,2,0,1,4,1,805,17,2,2,1,3,1,3,32,20,1,3
879,867,817,0,2,0,1143.46,4,723,1,4,8,14,2,0,353,40,2,1,2,3,0,0,424,4,0,2,2,1,0,8,12,7,0,0
880,537,334,1,2,0,1285.42,1,477,1,4,8,18,5,0,353,13,2,1,0,1,5,4,63,11,0,1,1,1,1,4,30,5,1,6
881,809,741,2,1,2,1305.26,1,338,1,4,4,16,5,267,185,29,2,2,0,1,5,2,603,18,0,0,1,3,2,2,37,3,1,6
882,170,493,0,0,1,1073.83,1,119,0,2,6,7,1,0,353,42,2,2,2,4,1,4,532,12,0,0,0,0,1,2,0,16,0,0
883,536,300,2,2,1,1051.67,1,698,0,0,3,3,1,0,353,59,0,3,0,0,6,5,48,18,2,2,0,3,1,1,5,10,1,0
884,93,734,0,1,1,1387.35,1,663,1,3,13,13,1,0,47,53,2,1,1,1,6,2,538,16,0,1,2,2,0,2,22,3,0,4
885,617,901,0,1,0,1083.64,1,901,1,3,7,13,0,231,353,50,0,2,2,4,0,1,747,19,2,2,0,0,0,2,0,9,0,0
886,526,725,0,1,1,1851.78,1,473,0,2,2,8,2,315,353,58,2,1,2,1,4,5,689,13,0,1,1,0,2,1,4,7,0,3
887,653,768,1,1,0,1270.29,4,262,1,1,1,8,0,19,180,41,1,0,1,2,5,0,999,4,0,1,0,0,1,6,10,7,0,6
888,959,500,2,2,0,1459.99,1,219,0,4,7,5,5,68,353,3,2,2,0,1,4,4,732,8,0,2,1,2,2,0,33,16,0,4
889,739,190,0,0,2,1253.44,1,822,0,5,2,17,1,0,353,56,0,3,0,0,5,2,695,19,2,1,2,0,1,13,20,12,0,6
890,396,594,1,0,1,1142.48,1,827,0,3,8,17,2,0,353,4,2,3,2,0,0,3,864,18,0,2,2,0,1,11,21,17,0,0
891,682,209,0,2,1,1188.45,1,383,0,4,3,4,2,0,219,9,0,2,2,3,4,0,249,9,1,0,0,3,0,10,3,11,0,6
892,240,642,0,2,1,1125.4,1,787,1,5,0,19,0,95,230,6,3,0,3,2,6,1,768,6,0,0,2,1,1,7,36,6,0,0
893,74,927,2,1,0,1294.41,1,647,1,2,13,17,0,0,353,46,3,0,1,2,0,0,448,8,0,2,0,0,0,4,27,16,0,6
894,917,895,1,0,0,1459.5,1,639,1,4,8,12,1,0,353,39,1,0,1,2,1,6,25,6,0,0,1,3,0,11,19,5,0,4
895,144,898,0,0,0,1367.99,1,431,1,2,1,2,3,26,353,39,0,1,0,1,6,3,173,23,2,0,0,3,0,10,1,3,1,4
896,188,800,1,1,0,1594.37,1,792,1,0,3,2,3,0,353,9,1,0,3,2,4,5,511,13,0,1,0,3,2,10,1,13,0,1
897,221,486,0,0,0,1035.99,1,474,0,3,3,17,3,0,353,8,0,1,1,4,1,6,570,3,2,1,2,0,0,7,36,15,0,5
898,943,538,2,1,0,911.53,1,267,0,6,11,1,0,186,353,48,2,2,0,4,6,4,487,23,0,1,0,1,1,3,25,3,0,5
899,212,821,2,2,0,1319.97,1,768,0,0,2,13,3,306,353,27,3,0,1,2,0,0,383,8,0,2,1,3,0,10,1,3,0,6
900,311,310,2,1,2,1391.63,1,495,1,0,11,18,0,240,353,49,2,3,2,3,1,1,837,23,0,2,0,3,1,8,7,5,0,4
901,545,166,1,1,0,915.41,5,862,0,2,3,17,3,0,353,33,2,3,2,4,1,4,829,23,0,2,0,0,1,9,29,3,0,5
902,256,233,0,2,1,1468.82,1,621,1,3,5,16,2,210,171,35,0,3,1,1,4,5,286,9,2,1,2,1,1,6,6,2,0,4
903,439,9,1,2,0,1412.76,1,745,1,6,1,1,5,269,92,1,2,3,1,3,6,5,782,22,0,2,2,3,1,13,20,1,0,4
904,89,535,2,2,0,1588.26,1,63,0,2,12,12,0,209,189,16,0,3,2,3,5,5,776,22,2,2,2,1,2,10,3,19,0,1
905,377,743,1,0,1,1140.91,1,675,1,0,0,13,2,169,353,37,0,3,0,1,5,3,2,15,2,1,1,2,0,3,32,7,1,0
906,132,802,2,0,1,1517.54,1,952,1,3,8,4,3,0,335,30,0,2,0,4,4,1,927,16,2,1,2,0,2,2,37,16,0,1
907,853,672,2,1,2,912.29,1,465,0,2,8,13,0,111,265,24,0,1,1,1,6,3,625,17,2,0,1,2,0,10,1,10,0,5
908,835,826,2,1,2,1144.3,1,839,1,4,8,0,1,180,353,53,3,0,1,4,6,4,146,3,0,2,1,0,0,6,10,15,0,0
909,732,379,1,2,1,1281.43,1,36,0,5,13,16,1,260,182,23,0,2,2,3,4,3,949,10,2,0,0,2,1,7,36,15,0,6
910,70,398,0,0,2,1101.85,1,366,0,1,11,7,5,135,353,50,2,3,1,4,3,6,239,9,0,1,1,2,2,9,29,17,0,0
911,703,365,1,2,2,1082.1,1,657,1,3,3,11,2,0,310,54,0,1,2,4,6,3,159,13,1,0,0,1,2,7,36,6,0,0
912,64,465,2,2,0,1185.44,1,101,1,5,3,11,1,125,167,23,0,2,0,4,0,3,385,15,2,2,2,1,2,0,31,11,1,6
913,586,273,0,2,2,1175.07,1,353,1,4,2,12,1,41,353,22,2,3,1,1,6,6,647,23,0,0,1,1,1,6,8,16,0,0
914,21,723,2,2,2,979.26,1,85,0,3,13,6,3,0,70,59,0,1,0,1,1,5,723,2,3,2,0,2,2,6,6,3,0,5
915,991,245,2,1,0,920.81,1,509,0,2,11,5,5,0,353,35,2,2,0,1,4,2,369,14,0,2,2,0,0,8,7,2,1,5
916,704,712,2,0,0,922.85,1,568,1,2,0,9,0,290,54,48,3,0,3,2,1,2,515,7,0,0,1,1,2,6,10,4,0,5
917,301,254,2,1,2,1107.59,3,520,1,6,12,5,1,262,353,15,2,3,0,3,1,1,662,23,0,1,1,3,1,8,7,14,0,0
918,348,55,0,0,0,1272.46,1,352,1,1,9,8,5,0,353,41,0,1,1,0,1,4,152,7,2,2,2,1,0,12,11,3,0,6
919,398,490,0,1,1,1340.24,1,235,1,2,10,5,3,0,62,57,0,2,1,4,1,2,479,8,2,2,1,0,0,4,30,0,1,4
920,23,805,2,0,1,1648.0,1,820,1,3,13,0,1,216,229,53,2,2,2,3,6,4,632,17,0,1,1,0,2,0,23,5,0,1
921,985,167,0,1,0,1381.14,1,589,0,1,7,4,5,0,353,45,0,2,1,3,1,4,519,10,2,1,0,3,1,2,22,16,0,4
922,438,397,0,2,0,1198.44,8,120,1,4,8,14,5,0,353,5,3,0,1,4,6,1,388,9,0,1,0,3,1,9,35,3,0,6
923,485,672,2,1,2,951.27,1,802,0,6,7,10,1,104,353,27,2,2,2,3,4,2,871,2,0,2,1,0,2,0,31,12,0,5
924,898,28,1,2,2,1341.24,1,725,0,4,4,16,5,75,208,10,0,2,1,0,6,5,932,18,2,1,0,1,1,6,6,8,0,4
925,327,227,0,1,2,1177.57,1,538,0,0,0,18,0,0,81,16,3,0,1,4,5,0,849,4,0,0,2,3,1,7,36,15,0,0
926,738,582,1,1,1,1055.09,1,48,0,5,13,18,3,0,353,19,2,1,2,1,1,1,223,12,0,0,0,3,2,2,38,10,1,0
927,394,445,0,1,0,1479.48,1,201,1,5,9,3,4,0,353,4,2,1,0,3,1,4,12,15,0,2,1,3,2,4,30,13,1,1
928,833,735,1,2,2,1827.38,1,51,1,0,8,14,2,0,343,6,3,0,3,4,5,6,564,9,0,2,1,3,0,1,5,3,0,3
929,669,284,1,0,0,1169.62,1,371,0,3,11,19,1,0,353,53,2,3,0,4,4,0,787,6,0,2,0,0,1,12,9,13,1,0
930,656,871,1,0,0,1516.34,1,616,0,3,0,17,4,3,353,25,0,2,0,4,4,6,195,11,3,2,0,2,1,10,2,1,1,1
931,583,467,2,2,2,1270.21,1,648,0,1,11,17,0,8,103,5,0,3,2,1,3,1,86,13,2,1,1,1,0,9,35,5,0,6
932,963,281,0,1,0,809.11,1,704,1,3,2,14,2,52,353,19,0,3,1,3,0,6,935,4,2,0,2,1,2,6,10,1,0,2
933,213,226,0,2,1,1115.81,1,968,0,5,6,15,0,0,115,34,0,3,1,0,1,1,180,20,2,2,1,3,0,4,27,13,0,0
934,57,917,2,0,1,1457.65,5,789,0,1,1,4,3,0,353,52,0,2,0,0,5,5,6,0,2,1,1,3,0,12,18,15,0,4
935,828,146,2,0,1,1041.36,1,248,0,3,8,6,0,185,225,18,0,3,2,3,6,2,731,18,3,0,2,3,2,12,18,10,1,0
936,626,556,2,1,1,1693.83,7,243,1,2,10,14,2,120,336,30,2,1,1,4,1,4,901,6,0,0,1,0,0,6,8,8,0,3
937,503,477,1,0,1,1685.69,1,587,0,2,10,10,5,46,353,39,2,1,2,4,5,2,306,23,0,0,2,2,2,7,17,0,0,3
938,734,329,1,1,0,1054.92,6,521,0,6,9,8,3,174,353,7,2,1,0,3,1,4,508,4,0,0,0,0,0,12,11,18,1,0
939,568,47,1,1,2,1333.97,6,992,0,4,7,3,4,239,311,3,0,2,0,3,4,0,672,21,2,0,1,0,0,4,30,16,1,4
940,698,899,2,0,1,1013.61,6,297,0,0,2,12,3,132,245,22,1,0,1,2,1,6,373,7,0,0,1,1,2,11,19,7,0,5
941,700,586,0,2,0,958.3,1,459,0,6,6,8,0,147,353,14,0,3,0,1,1,1,664,19,2,0,0,0,0,13,28,3,0,5
942,53,60,1,1,2,1112.04,6,584,0,6,7,0,3,182,154,4,1,0,1,2,4,0,741,5,0,1,1,3,1,13,28,3,0,0
943,10,517,1,1,2,1206.26,1,396,0,0,1,3,3,289,353,24,0,1,1,4,0,0,734,22,2,2,0,0,1,1,4,20,0,6
944,196,730,0,2,1,763.67,1,606,1,0,9,12,3,5,185,53,2,3,2,4,4,4,73,12,0,2,1,3,2,7,17,10,0,2
945,708,806,0,1,0,1042.56,1,940,1,2,5,19,3,0,76,12,0,1,2,4,4,6,562,19,2,1,0,2,1,11,15,2,0,0
946,145,948,0,0,2,1263.48,4,185,0,3,7,10,5,140,9,56,2,3,0,1,6,2,618,10,0,0,2,0,0,1,5,2,1,6
947,497,7,0,1,0,1006.99,6,379,0,5,11,2,3,0,353,54,2,3,1,3,6,1,809,7,0,1,0,3,0,11,21,20,0,5
948,871,814,2,1,1,1328.26,1,890,1,5,11,8,1,106,212,11,2,1,2,4,6,2,268,17,0,1,1,1,1,11,15,16,0,4
949,106,421,2,0,1,1250.08,5,619,0,6,12,3,5,0,129,57,0,3,2,4,6,0,85,0,2,0,2,3,2,5,13,15,0,6
950,527,197,0,2,0,982.7,6,141,0,1,13,18,4,44,227,4,1,0,1,2,4,0,786,9,0,1,1,0,1,12,9,6,0,5
951,28,877,1,2,1,1412.06,5,281,0,5,10,15,1,234,353,7,2,3,2,0,0,5,680,21,0,0,0,3,0,9,26,5,0,4
952,139,219,1,2,2,1066.7,1,605,0,3,5,17,3,0,353,23,0,1,2,3,5,3,591,22,2,1,0,2,1,1,4,19,0,0
953,776,653,1,1,2,1585.54,1,437,1,2,10,15,1,108,222,49,3,0,1,2,6,2,933,3,0,1,1,0,2,13,20,17,0,1
954,271,514,1,1,1,1416.08,1,864,0,3,2,19,2,0,281,19,2,2,1,0,6,4,641,16,0,2,0,3,0,6,8,9,0,4
955,574,908,2,1,0,1246.03,1,183,1,3,2,12,4,244,183,20,2,3,2,3,1,5,431,14,0,2,0,0,1,9,26,18,0,6
956,368,270,1,2,2,1356.64,1,261,1,5,6,9,1,278,194,46,0,3,2,4,4,6,777,21,2,2,0,3,2,12,9,8,0,4
957,412,394,0,0,2,1387.7,4,552,0,2,8,16,2,0,353,9,2,2,1,4,6,1,327,19,0,1,2,1,1,3,32,0,0,4
958,531,732,2,0,1,1004.14,1,395,1,5,8,17,5,66,353,37,0,1,0,1,0,2,363,13,2,1,1,3,1,4,30,0,0,5
959,629,620,2,2,0,1107.07,1,686,0,2,10,12,0,0,215,53,3,0,1,4,5,2,712,21,0,1,0,0,2,10,1,13,0,0
960,538,644,0,0,0,1429.96,1,442,0,3,10,2,0,278,353,3,0,2,1,0,1,3,959,11,2,1,1,2,2,12,9,10,0,4
961,374,547,1,1,1,1074.99,1,318,0,0,0,3,0,0,192,11,3,0,3,4,5,1,272,16,0,0,2,0,0,0,23,17,0,0
962,635,436,2,2,1,1007.0,1,491,0,6,13,2,4,42,7,19,2,2,2,4,5,0,789,9,0,1,0,2,0,3,32,18,0,5
963,511,854,2,0,0,1052.85,1,807,0,4,10,16,2,0,58,58,3,0,1,4,6,5,334,8,0,1,0,0,2,2,0,11,0,0
964,315,203,1,2,1,1200.33,4,665,0,2,2,6,3,0,283,55,3,0,1,4,6,6,642,7,0,0,2,1,2,13,20,13,1,6
965,434,629,0,0,1,1343.0,1,194,1,5,5,4,2,257,353,22,2,1,1,3,4,0,491,12,0,0,0,0,1,2,0,0,0,4
966,37,641,2,1,2,1441.6,5,586,0,4,11,11,3,0,353,3,0,2,1,3,0,1,136,21,2,2,0,0,0,7,17,3,0,4
967,921,874,2,0,1,1433.42,6,816,0,0,10,0,3,190,353,14,2,2,0,4,0,0,781,4,0,2,1,2,1,9,35,19,1,4
968,755,841,2,2,2,1368.57,1,627,0,4,12,13,2,0,353,22,0,3,0,4,1,3,866,18,2,1,2,2,2,0,23,8,0,4
969,834,604,2,1,0,862.19,1,799,1,2,0,12,4,287,353,46,3,0,3,4,4,3,807,7,0,0,2,3,0,0,23,17,0,5
970,836,914,2,1,0,871.46,1,672,1,4,12,12,0,223,26,14,2,3,2,1,4,4,495,13,0,2,2,0,2,5,13,12,0,5
971,715,223,2,2,0,1863.04,1,433,0,0,8,13,1,188,289,35,2,1,2,1,5,3,816,0,0,1,2,1,0,8,7,0,0,3
972,134,138,2,1,2,1181.64,1,329,1,1,7,8,5,24,353,57,2,2,0,1,1,3,28,22,0,0,1,1,2,7,17,7,1,6
973,762,497,0,2,1,1060.74,1,573,1,6,12,15,3,0,173,30,2,2,0,0,4,1,18,15,0,2,2,3,0,11,19,1,1,0
974,211,584,1,0,0,951.56,1,337,0,3,13,18,5,228,23,57,0,3,0,4,4,5,324,3,2,1,2,1,0,3,34,12,1,5
975,837,888,1,0,0,1533.71,9,549,0,3,10,14,3,0,54,1,0,2,2,1,5,3,682,18,1,2,0,2,0,5,13,13,0,1
976,872,218,2,2,1,1200.09,1,323,0,0,2,2,4,85,352,18,0,3,0,1,6,0,792,17,2,0,2,2,0,0,31,7,0,6
977,918,478,1,0,0,1093.83,4,526,1,0,0,2,2,0,186,44,0,3,0,0,6,6,437,18,2,0,1,1,1,11,19,20,1,0
978,473,260,1,1,1,988.93,1,897,0,2,2,9,4,32,353,15,2,1,2,3,1,1,204,11,0,0,2,3,2,4,27,4,0,5
979,524,367,1,2,1,1331.94,1,56,0,5,4,0,1,0,145,54,2,2,2,3,1,1,726,17,0,1,0,2,2,10,3,9,0,4
980,891,244,0,2,1,1361.45,1,770,1,6,5,4,4,91,353,37,2,2,1,0,2,3,735,12,0,2,0,2,2,11,15,4,0,4
981,489,102,2,1,2,1188.51,1,239,1,1,5,3,4,0,78,29,0,1,2,4,1,3,416,15,2,0,1,2,1,4,27,13,0,6
982,437,412,1,2,2,1101.83,1,288,1,2,3,6,2,36,353,0,0,1,1,4,1,0,727,0,2,0,0,3,2,2,22,16,1,0
983,760,132,0,1,1,840.95,1,16,0,3,0,10,4,49,18,49,1,0,3,4,4,0,676,9,0,0,2,1,0,11,21,7,0,2
984,969,45,1,1,1,1503.21,1,245,1,4,7,6,0,205,184,51,2,3,2,0,6,6,384,1,0,2,2,1,1,12,11,18,0,1
985,655,555,2,0,1,1722.5,1,319,1,2,7,0,5,0,334,4,2,3,0,3,6,1,945,22,0,0,0,2,0,7,36,0,0,3
986,97,552,1,0,0,944.03,1,132,1,1,5,11,1,0,125,41,2,2,1,3,6,5,819,11,0,2,2,3,0,12,18,20,1,5
987,826,572,0,2,2,1453.61,4,975,1,3,2,19,2,0,353,4,2,3,0,3,0,2,517,10,0,0,0,3,0,3,34,17,1,4
988,557,75,1,0,0,1672.88,1,688,0,2,1,7,5,0,353,39,2,2,1,1,1,1,406,5,0,2,1,1,1,6,10,2,0,3
989,515,776,1,1,1,1248.05,1,192,0,2,3,12,0,77,156,37,0,2,2,4,4,0,964,3,2,2,1,2,0,3,25,20,0,6
990,648,400,0,0,0,1564.43,3,667,0,4,9,12,4,311,300,24,2,2,1,1,1,4,418,18,0,0,2,2,2,7,17,18,0,1
991,8,719,2,0,1,1280.88,1,57,1,4,7,1,2,228,304,55,2,2,2,3,6,5,480,21,0,1,0,1,1,0,33,7,0,6
992,123,122,1,0,0,722.66,1,53,1,4,3,4,0,162,353,15,0,1,0,1,2,6,79,6,2,2,1,2,2,9,29,15,0,2
993,659,319,2,1,1,1235.14,1,193,1,4,3,4,0,0,305,39,0,3,2,3,2,2,72,20,2,0,0,1,0,13,28,17,0,6
994,663,453,1,2,1,1347.04,1,7,1,2,11,3,3,0,15,14,1,0,1,2,4,3,615,6,0,0,1,2,2,6,10,1,0,4
995,935,728,2,2,1,1310.8,1,19,0,5,2,13,4,0,353,45,2,1,1,1,0,4,561,20,0,2,0,1,0,6,6,11,0,6
996,101,67,0,0,1,1436.79,1,813,0,6,9,17,5,293,353,16,2,2,0,1,4,3,227,23,0,2,2,3,0,13,28,20,0,4
997,902,352,2,1,0,1383.49,3,181,0,5,1,3,2,63,353,15,0,3,1,4,0,0,746,4,2,0,2,3,2,11,19,1,0,4
998,500,184,0,2,2,1356.92,5,157,1,0,5,0,5,0,353,49,2,2,0,3,1,0,569,2,0,0,0,1,2,1,5,3,0,4
999,523,160,2,1,1,766.19,1,861,0,0,11,11,0,0,353,49,1,0,1,4,6,1,43,6,0,0,0,3,0,8,12,12,0,2
