,Gender,Age,Driving_License,Region_Code,Previously_Insured,Vehicle_Age,Vehicle_Damage,Annual_Premium,Policy_Sales_Channel,Vintage,Response,Age_AFTER,Annual_Premium_AFTER,Vintage_AFTER
0,0,57,1,33,0,0,1,31988,32,10,0,2,1,0
1,0,57,1,28,0,2,1,43999,15,10,1,2,0,0
2,1,45,1,47,0,0,1,34620,15,10,1,0,1,0
3,0,25,1,28,1,1,0,33271,39,10,0,1,1,0
4,1,47,1,46,0,0,1,26275,15,11,1,0,1,0
5,0,27,1,3,0,1,1,26061,46,11,0,1,1,0
6,0,22,1,46,1,1,0,27088,39,11,0,1,1,0
7,0,72,1,28,1,0,0,35053,31,11,0,2,1,0
8,0,24,1,39,0,1,1,39194,38,11,1,1,1,0
9,0,42,1,9,0,0,1,47853,15,12,1,0,0,0
10,0,23,1,46,1,1,0,36552,39,12,0,1,1,0
11,0,23,1,3,1,1,0,25403,46,12,0,1,1,0
12,1,21,1,46,1,1,0,24892,46,12,0,1,1,0
13,1,41,1,17,1,0,1,25260,44,12,0,0,1,0
14,0,35,1,28,1,0,0,24799,32,13,0,1,1,0
15,1,74,1,41,0,0,1,34649,1,13,1,2,1,0
16,1,72,1,28,0,2,1,32664,31,13,1,2,1,0
17,0,45,1,8,0,0,1,39286,15,13,1,0,1,0
18,0,44,1,25,0,0,1,24968,32,13,0,0,1,0
19,0,24,1,37,1,1,0,2630,39,13,0,1,2,0
20,1,58,1,18,0,0,1,2630,32,13,1,2,2,0
21,0,37,1,20,0,0,1,2630,15,13,1,0,2,0
22,1,52,1,29,0,0,1,30029,31,14,1,0,1,0
23,1,23,1,9,0,1,1,28857,46,15,1,1,1,0
24,0,44,1,29,0,0,1,25416,8,15,1,0,1,0
25,1,21,1,17,1,1,0,41381,39,16,0,1,0,0
26,1,39,1,23,0,0,1,29815,32,16,1,0,1,0
27,0,42,1,46,0,0,1,2630,32,16,1,0,2,0
28,0,46,1,1,0,0,1,2630,44,17,1,0,2,0
29,0,76,1,35,0,0,1,2630,15,17,1,2,2,0
30,1,71,1,28,0,0,1,2630,31,17,0,2,2,0
31,1,75,1,28,0,0,1,40337,32,17,1,2,1,0
32,1,42,1,8,0,0,1,43132,15,17,0,0,0,0
33,0,24,1,26,0,1,1,32289,38,17,0,1,1,0
34,0,55,1,18,0,0,1,28180,15,18,1,2,1,0
35,1,62,1,28,0,2,1,48068,15,18,1,2,0,0
36,1,38,1,41,1,0,0,35591,32,18,0,0,1,0
37,1,47,1,28,0,0,1,26529,33,18,0,0,1,0
38,0,26,1,28,1,1,0,34016,39,18,0,1,1,0
39,1,42,1,28,0,0,1,29833,32,18,1,0,1,0
40,1,41,1,38,0,0,1,36578,32,19,1,0,1,0
41,1,50,1,28,0,0,1,51770,30,19,0,0,0,0
42,1,23,1,36,0,1,0,52114,39,20,0,1,0,0
43,0,43,1,28,0,0,1,73424,31,20,1,0,0,0
44,0,77,1,36,0,0,1,2630,32,20,1,2,2,0
45,0,42,1,11,0,0,1,2630,44,20,1,0,2,0
46,0,21,1,46,0,1,1,31320,46,20,1,1,1,0
47,1,51,1,36,0,0,1,32618,16,20,0,0,1,0
48,1,38,1,28,0,0,1,42919,15,21,1,0,0,0
49,1,36,1,28,0,0,1,60320,32,21,0,0,0,0
50,0,24,1,41,0,1,0,21083,39,21,0,1,1,0
51,1,28,1,41,1,1,0,29137,39,21,0,1,1,0
52,1,31,1,2,0,0,1,46765,44,21,1,1,0,0
53,1,35,1,32,0,0,1,29336,32,21,1,1,1,0
54,1,34,1,28,0,0,1,33397,15,22,1,1,1,0
55,0,41,1,28,0,0,1,43052,32,22,1,0,0,0
56,1,56,1,47,0,0,1,34518,32,22,1,2,1,0
57,1,59,1,28,0,0,1,51576,14,22,1,2,0,0
58,1,26,1,29,1,1,0,27828,39,22,0,1,1,0
59,1,72,1,48,0,0,1,2630,15,22,1,2,2,0
60,1,45,1,8,1,0,0,31291,32,22,0,0,1,0
61,0,33,1,18,0,0,1,28838,44,23,1,1,1,0
62,1,55,1,28,0,0,1,42976,32,23,0,2,0,0
63,1,24,1,28,1,1,0,48436,39,23,0,1,0,0
64,1,23,1,15,0,1,0,31044,39,23,0,1,1,0
65,1,47,1,28,0,0,1,32232,15,24,1,0,1,0
66,0,23,1,8,1,1,0,44353,39,24,0,1,0,0
67,0,22,1,46,1,1,0,23766,39,24,0,1,1,0
68,0,48,1,28,0,0,1,48423,14,24,1,0,0,0
69,1,78,1,28,0,0,1,63116,15,24,0,2,0,0
70,0,47,1,0,0,0,1,2630,15,24,0,0,2,0
71,1,43,1,28,0,2,1,60534,9,24,1,0,0,0
72,1,36,1,18,0,0,1,2630,39,25,1,0,2,0
73,1,52,1,28,0,0,1,61439,31,25,1,0,0,0
74,1,25,1,28,1,1,0,41522,39,25,0,1,0,0
75,0,65,1,24,0,0,1,54375,15,25,1,2,0,0
76,1,26,1,28,1,1,0,34252,39,25,0,1,1,0
77,1,56,1,39,0,0,1,37925,32,25,1,2,1,0
78,1,54,1,11,0,2,1,2630,15,26,1,0,2,0
79,0,25,1,11,1,1,0,26071,39,26,0,1,1,0
80,1,45,1,24,0,0,1,2630,43,26,1,0,2,0
81,1,29,1,41,0,1,1,17928,47,26,1,1,1,0
82,1,53,0,8,0,0,1,31947,32,26,1,0,1,0
83,0,38,1,35,0,0,1,2630,15,26,1,0,2,0
84,1,56,1,8,1,0,0,26877,15,26,0,2,1,0
85,0,20,1,18,0,1,0,2630,46,27,1,1,2,0
86,1,69,1,28,0,2,1,48592,32,27,1,2,0,0
87,0,20,1,45,1,1,0,25637,46,27,0,1,1,0
88,1,37,1,30,0,0,1,28553,32,27,0,0,1,0
89,1,66,1,39,1,0,0,2630,15,28,0,2,2,0
90,1,30,1,28,0,0,1,34379,32,28,0,1,1,0
91,1,32,1,7,0,1,1,49106,32,28,1,1,0,0
92,0,66,1,28,0,0,1,31415,32,28,1,2,1,0
93,0,74,1,28,0,2,1,34049,15,28,0,2,1,0
94,1,23,1,13,0,1,1,23595,38,28,1,1,1,0
95,1,41,1,28,0,0,1,36660,32,28,1,0,1,0
96,0,24,1,28,1,1,0,26707,39,29,0,1,1,0
97,1,21,1,28,1,1,0,37628,39,29,0,1,1,0
98,0,21,1,27,0,1,0,2630,46,29,1,1,2,0
99,1,25,1,18,1,1,0,32937,39,29,0,1,1,0
100,1,72,1,8,0,2,1,38496,32,29,1,2,1,0
101,0,30,1,46,0,1,1,28849,39,29,1,1,1,0
102,0,37,1,28,0,0,1,47609,32,29,1,0,0,0
103,1,27,1,41,1,1,0,20215,39,30,0,1,1,0
104,1,71,1,18,1,0,0,54622,15,30,0,2,0,0
105,1,31,1,15,1,1,0,37937,39,30,0,1,1,0
106,0,22,1,46,0,1,1,2630,38,30,0,1,2,0
107,0,53,1,28,0,0,1,58609,15,31,1,0,0,0
108,1,37,1,4,0,0,1,32100,32,32,1,0,1,0
109,1,22,1,32,1,1,0,37572,39,32,0,1,1,0
110,0,24,1,41,0,1,1,24375,39,32,1,1,1,0
111,0,50,1,34,0,0,1,39970,32,32,1,0,1,0
112,1,45,1,37,0,0,1,25468,39,32,1,0,1,0
113,0,44,1,28,0,0,1,28865,15,33,1,0,1,0
114,0,26,1,37,0,1,1,34103,39,33,0,1,1,0
115,1,34,1,6,0,0,1,27671,42,34,1,1,1,0
116,0,49,1,15,0,2,1,2630,15,34,1,0,2,0
117,0,22,1,28,0,1,1,34498,46,34,1,1,1,0
118,0,22,1,45,1,1,0,2630,39,34,0,1,2,0
119,1,43,1,28,0,2,1,43300,32,34,1,0,0,0
120,0,46,1,8,0,0,1,31272,15,34,1,0,1,0
121,0,36,1,48,0,0,1,2630,15,35,1,0,2,0
122,0,59,1,7,0,0,1,29822,15,35,0,2,1,0
123,1,43,1,8,0,0,0,2630,15,35,0,0,2,0
124,0,22,1,47,0,1,1,45961,39,35,0,1,0,0
125,0,23,1,27,0,1,1,38504,39,35,1,1,1,0
126,1,25,1,8,0,1,0,30267,15,35,0,1,1,0
127,1,55,1,8,1,0,0,2630,3,36,0,2,2,0
128,1,41,1,8,0,0,1,46932,32,36,1,0,0,0
129,1,23,1,46,1,1,0,33587,46,36,0,1,1,0
130,0,43,1,43,0,0,1,31564,32,36,0,0,1,0
131,1,34,1,19,0,0,1,40248,32,36,1,1,1,0
132,0,33,1,32,1,1,0,33054,39,36,0,1,1,0
133,1,53,1,28,0,0,1,35698,31,36,1,0,1,0
134,1,50,1,9,0,0,1,27561,32,37,0,0,1,0
135,0,22,1,33,1,1,0,35248,39,37,0,1,1,0
136,0,46,1,28,0,0,1,38565,15,37,1,0,1,0
137,0,21,1,8,1,1,0,37716,46,37,0,1,1,0
138,0,68,1,28,0,0,1,29555,44,37,1,2,1,0
139,0,54,1,29,0,0,1,22332,32,38,1,0,1,0
140,1,44,1,28,0,0,1,41619,15,38,1,0,0,0
141,0,67,1,45,0,0,1,27669,32,39,1,2,1,0
142,0,26,1,47,0,1,1,29865,39,39,0,1,1,0
143,0,25,1,32,0,1,1,27514,38,39,1,1,1,0
144,0,39,1,41,0,0,1,29246,41,39,0,0,1,0
145,1,38,1,33,0,0,1,2630,43,39,1,0,2,0
146,0,30,1,37,0,1,0,2630,46,39,0,1,2,0
147,1,38,1,10,0,2,1,30085,39,39,1,0,1,0
148,1,57,1,16,0,2,1,20646,15,39,1,2,1,0
149,1,43,1,8,0,0,1,26587,32,39,1,0,1,0
150,1,21,1,10,0,1,1,37118,46,39,0,1,1,0
151,0,31,1,28,0,0,1,2630,43,39,1,1,2,0
152,1,29,1,9,0,1,1,32369,39,40,0,1,1,0
153,1,30,1,15,0,0,1,23961,32,40,1,1,1,0
154,0,21,1,29,0,1,1,2630,46,40,0,1,2,0
155,1,35,1,13,0,0,1,30015,15,40,1,1,1,0
156,0,54,1,28,1,0,0,21662,31,41,0,0,1,0
157,1,27,1,28,1,1,0,69879,39,41,0,1,0,0
158,1,24,1,46,1,1,0,33646,39,41,0,1,1,0
159,1,56,1,43,0,0,1,43679,15,41,1,2,0,0
160,1,29,1,3,0,1,1,2630,41,42,1,1,2,0
161,1,31,1,46,0,1,0,26295,32,42,0,1,1,0
162,0,30,1,12,0,1,0,2630,39,43,0,1,2,0
163,1,21,1,15,0,0,0,2630,44,43,0,1,2,0
164,1,23,1,11,1,1,0,38154,39,43,0,1,1,0
165,1,25,1,29,1,1,0,22147,39,43,0,1,1,0
166,1,26,1,28,1,1,0,31530,39,43,0,1,1,0
167,0,24,1,15,1,1,0,43527,39,44,0,1,0,0
168,1,47,1,29,0,0,1,42321,32,44,1,0,0,0
169,1,44,1,31,0,0,1,2630,27,44,1,0,2,0
170,0,43,1,28,0,0,1,62596,15,44,0,0,0,0
171,1,36,1,35,0,0,1,2630,43,44,1,0,2,0
172,1,39,1,2,0,0,1,31108,15,45,0,0,1,0
173,0,27,1,35,1,1,1,2630,46,45,0,1,2,0
174,1,36,1,15,0,0,1,30174,39,45,0,0,1,0
175,0,23,1,47,0,1,1,27186,39,45,0,1,1,0
176,0,57,1,28,0,0,1,50208,15,45,1,2,0,0
177,1,38,1,28,0,0,1,48357,15,45,1,0,0,0
178,0,43,1,28,0,0,1,38051,15,45,1,0,1,0
179,0,45,1,46,0,2,1,42172,15,45,1,0,0,0
180,0,66,1,28,1,0,0,28701,22,45,0,2,1,0
181,1,24,1,8,1,1,0,27726,39,45,0,1,1,0
182,0,35,1,28,0,0,1,2630,44,46,0,1,2,0
183,1,23,1,29,1,1,0,28578,39,46,0,1,1,0
184,0,23,1,28,0,1,1,49692,39,46,1,1,0,0
185,0,25,1,29,1,1,0,33366,39,46,0,1,1,0
186,1,46,1,28,0,0,1,62657,32,46,0,0,0,0
187,0,38,1,28,1,0,0,36331,15,46,0,0,1,0
188,1,37,1,31,0,0,1,2630,15,46,0,0,2,0
189,1,43,1,28,0,0,1,2630,15,46,1,0,2,0
190,1,39,1,28,0,0,1,42111,32,46,1,0,0,0
191,0,43,1,33,0,2,1,27675,15,46,1,0,1,0
192,0,22,1,46,0,1,1,26118,39,46,0,1,1,0
193,1,33,1,8,0,1,1,2630,43,46,0,1,2,0
194,0,34,1,28,0,0,1,50925,32,47,0,1,0,0
195,1,28,1,3,0,0,1,2630,43,47,0,1,2,0
196,0,20,1,8,0,0,1,33234,15,47,0,1,1,0
197,1,42,1,7,0,2,1,34785,32,47,1,0,1,0
198,1,69,1,8,0,0,1,40669,3,47,0,2,1,0
199,1,44,1,28,0,0,1,38108,32,47,1,0,1,0
200,0,52,1,28,0,0,1,38497,15,47,1,0,1,0
201,1,47,1,28,0,0,1,35597,47,47,1,0,1,0
202,1,43,1,28,1,0,0,2630,15,48,0,0,2,0
203,0,24,1,18,1,1,0,25496,39,48,0,1,1,0
204,0,22,1,30,1,1,0,33085,39,48,0,1,1,0
205,1,56,1,8,0,0,1,46215,15,48,0,2,0,0
206,1,42,1,8,0,0,1,27041,15,49,1,0,1,0
207,1,53,1,39,0,0,1,25724,15,49,1,0,1,0
208,1,74,1,28,0,0,1,29554,31,49,1,2,1,0
209,1,39,1,46,0,0,1,29823,15,49,1,0,1,0
210,0,36,1,10,1,0,0,34902,39,49,0,0,1,0
211,1,30,1,15,1,1,0,2630,39,49,0,1,2,0
212,0,33,1,23,0,0,1,30254,15,50,1,1,1,0
213,1,70,1,28,0,2,1,34110,15,50,1,2,1,0
214,1,24,1,30,0,1,0,2630,39,50,0,1,2,0
215,1,28,1,6,1,1,0,26595,39,50,0,1,1,0
216,1,26,1,28,1,1,0,2630,46,50,0,1,2,0
217,0,24,1,13,0,1,1,27990,15,50,0,1,1,0
218,1,40,1,28,0,0,1,21112,15,50,1,0,1,0
219,1,24,1,6,1,1,0,28057,39,51,0,1,1,0
220,1,35,1,35,0,0,1,2630,32,51,0,1,2,0
221,0,58,1,8,1,0,0,38229,32,51,0,2,1,0
222,0,29,1,46,0,1,1,21903,32,51,1,1,1,0
223,1,53,1,28,0,0,1,30076,31,52,1,0,1,0
224,1,54,1,35,0,2,1,2630,15,52,1,0,2,0
225,1,24,1,37,0,1,1,27665,39,52,1,1,1,0
226,1,24,1,27,1,1,0,24167,39,52,0,1,1,0
227,1,51,1,8,0,0,1,29690,15,52,1,0,1,0
228,1,31,1,21,1,1,0,26783,39,52,0,1,1,0
229,1,38,1,50,0,0,1,36966,4,52,1,0,1,0
230,1,68,1,28,0,2,1,35414,32,52,1,2,1,0
231,1,43,1,28,1,0,0,41750,31,53,0,0,0,0
232,1,48,1,28,0,0,1,31102,15,53,1,0,1,0
233,0,58,1,46,1,0,1,27258,15,53,0,2,1,0
234,1,32,1,39,0,0,0,28393,32,53,0,1,1,0
235,1,23,1,36,0,1,0,33328,39,53,0,1,1,0
236,1,50,1,41,0,0,1,43105,32,53,0,0,0,0
237,0,44,1,29,0,0,1,24205,32,53,1,0,1,0
238,0,26,1,11,1,1,0,18848,39,53,0,1,1,0
239,0,21,1,27,0,1,1,29074,39,53,0,1,1,0
240,1,27,1,45,0,1,0,38478,38,54,0,1,1,0
241,1,73,1,36,0,2,1,39357,32,54,1,2,1,0
242,1,38,1,28,0,2,1,42513,31,54,1,0,0,0
243,0,23,1,41,1,1,0,48267,39,54,0,1,0,0
244,0,64,1,47,1,0,0,2630,15,55,0,2,2,0
245,1,48,1,28,0,0,1,31033,31,55,1,0,1,0
246,1,38,1,14,0,0,1,29015,13,55,0,0,1,0
247,0,24,1,37,0,1,1,2630,39,55,1,1,2,0
248,0,25,1,28,0,1,1,30889,39,56,1,1,1,0
249,0,36,1,39,0,0,1,38673,32,56,1,0,1,0
250,1,36,1,28,0,0,1,37609,32,56,1,0,1,0
251,1,38,1,47,0,0,1,29832,32,57,1,0,1,0
252,1,31,1,28,0,1,1,31344,39,57,1,1,1,0
253,0,43,1,28,0,0,1,32952,15,57,1,0,1,0
254,0,32,1,28,0,1,1,27398,41,57,1,1,1,0
255,1,53,1,28,0,0,1,30431,15,57,0,0,1,0
256,0,46,1,8,0,0,1,43047,32,57,1,0,0,0
257,1,54,1,28,0,0,1,2630,47,57,1,0,2,0
258,0,23,1,35,0,1,1,31019,39,57,1,1,1,0
259,1,23,1,50,1,1,1,37697,39,57,0,1,1,0
260,1,69,1,28,1,0,0,29754,32,58,0,2,1,0
261,0,26,1,35,0,1,1,36790,39,58,1,1,1,0
262,1,23,1,46,1,1,0,34734,39,58,0,1,1,0
263,1,44,1,8,0,0,1,31341,15,58,0,0,1,0
264,1,31,1,36,0,1,1,31334,39,58,1,1,1,0
265,0,46,1,28,0,0,1,46009,15,59,1,0,0,0
266,1,25,1,28,0,1,1,26577,32,59,1,1,1,0
267,0,34,1,3,0,0,1,29832,32,59,1,1,1,0
268,0,39,1,9,0,0,1,27112,17,59,1,0,1,0
269,0,32,1,28,0,0,0,2630,43,59,0,1,2,0
270,0,35,1,3,0,0,1,2630,32,60,1,1,2,0
271,0,27,1,8,1,1,1,34405,39,60,0,1,1,0
272,0,33,1,3,0,1,1,2630,44,60,1,1,2,0
273,0,24,1,39,1,1,0,30042,39,60,0,1,1,0
274,1,23,1,49,0,1,1,2630,46,61,0,1,2,0
275,1,55,1,28,1,0,0,33555,15,61,0,2,1,0
276,0,24,1,41,1,1,0,25171,39,61,0,1,1,0
277,1,29,1,3,0,1,1,23299,39,61,1,1,1,0
278,1,57,1,47,0,0,1,2630,32,61,1,2,2,0
279,0,40,1,28,0,0,1,48837,32,62,1,0,0,0
280,0,25,1,46,1,1,0,32750,39,62,0,1,1,0
281,0,36,1,49,1,0,0,31464,39,62,0,0,1,0
282,1,71,1,6,1,0,0,28357,32,63,0,2,1,0
283,1,39,1,18,0,0,1,27924,32,63,1,0,1,0
284,1,40,1,46,0,0,1,27707,32,64,1,0,1,0
285,1,23,1,25,0,1,1,28249,39,64,1,1,1,0
286,1,27,1,32,1,1,0,30620,39,65,0,1,1,0
287,0,23,1,46,0,1,1,29035,15,65,1,1,1,0
288,1,48,1,28,0,0,1,51328,15,65,0,0,0,0
289,1,35,1,33,0,0,1,27783,32,65,1,1,1,0
290,1,44,1,40,0,0,1,27226,15,65,1,0,1,0
291,0,41,1,20,0,0,1,2630,32,65,1,0,2,0
292,1,48,1,28,1,0,0,43152,15,65,0,0,0,0
293,1,55,1,28,0,0,1,44657,15,65,1,2,0,0
294,0,40,1,46,0,0,1,42513,41,65,1,0,0,0
295,1,42,1,18,0,0,1,29945,32,65,1,0,1,0
296,1,29,1,41,0,1,1,22050,39,66,1,1,1,0
297,0,44,1,15,0,0,1,48657,47,66,1,0,0,0
298,1,30,1,30,1,1,0,23660,39,66,0,1,1,0
299,0,24,1,11,0,1,1,28909,39,66,1,1,1,0
300,0,40,1,28,0,0,1,37810,31,67,1,0,1,0
301,0,45,1,28,0,0,1,50447,15,67,1,0,0,0
302,1,25,1,8,1,1,0,45752,39,67,0,1,0,0
303,1,45,1,28,0,0,1,40978,15,67,1,0,1,0
304,1,50,1,28,0,0,1,33398,15,67,1,0,1,0
305,0,42,1,28,0,0,1,58755,15,68,1,0,0,0
306,1,48,1,8,0,0,1,30851,32,68,1,0,1,0
307,1,31,1,28,0,0,1,48292,15,68,1,1,0,0
308,1,51,1,28,0,0,1,35132,15,68,0,0,1,0
309,0,26,1,22,1,1,0,21005,39,68,0,1,1,0
310,1,38,1,7,0,0,1,49982,47,68,1,0,0,0
311,0,40,1,28,0,0,1,35658,15,69,1,0,1,0
312,0,64,1,8,0,0,1,34335,15,69,1,2,1,0
313,1,33,1,28,0,0,1,25032,32,69,1,1,1,0
314,1,23,1,13,0,1,1,29997,46,69,0,1,1,0
315,1,46,1,28,0,0,1,40799,15,70,1,0,1,0
316,0,56,1,28,0,0,1,22543,32,70,0,2,1,0
317,0,41,1,50,0,0,1,24575,4,70,1,0,1,0
318,1,23,1,50,1,1,0,39256,39,71,0,1,1,0
319,1,53,1,28,0,0,1,42144,15,71,1,0,0,0
320,1,64,1,28,0,0,1,50563,32,72,1,2,0,0
321,0,29,1,41,1,1,0,35711,39,72,0,1,1,0
322,1,35,1,2,0,0,1,28084,32,72,1,1,1,0
323,0,23,1,2,1,1,0,30959,39,72,0,1,1,0
324,0,55,1,28,1,0,0,43264,15,72,0,2,0,0
325,0,45,1,28,0,0,1,40212,9,72,1,0,1,0
326,1,52,1,46,1,0,0,2630,43,73,0,0,2,0
327,1,58,1,28,0,0,1,34945,15,73,1,2,1,0
328,1,67,1,28,0,0,1,37654,32,73,1,2,1,0
329,1,34,1,28,0,0,1,34463,39,73,0,1,1,0
330,1,57,1,47,0,2,1,39998,15,73,0,2,1,0
331,1,28,1,28,0,0,1,30668,42,73,1,1,1,0
332,0,43,1,28,1,0,1,40842,9,75,0,0,1,0
333,0,40,1,28,0,0,1,40651,15,75,0,0,1,0
334,1,28,1,3,0,0,1,2630,41,75,0,1,2,0
335,1,46,1,28,0,0,1,42779,15,75,1,0,0,0
336,1,43,1,28,0,0,1,50073,31,75,1,0,0,0
337,0,40,1,28,0,0,1,27789,32,75,1,0,1,0
338,0,58,1,28,0,0,0,35208,31,75,0,2,1,0
339,0,29,1,15,1,1,0,36835,39,76,0,1,1,0
340,0,24,1,18,1,1,0,28536,39,76,0,1,1,0
341,1,27,1,8,0,1,1,26245,39,76,0,1,1,0
342,0,36,1,35,0,0,1,29793,15,76,1,0,1,0
343,1,35,1,18,0,0,1,2630,15,76,1,1,2,0
344,0,45,1,8,1,0,0,33930,32,77,0,0,1,0
345,0,21,1,41,1,1,0,2630,39,77,0,1,2,0
346,0,48,1,28,0,2,1,48940,32,77,1,0,0,0
347,0,22,1,39,1,1,0,29604,15,77,0,1,1,0
348,1,49,1,11,1,0,0,2630,30,77,0,0,2,0
349,1,21,1,46,1,1,0,30519,46,77,0,1,1,0
350,1,35,1,28,0,0,1,32060,31,77,1,1,1,0
351,0,59,1,28,0,0,1,41095,15,78,1,2,0,0
352,0,26,1,46,1,1,0,27777,39,78,0,1,1,0
353,1,45,1,28,0,0,1,42245,15,78,1,0,0,0
354,0,45,1,28,0,2,1,62961,15,78,1,0,0,0
355,1,57,1,28,0,2,1,48262,15,78,1,2,0,0
356,0,26,1,50,1,1,0,36066,39,79,0,1,1,0
357,0,34,1,18,0,0,1,2630,32,79,1,1,2,0
358,0,71,1,28,0,0,1,66142,15,79,0,2,0,0
359,1,47,1,28,0,0,1,47209,32,79,1,0,0,0
360,1,46,1,17,0,0,0,32969,32,79,0,0,1,0
361,1,43,1,33,0,0,1,28399,43,79,0,0,1,0
362,1,21,1,30,1,1,0,49989,39,79,0,1,0,0
363,0,41,1,41,1,0,0,31160,36,79,0,0,1,0
364,0,33,1,29,0,0,1,2630,43,79,1,1,2,0
365,0,41,1,28,0,0,1,42067,15,80,0,0,0,0
366,1,49,1,6,0,0,1,32640,41,80,0,0,1,0
367,0,44,1,11,0,0,0,2630,43,80,1,0,2,0
368,1,37,1,45,0,0,1,20955,15,80,0,0,1,0
369,0,27,1,11,1,1,0,33269,39,80,0,1,1,0
370,0,28,1,33,1,1,0,32266,39,80,0,1,1,0
371,0,36,1,2,0,0,1,24772,17,81,1,0,1,0
372,1,23,1,39,0,1,1,2630,43,81,0,1,2,0
373,1,29,1,45,0,0,1,27581,43,81,1,1,1,0
374,1,48,1,8,1,0,0,25973,26,81,0,0,1,0
375,1,22,1,27,0,1,0,23103,39,82,0,1,1,0
376,1,62,1,10,1,0,0,23599,39,82,0,2,1,0
377,0,30,1,43,0,0,1,2630,43,82,1,1,2,0
378,1,23,1,4,0,0,1,29978,43,82,0,1,1,0
379,0,69,1,28,0,2,1,56584,32,82,1,2,0,0
380,1,29,1,6,1,0,0,2630,44,83,0,1,2,0
381,0,42,1,41,0,2,1,31579,15,83,1,0,1,0
382,1,70,1,28,1,0,0,49995,31,83,0,2,0,0
383,1,23,1,35,0,1,1,32019,39,83,0,1,1,0
384,1,22,1,46,1,0,0,21376,41,83,0,1,1,0
385,0,58,1,28,1,0,0,77169,19,83,0,2,0,0
386,0,44,1,28,0,2,1,35407,15,83,1,0,1,0
387,1,41,1,28,0,0,1,59165,43,84,1,0,0,0
388,1,47,1,28,0,2,1,30912,31,84,1,0,1,0
389,1,49,1,15,0,0,1,2630,43,84,1,0,2,0
390,0,60,1,14,0,0,1,18004,32,84,0,2,1,0
391,0,29,1,28,0,1,1,34868,39,84,0,1,1,0
392,1,29,1,6,1,1,0,28545,39,84,0,1,1,0
393,0,54,1,28,0,0,1,42826,15,84,1,0,0,0
394,1,49,1,28,0,0,1,28099,32,85,1,0,1,0
395,0,22,1,50,0,1,0,41659,39,85,0,1,0,0
396,1,51,1,18,0,0,1,27955,15,85,1,0,1,0
397,1,46,1,28,0,0,1,32795,15,85,1,0,1,0
398,1,20,1,8,0,0,1,2630,43,85,1,1,2,0
399,0,35,1,11,0,0,1,38292,32,85,1,1,1,0
400,1,53,1,28,0,2,1,2630,15,85,1,0,2,0
401,0,41,1,28,0,0,1,46447,32,86,0,0,0,0
402,0,42,1,29,0,0,0,2630,32,86,0,0,2,0
403,1,23,1,46,0,1,0,2630,39,86,0,1,2,0
404,0,24,1,21,0,1,1,2630,39,86,0,1,2,0
405,1,24,1,13,1,1,1,2630,46,86,0,1,2,0
406,1,20,1,25,0,1,1,24830,46,86,0,1,1,0
407,0,62,1,28,0,0,1,41446,32,86,0,2,0,0
408,0,20,1,37,0,1,1,33083,46,87,1,1,1,0
409,0,45,1,33,0,0,1,33273,32,87,0,0,1,0
410,0,61,1,28,0,0,1,39704,9,87,1,2,1,0
411,0,28,1,46,1,1,0,23329,39,88,0,1,1,0
412,1,34,1,3,0,0,1,2630,43,88,0,1,2,0
413,0,41,1,28,0,0,1,44044,15,88,0,0,0,0
414,1,29,1,18,1,1,0,21406,39,88,0,1,1,0
415,0,33,1,28,0,0,1,2630,44,88,1,1,2,0
416,1,49,1,29,0,0,1,2630,43,88,0,0,2,0
417,1,25,1,29,1,1,0,39833,39,88,0,1,1,0
418,1,35,1,29,0,0,1,34938,39,88,1,1,1,0
419,1,42,1,41,0,0,1,33761,32,89,1,0,1,0
420,1,44,1,28,1,0,0,24233,15,89,0,0,1,0
421,0,76,1,8,0,0,1,61087,15,90,1,2,0,0
422,1,48,1,28,0,0,1,28156,15,90,1,0,1,0
423,1,56,1,48,0,0,1,2630,32,90,1,2,2,0
424,0,21,1,50,1,1,0,32073,39,90,0,1,1,0
425,0,61,1,28,1,0,0,53733,32,90,0,2,0,0
426,1,58,1,3,0,2,1,2630,15,90,1,2,2,0
427,1,21,1,8,1,1,0,46485,39,91,0,1,0,0
428,1,45,1,28,0,2,1,30953,15,91,1,0,1,0
429,1,33,1,28,0,0,1,43589,15,91,0,1,0,0
430,1,27,1,30,0,1,0,26148,39,91,0,1,1,0
431,1,67,1,28,0,0,1,45361,15,91,0,2,0,0
432,1,51,1,28,0,0,1,35589,15,92,1,0,1,0
433,1,37,1,28,0,1,0,2630,0,92,0,0,2,0
434,1,47,1,28,0,0,1,31613,15,92,1,0,1,0
435,1,42,1,41,0,0,1,35154,15,92,0,0,1,0
436,0,21,1,45,0,1,1,28181,39,92,1,1,1,0
437,0,41,1,47,0,0,1,30290,32,92,0,0,1,0
438,0,23,1,29,0,1,1,26772,39,93,0,1,1,0
439,1,41,1,28,0,0,1,24363,15,93,1,0,1,0
440,1,24,1,29,1,1,0,29642,38,94,0,1,1,0
441,1,43,1,29,0,0,1,40177,15,94,1,0,1,0
442,0,21,1,46,0,1,1,2630,39,94,0,1,2,0
443,0,41,1,29,0,0,0,2630,44,94,0,0,2,0
444,1,42,1,39,1,0,0,38995,32,95,0,0,1,0
445,1,29,1,21,1,1,0,32857,47,96,0,1,1,0
446,0,21,1,15,1,1,0,27921,39,96,0,1,1,0
447,1,31,1,33,0,1,1,35397,32,96,1,1,1,0
448,0,26,1,17,1,1,0,2630,39,96,0,1,2,0
449,1,25,1,49,0,1,1,2630,46,96,0,1,2,0
450,0,27,1,37,0,1,1,29838,39,97,1,1,1,1
451,1,26,1,18,0,1,1,2630,39,97,1,1,2,1
452,0,25,1,37,0,1,0,42827,39,97,0,1,0,1
453,1,50,1,33,0,0,1,29282,32,97,0,0,1,1
454,1,69,1,28,1,0,1,44264,9,97,0,2,0,1
455,1,79,1,51,1,0,0,55938,15,98,0,2,0,1
456,1,59,1,3,1,0,0,41966,32,98,0,2,0,1
457,0,22,1,34,1,1,0,34249,39,98,0,1,1,1
458,0,30,1,28,0,1,1,43563,31,98,1,1,0,1
459,0,33,1,2,1,1,0,26366,39,99,0,1,1,1
460,0,37,1,13,0,0,1,2630,44,99,0,0,2,1
461,0,74,1,24,1,0,0,20484,15,99,0,2,1,1
462,0,50,1,7,0,0,1,29356,43,99,1,0,1,1
463,1,49,1,28,0,0,1,57249,32,99,1,0,0,1
464,0,21,1,50,0,1,1,20347,46,99,0,1,1,1
465,0,55,1,3,0,0,1,2630,43,100,1,2,2,1
466,1,65,1,28,0,0,1,44448,15,100,1,2,0,1
467,1,50,1,18,0,0,1,2630,15,100,1,0,2,1
468,1,43,1,29,0,0,1,2630,15,100,1,0,2,1
469,1,41,1,11,0,0,0,23019,32,101,1,0,1,1
470,1,32,1,46,0,1,1,21144,41,101,1,1,1,1
471,0,24,1,8,1,1,0,49837,39,101,0,1,0,1
472,1,44,1,23,0,0,1,34376,32,101,0,0,1,1
473,0,25,1,8,1,1,0,39675,39,101,0,1,1,1
474,1,57,1,20,1,0,0,2630,35,102,0,2,2,1
475,1,62,1,51,0,2,1,45114,32,102,1,2,0,1
476,1,23,1,27,0,1,1,28325,38,102,0,1,1,1
477,0,21,1,3,0,1,1,2630,43,102,0,1,2,1
478,0,21,1,28,0,0,1,2630,43,102,1,1,2,1
479,0,43,1,28,0,2,1,2630,15,103,1,0,2,1
480,1,32,1,3,0,1,1,30513,39,103,0,1,1,1
481,1,54,1,28,0,0,1,29866,15,104,1,0,1,1
482,0,43,1,23,1,0,0,28470,32,105,0,0,1,1
483,1,36,1,30,1,0,0,2630,32,105,0,0,2,1
484,0,55,1,28,0,0,1,32032,15,105,1,2,1,1
485,0,33,1,48,0,1,1,2630,32,105,1,1,2,1
486,0,40,1,28,0,0,1,36540,32,105,1,0,1,1
487,1,65,1,50,0,0,1,48312,25,105,1,2,0,1
488,1,44,1,6,0,0,1,33233,15,106,1,0,1,1
489,0,22,1,25,1,1,0,26739,39,106,0,1,1,1
490,1,23,1,35,1,1,0,2630,46,106,0,1,2,1
491,1,46,1,28,0,0,1,22914,15,106,1,0,1,1
492,0,38,1,46,0,0,1,25239,41,106,1,0,1,1
493,0,31,1,3,1,1,0,20512,15,106,0,1,1,1
494,0,77,1,46,0,0,1,19861,15,106,0,2,1,1
495,1,43,1,28,0,0,1,55080,15,107,1,0,0,1
496,1,29,1,28,0,1,1,36548,32,107,1,1,1,1
497,1,40,1,28,1,0,0,38474,32,107,0,0,1,1
498,0,67,1,28,0,0,1,41498,32,107,1,2,0,1
499,1,25,1,29,1,1,0,2630,39,107,0,1,2,1
500,0,28,1,3,0,1,1,21889,39,107,1,1,1,1
501,1,33,1,4,0,1,1,35324,32,107,1,1,1,1
502,0,46,1,28,0,0,1,2630,31,108,1,0,2,1
503,1,46,1,17,0,0,1,54821,15,108,1,0,0,1
504,1,41,1,28,0,0,1,51255,15,108,1,0,0,1
505,1,51,1,28,0,0,1,54976,15,108,1,0,0,1
506,0,49,1,28,0,0,1,38554,32,108,0,0,1,1
507,1,72,1,28,0,0,1,38267,15,108,1,2,1,1
508,1,41,1,28,0,0,1,36316,14,108,1,0,1,1
509,0,42,1,28,0,0,1,45079,43,109,0,0,0,1
510,1,32,1,30,0,1,1,2630,39,109,1,1,2,1
511,1,56,1,8,1,0,0,54202,32,109,0,2,0,1
512,0,31,1,28,0,0,1,29326,32,109,0,1,1,1
513,1,33,1,23,0,1,1,28661,41,109,1,1,1,1
514,0,54,1,28,0,0,1,2630,43,109,0,0,2,1
515,0,23,1,33,1,1,0,44076,39,110,0,1,0,1
516,1,68,0,28,0,0,1,38904,15,110,0,2,1,1
517,1,34,1,1,0,0,1,2630,32,110,1,1,2,1
518,0,34,1,28,0,0,1,29478,32,111,0,1,1,1
519,1,25,1,41,0,1,1,28689,39,111,0,1,1,1
520,1,34,1,15,0,0,1,39451,39,111,1,1,1,1
521,0,38,1,23,0,0,1,2630,15,111,0,0,2,1
522,1,32,1,3,0,1,1,18349,15,112,1,1,1,1
523,0,25,1,28,0,1,1,41918,39,112,1,1,0,1
524,1,42,1,28,0,0,1,39634,15,112,1,0,1,1
525,0,52,1,28,0,0,1,47225,15,112,1,0,0,1
526,0,22,1,27,0,1,1,22446,15,112,0,1,1,1
527,0,31,1,28,0,0,1,46737,15,112,1,1,0,1
528,1,42,1,41,0,0,1,31571,29,112,1,0,1,1
529,0,24,1,11,1,1,0,29300,38,113,0,1,1,1
530,0,52,1,28,0,0,1,56219,9,113,0,0,0,1
531,0,22,1,8,0,1,1,72561,39,113,0,1,0,1
532,1,25,1,10,0,1,1,20489,39,113,0,1,1,1
533,1,49,1,28,0,0,1,41830,9,113,0,0,0,1
534,0,29,1,6,1,1,0,29744,39,113,0,1,1,1
535,0,41,1,29,0,0,1,2630,15,113,1,0,2,1
536,0,56,1,41,0,0,1,39355,44,113,1,2,1,1
537,1,43,1,28,0,0,1,38353,31,113,1,0,1,1
538,1,43,1,28,0,0,1,32418,43,113,0,0,1,1
539,0,36,1,3,0,0,1,2630,32,113,1,0,2,1
540,0,22,1,3,0,1,1,25275,39,114,0,1,1,1
541,1,72,1,28,0,0,1,33801,15,114,0,2,1,1
542,0,29,1,30,1,1,0,25976,39,114,0,1,1,1
543,0,64,1,33,0,0,1,27754,44,114,1,2,1,1
544,1,52,1,8,0,0,1,48250,15,114,1,0,0,1
545,0,21,1,17,1,1,0,2630,46,114,0,1,2,1
546,0,44,1,28,0,0,1,46069,32,114,1,0,0,1
547,0,63,1,20,1,0,0,2630,32,114,0,2,2,1
548,1,32,1,28,0,0,1,31256,32,114,1,1,1,1
549,0,46,1,3,0,0,1,29641,32,114,1,0,1,1
550,1,33,1,41,0,0,1,2630,41,114,0,1,2,1
551,0,24,1,29,0,0,1,32236,15,114,1,1,1,1
552,1,49,1,20,0,0,0,2630,32,115,0,0,2,1
553,1,24,1,45,1,1,0,29654,39,115,0,1,1,1
554,1,49,1,30,0,0,0,2630,32,115,0,0,2,1
555,0,40,1,50,0,2,1,58788,32,115,1,0,0,1
556,0,22,1,2,0,1,1,35674,39,116,0,1,1,1
557,0,26,1,37,1,1,0,31863,15,116,0,1,1,1
558,0,44,1,28,0,0,1,45056,15,116,1,0,0,1
559,1,57,1,28,0,0,0,44633,15,116,0,2,0,1
560,0,26,1,10,1,1,0,24424,39,117,0,1,1,1
561,1,40,1,28,0,0,1,35972,32,117,1,0,1,1
562,1,22,1,37,0,1,1,27045,39,117,1,1,1,1
563,1,49,1,28,0,0,1,44725,15,117,0,0,0,1
564,1,70,1,28,0,0,1,40625,32,117,0,2,1,1
565,1,60,1,33,0,0,1,23975,47,118,1,2,1,1
566,0,58,1,48,0,0,1,2630,10,118,1,2,2,1
567,1,22,1,35,1,1,0,25760,39,118,0,1,1,1
568,1,65,1,28,0,0,1,34251,32,118,1,2,1,1
569,0,35,1,41,1,0,0,41057,32,118,0,1,1,1
570,0,48,1,49,0,0,1,25701,15,118,0,0,1,1
571,0,48,1,28,0,0,1,48967,15,118,1,0,0,1
572,0,44,1,36,1,0,0,32275,39,118,0,0,1,1
573,0,23,1,47,0,1,1,32715,39,118,1,1,1,1
574,0,25,1,15,1,1,0,46305,39,118,0,1,0,1
575,1,36,1,29,0,0,1,29824,47,119,0,0,1,1
576,0,77,1,28,0,0,1,49429,32,119,0,2,0,1
577,0,75,1,28,0,0,1,52725,15,119,1,2,0,1
578,1,27,1,28,1,1,0,42132,39,119,0,1,0,1
579,1,46,1,28,0,0,1,46137,15,119,1,0,0,1
580,1,26,1,35,1,1,0,2630,39,119,0,1,2,1
581,0,27,1,7,1,1,0,2630,39,119,0,1,2,1
582,1,48,1,24,0,0,1,29339,15,120,0,0,1,1
583,1,42,1,46,1,0,0,25125,15,120,0,0,1,1
584,1,47,1,33,0,0,1,25004,32,120,0,0,1,1
585,1,42,1,8,0,0,1,34649,15,120,1,0,1,1
586,1,41,1,28,1,0,0,42507,32,120,0,0,0,1
587,1,47,1,45,0,0,1,32389,15,121,1,0,1,1
588,0,41,1,7,0,0,1,2630,43,121,1,0,2,1
589,0,37,1,15,0,0,1,25807,15,121,1,0,1,1
590,0,45,1,28,1,0,0,24437,32,121,0,0,1,1
591,1,45,1,28,0,0,1,41687,15,121,0,0,0,1
592,0,30,1,47,0,1,1,36445,39,122,0,1,1,1
593,1,52,1,28,0,0,1,36555,15,122,1,0,1,1
594,1,24,1,8,0,1,0,41096,39,122,0,1,0,1
595,1,65,1,28,0,2,1,26699,31,122,0,2,1,1
596,0,24,1,50,0,1,1,38463,39,123,1,1,1,1
597,0,53,1,43,0,0,1,35872,44,123,0,0,1,1
598,0,46,1,8,1,0,0,33224,43,123,0,0,1,1
599,1,50,1,11,0,0,1,2630,15,123,1,0,2,1
600,1,51,1,28,0,0,1,45319,15,123,1,0,0,1
601,0,22,1,46,1,1,0,23647,39,123,0,1,1,1
602,0,30,1,41,0,1,1,32954,39,123,1,1,1,1
603,1,26,1,45,1,1,0,24288,39,123,0,1,1,1
604,1,46,1,11,0,0,1,41729,32,124,1,0,0,1
605,0,27,1,50,1,1,0,27656,39,124,0,1,1,1
606,1,64,1,28,0,2,1,48059,32,124,0,2,0,1
607,1,56,1,47,0,0,1,2630,44,124,1,2,2,1
608,0,46,1,8,0,0,1,48137,32,124,1,0,0,1
609,1,51,1,28,0,0,1,2630,15,125,1,0,2,1
610,1,35,1,28,0,0,1,44035,32,125,1,1,0,1
611,0,67,1,28,1,0,0,2630,43,125,0,2,2,1
612,1,38,1,28,0,0,1,40211,15,126,1,0,1,1
613,0,21,1,5,0,1,1,36638,39,126,0,1,1,1
614,1,38,1,28,0,0,1,26027,32,126,1,0,1,1
615,1,49,1,8,1,0,0,62762,32,126,0,0,0,1
616,1,24,1,28,0,1,1,2630,32,126,1,1,2,1
617,1,37,1,28,0,0,1,39285,47,126,1,0,1,1
618,0,28,1,39,1,1,0,2630,39,126,0,1,2,1
619,0,79,1,8,0,0,1,70140,46,126,0,2,0,1
620,1,26,1,28,0,1,1,43840,43,126,1,1,0,1
621,1,48,1,18,0,0,1,31097,15,127,1,0,1,1
622,0,51,1,28,0,0,1,47371,2,127,1,0,0,1
623,0,31,1,23,0,0,1,2630,43,127,1,1,2,1
624,1,50,1,28,0,0,1,51663,33,127,1,0,0,1
625,1,23,1,8,0,1,1,28244,39,127,0,1,1,1
626,1,39,1,28,0,0,1,40597,32,127,1,0,1,1
627,0,68,1,3,0,0,1,34656,15,128,1,2,1,1
628,1,45,1,50,0,0,1,27490,32,128,0,0,1,1
629,1,49,1,28,0,0,1,38657,15,128,1,0,1,1
630,0,22,1,37,0,1,1,32675,39,128,0,1,1,1
631,0,47,1,28,0,0,1,36277,31,128,1,0,1,1
632,0,59,1,28,1,0,0,52757,14,129,0,2,0,1
633,1,24,1,23,0,1,1,30760,32,129,1,1,1,1
634,1,52,1,28,0,0,1,2630,15,129,1,0,2,1
635,0,28,1,8,1,1,0,32514,39,130,0,1,1,1
636,1,27,1,37,0,1,1,29822,39,130,1,1,1,1
637,0,22,1,37,0,1,1,2630,39,130,0,1,2,1
638,1,25,1,8,1,1,0,72923,39,131,0,1,0,1
639,1,69,1,28,0,2,1,43598,32,131,0,2,0,1
640,1,40,1,25,0,0,1,31420,15,131,1,0,1,1
641,1,39,1,35,0,0,1,32885,31,131,1,0,1,1
642,0,60,1,35,0,0,1,2630,32,132,0,2,2,1
643,0,55,1,8,0,0,1,44432,32,132,0,2,0,1
644,1,22,1,37,0,1,1,41217,39,132,0,1,0,1
645,0,52,1,12,0,0,1,2630,41,132,0,0,2,1
646,0,40,1,28,0,2,1,44455,15,133,0,0,0,1
647,1,58,1,8,0,2,1,2630,32,133,1,2,2,1
648,1,34,1,4,0,0,1,31648,32,133,1,1,1,1
649,1,45,1,8,0,0,1,40686,32,133,0,0,1,1
650,0,39,1,28,0,0,1,24925,15,134,1,0,1,1
651,1,40,1,46,0,0,1,36207,32,134,0,0,1,1
652,1,75,1,28,0,0,1,44582,14,134,1,2,0,1
653,0,23,1,28,0,1,1,34661,32,134,1,1,1,1
654,1,34,1,28,0,0,1,70314,32,134,0,1,0,1
655,1,68,1,28,0,0,1,36994,15,134,1,2,1,1
656,1,47,1,28,0,0,1,42201,31,135,0,0,0,1
657,1,21,1,28,0,1,1,33350,39,135,1,1,1,1
658,1,37,1,11,0,0,1,2630,44,135,1,0,2,1
659,1,27,1,30,1,1,0,32568,39,135,0,1,1,1
660,1,37,1,28,0,0,1,42207,32,135,1,0,0,1
661,1,29,1,36,0,1,1,34372,32,135,0,1,1,1
662,0,47,1,42,1,0,0,28112,16,135,0,0,1,1
663,1,35,1,18,1,0,0,2630,39,135,0,1,2,1
664,1,27,1,29,0,0,1,41270,32,136,1,1,0,1
665,1,23,1,8,1,1,0,2630,39,136,0,1,2,1
666,1,64,1,8,0,0,1,32596,15,136,1,2,1,1
667,1,52,1,28,0,2,1,2630,32,137,0,0,2,1
668,1,39,1,46,0,0,1,26146,44,137,1,0,1,1
669,0,40,1,28,0,0,1,51304,32,137,1,0,0,1
670,1,24,1,41,1,1,0,26326,39,137,0,1,1,1
671,0,39,1,28,0,0,1,58708,31,137,1,0,0,1
672,1,47,1,2,0,0,1,29691,17,138,1,0,1,1
673,0,38,1,3,0,0,1,34092,32,138,0,0,1,1
674,0,54,1,28,0,0,1,23135,32,139,1,0,1,1
675,1,25,1,47,0,1,1,35752,39,139,0,1,1,1
676,0,40,1,8,0,0,1,50605,32,139,1,0,0,1
677,0,46,1,48,0,0,1,2630,15,139,0,0,2,1
678,1,43,1,8,0,0,0,52654,32,139,1,0,0,1
679,1,25,1,15,0,1,1,31379,39,139,0,1,1,1
680,1,38,1,38,0,0,1,22006,41,139,1,0,1,1
681,1,75,1,8,0,0,1,40912,32,140,0,2,1,1
682,1,38,1,28,0,0,1,35154,32,140,1,0,1,1
683,1,58,1,28,0,2,1,45627,32,140,1,2,0,1
684,1,23,1,15,0,1,1,39534,39,140,1,1,1,1
685,0,43,1,28,0,0,1,41317,41,141,1,0,0,1
686,0,53,1,28,0,0,1,43268,43,141,0,0,0,1
687,0,53,1,28,0,0,1,73105,20,141,1,0,0,1
688,1,39,1,46,0,0,1,27462,39,141,1,0,1,1
689,0,22,1,25,1,1,0,25997,39,141,0,1,1,1
690,0,41,1,28,0,0,1,35805,31,141,0,0,1,1
691,1,44,1,28,1,0,0,38748,12,141,0,0,1,1
692,1,54,1,28,1,0,0,21530,32,142,0,0,1,1
693,0,48,1,28,1,0,0,32317,32,142,0,0,1,1
694,1,52,1,29,0,0,1,38440,32,142,1,0,1,1
695,0,22,1,26,0,1,1,38188,39,142,0,1,1,1
696,0,32,1,35,0,1,1,21320,39,142,1,1,1,1
697,1,48,1,8,0,0,1,41911,15,143,1,0,0,1
698,0,25,1,36,1,1,0,37153,39,143,0,1,1,1
699,1,63,1,11,1,0,0,27790,15,143,0,2,1,1
700,1,44,1,8,1,0,0,41603,15,143,0,0,0,1
701,0,42,1,28,0,0,1,36806,32,143,1,0,1,1
702,1,66,1,34,0,0,1,34475,32,143,0,2,1,1
703,0,45,1,28,0,0,1,42295,20,144,0,0,0,1
704,0,44,1,3,1,0,0,23101,32,144,0,0,1,1
705,0,44,1,28,0,0,1,30798,32,144,1,0,1,1
706,0,21,1,46,1,1,0,28741,46,144,0,1,1,1
707,0,27,1,11,0,1,1,28608,39,145,1,1,1,1
708,1,58,1,50,0,0,1,42630,15,145,0,2,0,1
709,0,48,1,41,0,0,0,2630,15,145,0,0,2,1
710,1,35,1,41,1,0,0,2630,32,145,0,1,2,1
711,1,21,1,3,0,0,1,28967,32,146,1,1,1,1
712,1,56,1,28,0,0,1,69440,32,146,0,2,0,1
713,0,49,1,48,1,0,0,2630,10,146,0,0,2,1
714,0,26,1,30,1,1,0,54788,39,146,0,1,0,1
715,1,21,1,8,1,1,0,48163,46,146,0,1,0,1
716,1,34,1,28,0,0,1,44834,15,146,1,1,0,1
717,1,22,1,29,0,1,1,43698,39,146,1,1,0,1
718,0,26,1,13,1,1,0,29990,39,146,0,1,1,1
719,1,27,1,37,1,1,0,30918,39,146,0,1,1,1
720,0,46,1,28,0,0,1,85019,32,146,1,0,0,1
721,0,42,1,46,0,0,1,23566,15,146,1,0,1,1
722,1,63,1,8,0,2,1,48301,15,147,0,2,0,1
723,1,27,1,28,1,1,0,34046,39,147,0,1,1,1
724,0,29,1,39,1,1,0,46691,39,147,0,1,0,1
725,0,34,1,29,1,0,1,27168,32,148,0,1,1,1
726,0,67,1,8,1,0,0,54053,32,148,0,2,0,1
727,1,57,1,28,0,0,1,38537,31,148,0,2,1,1
728,1,56,1,6,0,0,1,43556,15,148,0,2,0,1
729,0,57,1,28,0,0,1,31915,15,148,0,2,1,1
730,0,43,1,28,0,0,1,37343,32,148,1,0,1,1
731,0,54,1,28,0,0,1,72231,15,148,1,0,0,1
732,1,70,1,28,0,2,1,32477,32,148,1,2,1,1
733,1,30,1,8,0,0,1,2630,43,148,1,1,2,1
734,0,57,1,28,0,0,1,39648,32,148,1,2,1,1
735,1,38,1,46,0,0,0,41594,7,148,0,0,0,1
736,1,34,1,28,0,1,1,2630,46,149,0,1,2,1
737,0,32,1,30,1,1,0,26974,39,149,0,1,1,1
738,0,39,1,36,0,0,1,33080,39,149,0,0,1,1
739,1,23,1,28,0,1,1,48966,15,149,1,1,0,1
740,1,43,1,41,0,0,1,2630,43,149,0,0,2,1
741,1,25,1,30,0,1,1,20387,47,149,1,1,1,1
742,1,44,1,46,0,0,1,36565,32,149,1,0,1,1
743,1,63,1,46,0,0,1,35276,32,149,1,2,1,1
744,1,36,1,28,0,0,1,38378,32,150,1,0,1,1
745,0,26,1,45,1,1,0,30858,39,150,0,1,1,1
746,1,42,1,29,0,0,1,49691,32,150,1,0,0,1
747,1,23,1,41,0,1,1,27315,39,150,0,1,1,1
748,1,51,1,28,0,0,1,52074,15,150,1,0,0,1
749,1,40,1,10,0,0,1,2630,43,150,0,0,2,1
750,0,36,1,28,0,0,1,39540,15,150,1,0,1,1
751,1,36,1,28,0,0,1,2630,32,150,0,0,2,1
752,0,39,1,28,0,0,1,2630,41,151,1,0,2,1
753,0,46,1,28,0,0,1,43552,15,151,1,0,0,1
754,1,75,1,31,1,0,1,2630,5,151,0,2,2,1
755,1,43,1,28,0,0,1,52966,15,151,0,0,0,1
756,1,21,1,35,1,1,0,24829,46,151,0,1,1,1
757,1,75,1,28,1,0,0,82682,9,151,0,2,0,1
758,1,24,1,30,1,1,0,25364,39,151,0,1,1,1
759,0,35,1,24,0,0,1,38189,32,152,0,1,1,1
760,1,21,1,21,1,1,0,25900,39,152,0,1,1,1
761,0,41,1,28,0,0,1,25687,15,152,0,0,1,1
762,1,37,1,41,0,0,1,25722,41,152,1,0,1,1
763,0,43,1,3,0,0,1,22879,32,152,1,0,1,1
764,0,78,1,28,0,0,1,38818,15,153,0,2,1,1
765,0,49,1,28,0,0,1,24390,44,153,1,0,1,1
766,1,32,1,28,1,1,0,38187,32,153,0,1,1,1
767,0,49,1,8,0,0,1,41464,32,153,1,0,0,1
768,0,39,1,28,0,0,1,33591,31,154,0,0,1,1
769,1,52,1,28,0,0,1,76756,20,154,0,0,0,1
770,1,74,1,28,0,2,1,55358,32,154,1,2,0,1
771,0,63,1,28,1,0,0,25910,32,154,0,2,1,1
772,0,31,1,36,1,1,0,31716,39,154,0,1,1,1
773,1,76,1,28,0,2,1,47442,15,154,1,2,0,1
774,0,21,1,30,0,1,1,25872,46,155,0,1,1,1
775,0,31,1,6,1,1,0,23733,39,155,0,1,1,1
776,0,28,1,35,1,1,0,2630,39,155,0,1,2,1
777,1,74,1,24,1,0,0,28918,15,155,0,2,1,1
778,0,27,1,8,1,1,0,49687,39,155,0,1,0,1
779,1,46,1,28,0,0,1,47816,32,155,1,0,0,1
780,1,53,1,28,0,0,1,50103,15,156,0,0,0,1
781,1,61,1,48,0,0,1,2630,31,156,1,2,2,1
782,0,26,1,37,1,1,1,27856,39,156,0,1,1,1
783,1,24,1,12,1,1,0,20964,39,156,0,1,1,1
784,1,56,1,28,0,2,1,46334,31,157,1,2,0,1
785,0,48,1,28,0,0,1,39814,15,157,0,0,1,1
786,0,25,1,11,1,1,0,32077,39,157,0,1,1,1
787,1,34,1,30,0,0,1,29640,32,157,0,1,1,1
788,0,26,1,15,1,1,0,38129,39,157,0,1,1,1
789,0,53,1,28,0,0,1,28688,32,157,0,0,1,1
790,1,26,1,8,1,1,0,113379,39,157,0,1,0,1
791,1,22,1,2,0,1,1,36924,39,158,0,1,1,1
792,0,22,1,13,1,1,0,20090,39,158,0,1,1,1
793,0,24,1,14,1,1,0,22867,39,158,0,1,1,1
794,1,37,1,28,0,0,1,29954,15,158,1,0,1,1
795,0,33,1,28,0,0,1,70304,32,158,1,1,0,1
796,1,58,1,24,1,0,0,31199,15,158,0,2,1,1
797,1,45,1,19,0,0,1,2630,32,159,1,0,2,1
798,0,40,1,28,0,0,1,69856,32,159,1,0,0,1
799,1,40,1,28,0,0,1,49442,15,159,1,0,0,1
800,1,38,1,23,0,0,1,27284,32,159,0,0,1,1
801,1,25,1,8,1,1,0,31284,39,159,0,1,1,1
802,0,20,1,4,0,0,1,28544,43,159,1,1,1,1
803,1,24,1,28,0,1,1,39851,39,160,1,1,1,1
804,1,54,1,41,0,0,1,45448,32,160,1,0,0,1
805,1,23,1,28,0,1,1,38087,15,160,0,1,1,1
806,1,26,1,45,0,1,0,23630,39,160,0,1,1,1
807,1,47,1,28,0,0,1,47201,32,160,1,0,0,1
808,1,25,1,15,0,1,1,19675,39,161,1,1,1,1
809,1,45,1,28,0,0,1,36370,32,161,1,0,1,1
810,1,22,1,14,0,1,0,23955,39,161,0,1,1,1
811,0,55,1,28,0,0,1,25284,15,161,1,2,1,1
812,0,30,1,27,0,1,1,2630,39,161,1,1,2,1
813,1,26,1,41,0,1,1,51709,32,161,1,1,0,1
814,0,24,1,29,1,1,0,50725,39,161,0,1,0,1
815,1,26,1,41,1,1,0,31680,39,161,0,1,1,1
816,1,71,1,28,0,0,1,41869,32,161,0,2,0,1
817,1,43,1,28,0,0,1,58037,15,161,1,0,0,1
818,1,53,1,28,1,0,0,38452,12,161,0,0,1,1
819,1,55,1,8,0,0,1,47674,15,162,1,2,0,1
820,1,53,1,28,0,0,1,42474,44,162,1,0,0,1
821,0,54,1,2,0,0,0,27796,32,162,0,0,1,1
822,1,42,1,50,1,0,0,40010,32,162,0,0,1,1
823,1,47,1,47,0,0,1,45505,15,162,1,0,0,1
824,1,37,1,11,0,0,1,28182,32,163,0,0,1,1
825,1,76,1,9,0,0,1,2630,43,163,0,2,2,1
826,0,34,1,28,0,0,1,2630,32,163,1,1,2,1
827,1,67,1,46,0,0,1,27463,15,164,1,2,1,1
828,1,35,1,28,0,0,1,35249,32,164,1,1,1,1
829,1,26,1,28,1,1,0,33064,39,164,0,1,1,1
830,0,36,1,29,0,0,1,30900,15,164,0,0,1,1
831,0,23,1,50,1,1,0,32028,39,164,0,1,1,1
832,1,44,1,28,0,0,1,23206,32,164,1,0,1,1
833,0,40,1,28,0,0,1,2630,15,164,1,0,2,1
834,1,52,1,28,0,0,1,35064,15,164,0,0,1,1
835,0,28,1,10,0,1,1,2630,39,164,0,1,2,1
836,0,35,1,4,0,0,1,2630,41,164,1,1,2,1
837,1,32,1,28,0,0,0,32126,32,165,0,1,1,1
838,1,46,1,18,0,0,1,35546,32,165,1,0,1,1
839,1,45,1,5,0,0,1,39167,15,165,1,0,1,1
840,0,28,1,28,0,0,1,36936,43,165,1,1,1,1
841,1,55,1,28,0,2,1,2630,15,165,1,2,2,1
842,1,23,1,18,0,1,1,2630,39,166,0,1,2,1
843,0,28,1,32,1,1,0,35685,39,166,0,1,1,1
844,1,41,1,28,0,0,1,53854,20,166,0,0,0,1
845,1,51,1,41,1,0,0,68652,32,166,0,0,0,1
846,0,55,1,28,0,0,1,2630,44,166,0,2,2,1
847,0,71,1,28,0,0,1,44746,20,167,1,2,0,1
848,1,40,1,29,0,0,1,38720,32,167,1,0,1,1
849,0,24,1,2,0,1,0,2630,39,167,0,1,2,1
850,0,24,1,28,1,1,0,38272,39,168,0,1,1,1
851,1,24,1,33,1,1,0,32287,39,168,0,1,1,1
852,1,28,1,37,1,1,1,2630,46,168,0,1,2,1
853,1,44,1,7,0,0,1,33766,15,169,1,0,1,1
854,1,23,1,8,0,1,1,58132,39,169,1,1,0,1
855,0,23,1,23,1,1,0,48379,39,169,0,1,0,1
856,0,22,1,12,1,1,0,24909,39,169,0,1,1,1
857,0,55,1,14,1,0,0,28960,30,169,0,2,1,1
858,1,45,1,28,0,0,1,34663,15,170,1,0,1,1
859,1,76,1,9,0,0,0,47067,16,170,0,2,0,1
860,1,42,1,41,0,0,1,20126,47,170,0,0,1,1
861,1,22,1,8,1,1,0,42849,39,170,0,1,0,1
862,0,36,1,28,0,0,1,22399,15,170,1,0,1,1
863,0,23,1,11,0,1,0,2630,39,171,1,1,2,1
864,0,21,1,29,0,1,0,31575,39,172,0,1,1,1
865,1,52,1,28,0,0,1,41427,15,172,1,0,0,1
866,0,33,1,28,1,1,0,31928,15,172,0,1,1,1
867,1,29,1,50,1,1,0,45431,15,172,0,1,0,1
868,0,25,1,4,0,1,1,26176,15,172,0,1,1,1
869,1,39,1,10,0,0,1,29217,15,172,1,0,1,1
870,1,33,1,28,1,1,0,2630,46,173,0,1,2,1
871,0,24,1,41,1,1,0,24409,39,173,0,1,1,1
872,0,27,1,28,1,1,0,57744,39,173,0,1,0,1
873,0,65,1,46,0,0,1,26284,32,173,0,2,1,1
874,1,35,1,28,0,0,1,57738,15,173,1,1,0,1
875,1,54,1,28,0,0,1,42864,32,173,1,0,0,1
876,0,54,1,46,1,0,0,45971,32,173,0,0,0,1
877,1,43,1,28,0,2,1,30925,31,173,1,0,1,1
878,0,66,1,28,0,0,1,32219,15,174,0,2,1,1
879,1,26,1,11,1,1,0,27089,39,174,0,1,1,1
880,1,57,1,8,0,0,1,57889,32,174,0,2,0,1
881,0,27,1,14,1,1,0,34447,39,175,0,1,1,1
882,1,58,1,28,1,0,0,33233,32,175,0,2,1,1
883,1,51,1,28,0,0,1,38351,32,175,1,0,1,1
884,0,29,1,29,1,1,0,26252,39,175,0,1,1,1
885,0,22,1,8,0,1,1,2630,39,176,0,1,2,1
886,0,64,1,22,1,0,1,33869,32,176,0,2,1,1
887,1,41,1,45,0,0,1,33713,32,176,1,0,1,1
888,0,24,1,16,1,1,0,32579,39,177,0,1,1,1
889,1,32,1,39,0,1,1,35715,32,177,1,1,1,1
890,0,25,1,30,1,1,0,27733,39,177,0,1,1,1
891,0,49,1,8,0,2,1,50048,32,177,1,0,0,1
892,0,45,1,28,0,0,1,50800,15,177,1,0,0,1
893,0,22,1,3,0,1,1,25585,15,177,1,1,1,1
894,0,25,1,28,0,1,1,30723,39,177,1,1,1,1
895,0,23,1,15,1,1,1,2630,39,178,0,1,2,1
896,1,50,1,45,0,0,1,30271,15,178,1,0,1,1
897,0,39,1,28,0,0,1,33338,32,178,1,0,1,1
898,1,35,1,28,0,0,1,65826,32,178,1,1,0,1
899,1,29,1,37,0,1,1,39672,39,179,0,1,1,1
900,1,26,1,3,1,1,0,2630,39,179,0,1,2,1
901,0,25,1,13,1,1,0,2630,39,179,0,1,2,1
902,1,46,1,33,1,0,0,30698,31,180,0,0,1,1
903,0,24,1,25,1,1,0,27709,39,180,0,1,1,1
904,0,31,1,28,0,0,1,34038,32,180,1,1,1,1
905,1,56,1,50,1,0,0,26772,15,181,0,2,1,1
906,0,26,1,36,1,1,0,24804,39,181,0,1,1,1
907,1,32,1,33,0,1,1,25506,15,182,1,1,1,1
908,1,23,1,21,0,1,1,34158,39,182,1,1,1,1
909,1,25,1,28,1,1,0,41379,39,182,0,1,0,1
910,1,52,1,8,0,0,1,40709,32,182,1,0,1,1
911,1,24,1,6,1,1,0,2630,39,183,0,1,2,1
912,0,24,1,8,0,1,0,24070,39,183,0,1,1,1
913,1,30,1,41,0,0,1,2630,47,183,1,1,2,1
914,1,57,1,33,0,0,1,31213,32,184,1,2,1,1
915,1,46,1,28,0,2,1,44271,15,184,1,0,0,1
916,0,24,1,13,1,1,0,29496,39,184,0,1,1,1
917,0,45,1,28,1,0,0,2630,15,185,0,0,2,1
918,1,48,1,28,0,0,1,43575,15,185,1,0,0,1
919,1,39,1,48,1,0,0,2630,41,185,0,0,2,1
920,0,27,1,30,1,1,0,28162,40,185,0,1,1,1
921,1,65,1,28,0,0,1,90789,15,186,1,2,0,1
922,1,34,1,1,0,0,1,2630,44,186,1,1,2,1
923,0,77,1,28,0,0,1,32616,31,186,0,2,1,1
924,1,52,1,41,1,0,0,31795,32,186,0,0,1,1
925,1,52,1,8,1,0,0,50818,32,186,0,0,0,1
926,1,49,1,46,0,0,1,29072,15,186,1,0,1,1
927,1,47,1,35,0,0,1,32349,32,186,1,0,1,1
928,1,22,1,5,1,1,0,27910,39,186,0,1,1,1
929,1,46,1,8,0,0,1,26667,32,187,1,0,1,1
930,1,53,1,23,0,0,1,2630,15,187,1,0,2,1
931,0,33,1,8,0,0,1,35764,32,187,1,1,1,1
932,0,27,1,41,1,1,1,26168,40,187,0,1,1,1
933,1,57,1,3,0,0,1,28555,15,188,1,2,1,1
934,1,31,1,28,0,0,1,24981,15,188,1,1,1,1
935,0,47,1,11,0,0,1,29849,44,188,1,0,1,1
936,0,54,1,28,0,0,1,36807,32,188,1,0,1,1
937,0,73,1,28,0,0,1,41802,15,188,0,2,0,1
938,0,27,1,29,1,1,0,36636,39,188,0,1,1,1
939,0,24,1,13,0,0,1,26170,32,189,1,1,1,1
940,1,54,1,28,0,0,1,38172,32,189,1,0,1,1
941,1,44,1,38,0,0,1,48229,15,189,0,0,0,1
942,1,32,1,8,0,1,1,43150,32,190,1,1,0,1
943,0,24,1,6,0,1,1,35027,39,190,1,1,1,1
944,0,29,1,41,0,0,1,37919,42,191,1,1,1,1
945,1,25,1,41,1,1,0,41243,39,191,0,1,0,1
946,1,51,1,31,0,2,1,2630,5,191,1,0,2,1
947,1,34,1,8,1,0,0,39300,39,191,0,1,1,1
948,1,51,1,3,0,0,0,20855,32,191,0,0,1,1
949,0,48,1,28,0,2,1,37105,15,192,1,0,1,1
950,1,42,1,28,0,0,1,48775,15,192,1,0,0,1
951,1,45,1,28,0,0,1,43352,15,192,1,0,0,1
952,1,30,1,41,1,1,0,32108,15,192,0,1,1,1
953,1,36,1,5,0,0,1,31915,15,192,1,0,1,1
954,1,45,1,9,0,0,1,2630,43,192,1,0,2,1
955,1,35,1,3,1,0,0,17224,39,193,0,1,1,1
956,1,53,1,50,0,0,1,2630,15,193,0,0,2,1
957,1,41,1,10,0,2,1,36995,47,193,1,0,1,1
958,0,52,1,50,0,0,1,43403,32,193,1,0,0,1
959,1,22,1,28,1,1,0,27032,39,193,0,1,1,1
960,0,25,1,44,0,1,1,45102,39,193,0,1,0,1
961,1,33,1,11,1,0,1,32656,15,193,0,1,1,1
962,0,36,1,33,0,0,1,33630,39,193,1,0,1,1
963,1,28,1,8,0,1,1,43179,15,193,0,1,0,1
964,0,27,1,46,0,0,0,45518,44,193,0,1,0,1
965,0,43,1,28,0,0,1,2630,15,193,1,0,2,1
966,1,23,1,8,1,1,0,40851,39,193,0,1,1,1
967,1,69,1,14,0,0,1,2630,15,193,1,2,2,1
968,1,22,1,47,1,1,0,38681,39,194,0,1,1,1
969,0,25,1,34,1,1,0,16788,39,194,0,1,2,1
970,0,26,1,44,1,1,0,15570,39,194,0,1,2,1
971,0,22,1,14,1,1,0,38167,39,194,0,1,1,1
972,0,48,1,3,1,0,0,20714,39,194,0,0,1,1
973,1,31,1,28,1,1,0,57674,39,195,0,1,0,1
974,0,50,1,48,0,0,1,2630,15,195,1,0,2,1
975,0,33,1,46,0,1,1,2630,43,195,1,1,2,1
976,0,38,1,28,1,0,0,22779,31,195,0,0,1,1
977,0,41,1,28,0,0,1,41754,15,195,1,0,0,1
978,0,39,1,15,0,0,1,33982,39,195,1,0,1,1
979,0,48,1,15,0,0,1,34605,15,195,1,0,1,1
980,1,53,1,28,0,0,1,48196,32,196,0,0,0,1
981,1,38,1,35,0,0,1,2630,32,196,1,0,2,1
982,1,57,1,45,1,0,0,41716,19,196,0,2,0,1
983,0,42,1,28,0,0,1,39771,21,197,1,0,1,1
984,1,51,1,28,0,0,1,45606,32,197,1,0,0,1
985,1,48,1,28,0,0,1,47131,15,197,1,0,0,1
986,0,66,1,33,0,0,1,36592,15,197,1,2,1,1
987,1,22,1,46,0,1,1,26205,39,197,1,1,1,1
988,1,26,1,47,0,1,0,26822,39,197,0,1,1,1
989,1,42,1,28,0,0,1,43374,32,197,0,0,0,1
990,1,72,1,33,0,0,1,36728,32,197,0,2,1,1
991,1,24,1,41,1,1,0,36799,39,197,0,1,1,1
992,0,48,1,28,0,2,1,52315,15,197,1,0,0,1
993,0,52,1,28,0,0,1,38710,15,197,1,0,1,1
994,0,24,1,50,1,1,0,35453,39,198,0,1,1,1
995,0,56,1,9,1,0,0,28376,3,198,0,2,1,1
996,1,42,1,39,0,0,1,25839,32,198,1,0,1,1
997,1,54,1,42,0,0,1,26666,15,198,1,0,1,1
998,0,60,1,46,0,0,1,26740,2,198,1,2,1,1
999,0,24,1,16,1,1,0,23031,38,198,0,1,1,1
1000,0,39,1,28,1,0,0,73830,32,198,0,0,0,1
1001,0,37,1,41,0,0,1,31694,32,198,1,0,1,1
1002,0,49,1,28,0,0,1,54277,15,199,0,0,0,1
1003,0,38,1,28,0,0,1,45714,32,199,1,0,0,1
1004,0,34,1,28,0,0,1,38944,32,199,0,1,1,1
1005,1,53,1,45,0,0,1,22357,33,200,1,0,1,2
1006,0,23,1,28,0,1,1,33609,39,200,0,1,1,2
1007,0,34,1,23,0,0,1,35255,32,200,1,1,1,2
1008,1,69,1,28,0,0,1,72662,32,200,0,2,0,2
1009,1,44,1,22,1,2,1,28616,15,200,1,0,1,2
1010,1,33,1,9,0,0,1,38685,15,201,1,1,1,2
1011,1,61,1,28,0,2,1,69856,15,201,1,2,0,2
1012,1,46,1,28,0,0,1,47103,15,201,0,0,0,2
1013,1,27,1,8,1,1,0,30645,39,201,0,1,1,2
1014,1,48,1,46,0,0,1,28961,43,201,1,0,1,2
1015,1,21,1,35,1,1,0,24790,46,201,0,1,1,2
1016,1,40,1,28,1,0,0,35119,32,201,0,0,1,2
1017,1,21,1,6,1,1,1,2630,46,201,1,1,2,2
1018,0,45,1,33,1,0,0,28230,15,202,0,0,1,2
1019,0,21,1,28,1,1,0,63799,46,203,0,1,0,2
1020,1,62,1,28,0,0,1,29036,15,203,0,2,1,2
1021,0,35,1,28,0,0,1,38813,32,203,1,1,1,2
1022,0,40,1,29,0,0,1,48102,15,203,1,0,0,2
1023,1,29,1,46,0,1,1,38738,32,203,0,1,1,2
1024,0,47,1,28,1,0,0,32906,15,203,0,0,1,2
1025,1,48,1,35,0,0,1,21870,32,203,1,0,1,2
1026,0,24,1,28,1,1,0,60216,39,204,0,1,0,2
1027,0,30,1,23,0,1,1,22863,39,204,1,1,1,2
1028,0,28,1,29,1,1,0,2630,39,204,0,1,2,2
1029,0,54,1,28,0,0,1,34856,32,204,1,0,1,2
1030,0,47,1,28,0,0,1,37293,32,205,1,0,1,2
1031,1,21,1,28,0,1,1,2630,43,205,1,1,2,2
1032,1,20,1,15,1,1,0,29369,46,205,0,1,1,2
1033,1,37,1,28,0,1,0,2630,0,205,0,0,2,2
1034,1,53,1,28,0,0,1,38650,47,205,0,0,1,2
1035,0,45,1,28,0,0,1,43579,15,206,1,0,0,2
1036,1,41,1,28,0,0,1,28884,15,206,0,0,1,2
1037,0,25,1,11,1,1,0,35853,39,206,0,1,1,2
1038,0,24,1,12,1,1,0,19992,39,207,0,1,1,2
1039,0,20,1,36,1,1,0,33215,46,207,0,1,1,2
1040,1,23,1,28,0,0,1,52039,32,207,1,1,0,2
1041,1,48,1,28,0,0,1,53585,15,207,1,0,0,2
1042,1,74,1,31,1,0,1,2630,16,207,0,2,2,2
1043,0,60,1,3,1,0,0,2630,15,207,0,2,2,2
1044,0,33,1,28,0,2,1,2630,44,207,0,1,2,2
1045,0,45,1,28,0,0,1,50434,15,207,1,0,0,2
1046,0,44,1,1,0,0,0,2630,32,207,0,0,2,2
1047,1,49,1,37,1,0,1,27901,32,207,0,0,1,2
1048,0,79,1,28,1,0,0,36181,15,207,0,2,1,2
1049,1,38,1,35,0,0,1,2630,43,207,1,0,2,2
1050,0,27,1,28,0,0,1,23246,43,208,1,1,1,2
1051,0,27,1,46,1,1,0,23758,39,208,0,1,1,2
1052,1,64,1,28,1,0,0,29192,33,208,0,2,1,2
1053,1,24,1,9,1,1,0,37362,39,208,0,1,1,2
1054,1,57,1,3,0,0,1,2630,15,208,0,2,2,2
1055,0,25,1,8,1,1,0,50914,39,208,0,1,0,2
1056,1,50,1,46,0,0,1,26647,15,208,1,0,1,2
1057,1,55,1,28,0,0,1,48065,32,209,1,2,0,2
1058,0,72,1,50,0,0,1,31033,4,209,0,2,1,2
1059,1,39,1,28,0,0,0,2630,31,209,1,0,2,2
1060,0,29,1,41,0,1,1,29879,39,210,1,1,1,2
1061,1,22,1,46,0,1,0,30319,39,210,0,1,1,2
1062,1,34,1,8,0,0,1,2630,47,210,1,1,2,2
1063,1,22,1,47,0,1,1,25721,39,210,0,1,1,2
1064,1,28,1,45,0,1,1,24157,39,210,0,1,1,2
1065,1,42,1,6,0,0,1,2630,32,210,1,0,2,2
1066,1,32,1,46,0,0,1,29998,32,210,1,1,1,2
1067,0,21,1,28,0,1,1,40770,44,210,0,1,1,2
1068,0,44,1,28,0,0,1,37863,15,210,1,0,1,2
1069,1,52,1,28,0,2,1,42813,32,211,1,0,0,2
1070,0,41,1,15,0,0,1,39539,20,211,0,0,1,2
1071,1,50,1,28,0,0,1,24398,15,211,1,0,1,2
1072,0,21,1,27,0,1,1,31390,46,211,0,1,1,2
1073,1,59,1,2,0,0,1,30902,44,211,1,2,1,2
1074,1,38,1,8,0,0,1,30987,32,211,1,0,1,2
1075,1,46,1,27,0,0,1,27953,15,211,1,0,1,2
1076,0,21,1,28,0,0,1,2630,43,211,1,1,2,2
1077,0,62,1,28,1,0,0,32920,32,212,0,2,1,2
1078,1,32,1,7,0,1,1,35435,32,212,1,1,1,2
1079,0,26,1,37,0,1,0,36273,39,212,0,1,1,2
1080,0,25,1,6,1,1,0,23153,39,212,0,1,1,2
1081,1,34,1,50,0,0,1,45580,32,212,1,1,0,2
1082,0,20,1,15,1,1,0,64968,46,213,0,1,0,2
1083,0,42,1,11,0,0,1,42211,47,213,1,0,0,2
1084,1,40,1,30,0,0,1,20528,32,213,1,0,1,2
1085,1,41,1,28,0,0,1,27639,32,213,1,0,1,2
1086,0,28,1,29,0,1,1,2630,43,213,0,1,2,2
1087,1,38,1,5,1,0,0,22993,39,213,0,0,1,2
1088,0,26,1,15,1,1,0,39652,38,213,0,1,1,2
1089,0,40,1,28,0,0,1,34032,43,214,1,0,1,2
1090,1,22,1,14,0,0,1,22089,47,215,0,1,1,2
1091,0,21,1,35,1,1,0,35012,46,215,0,1,1,2
1092,1,42,1,8,0,0,1,38527,32,215,1,0,1,2
1093,1,30,1,28,0,1,1,39588,32,215,1,1,1,2
1094,1,71,1,28,0,0,1,58451,15,215,0,2,0,2
1095,0,22,1,15,1,1,0,26350,39,216,0,1,1,2
1096,0,27,1,8,1,1,0,44481,39,216,0,1,0,2
1097,1,48,1,18,0,0,1,27637,15,216,1,0,1,2
1098,0,51,1,12,0,0,1,24346,44,216,1,0,1,2
1099,1,26,1,5,1,1,0,27269,39,216,0,1,1,2
1100,1,23,1,8,0,1,1,37826,39,217,0,1,1,2
1101,1,51,1,3,0,0,1,26575,41,217,1,0,1,2
1102,0,39,1,28,0,0,1,39880,13,217,1,0,1,2
1103,1,42,1,28,0,0,1,32039,47,217,0,0,1,2
1104,1,37,1,35,0,0,0,23345,39,217,0,0,1,2
1105,0,71,1,28,0,0,1,38694,32,217,0,2,1,2
1106,1,24,1,28,0,1,1,2630,32,217,1,1,2,2
1107,0,21,1,2,0,1,1,26291,39,218,0,1,1,2
1108,0,28,1,8,1,1,0,26794,39,218,0,1,1,2
1109,1,50,1,8,0,0,0,48460,15,218,0,0,0,2
1110,1,21,1,41,0,1,1,54108,43,219,1,1,0,2
1111,0,25,1,28,1,1,0,36889,39,219,0,1,1,2
1112,1,46,1,8,0,0,0,40646,32,219,0,0,1,2
1113,0,80,1,28,1,0,0,39138,32,219,0,2,1,2
1114,0,57,1,28,0,0,1,41305,15,219,0,2,0,2
1115,0,48,1,41,0,0,1,20164,23,219,1,0,1,2
1116,0,36,1,28,0,0,1,32521,32,219,1,0,1,2
1117,1,40,1,45,0,0,1,29831,32,220,1,0,1,2
1118,1,33,1,35,0,1,1,2630,43,221,0,1,2,2
1119,0,51,1,15,0,0,1,36163,44,221,1,0,1,2
1120,1,53,1,29,0,2,1,38355,32,221,0,0,1,2
1121,1,43,1,28,0,0,1,41658,44,221,1,0,0,2
1122,0,41,1,28,0,2,1,48987,32,221,1,0,0,2
1123,0,25,1,47,0,1,1,35287,39,221,0,1,1,2
1124,0,62,1,28,0,0,1,49240,20,221,0,2,0,2
1125,0,58,1,28,0,2,1,81714,32,221,1,2,0,2
1126,1,26,1,11,1,1,0,2630,39,223,0,1,2,2
1127,0,30,1,46,0,0,1,2630,43,223,1,1,2,2
1128,1,26,1,35,0,1,0,46222,39,223,0,1,0,2
1129,1,45,1,28,0,2,1,57877,32,223,1,0,0,2
1130,0,32,1,28,0,0,1,48418,45,223,1,1,0,2
1131,1,29,1,8,0,0,1,2630,44,224,1,1,2,2
1132,0,37,1,26,0,0,1,33930,32,224,1,0,1,2
1133,0,57,1,28,0,0,1,47209,33,224,0,2,0,2
1134,1,77,1,50,1,0,0,49369,31,224,0,2,0,2
1135,0,51,1,39,0,0,1,2630,44,224,0,0,2,2
1136,0,56,1,28,0,0,1,36943,15,225,1,2,1,2
1137,0,22,1,41,0,1,1,19055,39,225,1,1,1,2
1138,0,42,1,8,0,0,1,45712,32,225,1,0,0,2
1139,1,52,1,41,0,0,1,2630,15,225,1,0,2,2
1140,0,46,1,37,1,0,0,33483,39,225,0,0,1,2
1141,1,50,1,46,0,0,1,62534,15,225,0,0,0,2
1142,1,40,1,8,0,0,1,28406,32,225,0,0,1,2
1143,0,32,1,29,0,0,1,2630,43,225,1,1,2,2
1144,1,54,1,39,0,0,1,42713,32,226,1,0,0,2
1145,0,39,1,20,0,0,1,2630,15,227,1,0,2,2
1146,0,39,1,28,1,0,0,49195,39,227,0,0,0,2
1147,0,25,1,47,1,1,0,29689,39,227,0,1,1,2
1148,0,31,1,28,1,1,0,38668,39,227,0,1,1,2
1149,0,47,1,20,0,0,1,2630,15,227,1,0,2,2
1150,0,65,1,46,0,0,0,2630,43,227,0,2,2,2
1151,0,48,1,28,0,0,1,50113,31,227,1,0,0,2
1152,0,24,1,16,1,1,0,33112,39,228,0,1,1,2
1153,1,55,1,28,0,0,1,47688,32,228,1,2,0,2
1154,0,35,1,30,0,0,1,28108,39,228,1,1,1,2
1155,0,39,1,21,0,0,1,21359,32,228,1,0,1,2
1156,0,47,1,46,0,0,1,23289,15,228,1,0,1,2
1157,1,44,1,2,1,0,0,2630,15,228,0,0,2,2
1158,1,29,1,3,1,1,0,32699,39,228,0,1,1,2
1159,0,48,1,9,0,0,1,33020,32,228,0,0,1,2
1160,1,64,1,45,1,0,0,22077,32,228,0,2,1,2
1161,0,39,1,3,0,0,1,33470,15,228,1,0,1,2
1162,0,27,1,27,0,1,0,38121,39,228,0,1,1,2
1163,1,59,1,29,0,0,1,38010,15,228,1,2,1,2
1164,0,25,1,14,0,1,1,2630,39,228,0,1,2,2
1165,1,40,1,41,0,0,1,57259,8,229,1,0,0,2
1166,1,56,1,41,0,0,1,29667,15,229,0,2,1,2
1167,1,58,1,48,0,0,1,2630,10,229,0,2,2,2
1168,0,37,1,2,0,0,1,2630,43,229,0,0,2,2
1169,0,55,1,7,0,0,1,2630,32,229,1,2,2,2
1170,1,63,1,17,0,0,1,2630,14,229,0,2,2,2
1171,1,25,1,41,0,1,1,58120,39,230,1,1,0,2
1172,1,22,1,28,0,1,1,51296,32,230,1,1,0,2
1173,1,33,1,28,0,0,1,50936,32,231,1,1,0,2
1174,0,22,1,29,1,1,0,28098,39,231,0,1,1,2
1175,0,50,1,28,0,0,1,34986,18,231,1,0,1,2
1176,0,45,1,28,0,0,1,52453,32,232,1,0,0,2
1177,1,61,1,28,1,0,1,2630,43,232,0,2,2,2
1178,1,45,1,28,0,2,1,34825,15,232,1,0,1,2
1179,1,42,1,28,1,0,0,38782,15,232,0,0,1,2
1180,1,60,1,41,0,0,1,30370,32,232,1,2,1,2
1181,1,60,1,28,0,2,1,21253,15,232,1,2,1,2
1182,0,39,1,28,0,0,1,42498,32,233,1,0,0,2
1183,1,40,1,48,0,0,1,2630,15,233,1,0,2,2
1184,0,42,1,41,0,0,1,2630,32,233,1,0,2,2
1185,0,54,1,38,0,2,1,37709,44,234,0,0,1,2
1186,1,50,1,28,1,0,0,26216,32,234,0,0,1,2
1187,1,68,1,28,0,0,1,48037,32,234,0,2,0,2
1188,1,63,1,46,0,0,1,34378,15,234,0,2,1,2
1189,1,43,1,38,0,0,1,2630,15,234,1,0,2,2
1190,0,41,1,47,0,0,1,2630,15,235,1,0,2,2
1191,0,36,1,30,0,0,1,2630,47,235,1,0,2,2
1192,1,27,1,8,1,1,0,35746,39,235,0,1,1,2
1193,1,65,1,41,1,0,0,29016,30,235,0,2,1,2
1194,1,22,1,14,0,1,1,2630,39,235,0,1,2,2
1195,0,57,1,29,0,0,1,30965,41,236,1,2,1,2
1196,0,63,1,28,0,0,1,45497,31,236,1,2,0,2
1197,1,46,1,29,0,0,0,41777,15,237,0,0,0,2
1198,1,46,1,28,0,0,1,32208,9,237,1,0,1,2
1199,1,69,1,28,0,2,1,49403,31,237,0,2,0,2
1200,1,22,1,45,1,1,0,2630,39,237,0,1,2,2
1201,1,70,1,46,1,0,0,27899,15,237,0,2,1,2
1202,1,36,1,3,0,0,1,2630,42,237,1,0,2,2
1203,0,24,1,46,1,1,0,29257,39,237,0,1,1,2
1204,0,38,1,28,0,0,1,2630,47,238,1,0,2,2
1205,0,47,1,28,0,0,1,32472,15,238,1,0,1,2
1206,0,34,1,15,0,0,1,33718,44,238,0,1,1,2
1207,1,38,1,28,0,0,1,42331,32,238,1,0,0,2
1208,0,27,1,28,0,0,1,45018,32,238,1,1,0,2
1209,0,39,1,28,0,2,1,30990,20,239,1,0,1,2
1210,0,43,1,41,0,0,1,36210,28,239,1,0,1,2
1211,1,50,1,47,0,0,1,36553,32,240,0,0,1,2
1212,0,49,1,28,0,0,0,33334,44,240,1,0,1,2
1213,0,40,1,28,0,2,1,61252,32,240,1,0,0,2
1214,0,33,1,14,0,0,1,36210,44,240,1,1,1,2
1215,1,32,1,37,0,1,1,2630,15,240,1,1,2,2
1216,0,69,1,46,0,0,1,30485,7,241,0,2,1,2
1217,0,23,1,8,1,1,0,51758,39,241,0,1,0,2
1218,0,39,1,30,0,0,1,39413,44,241,1,0,1,2
1219,1,47,1,15,0,0,1,20378,32,242,1,0,1,2
1220,1,23,1,3,1,1,0,21065,39,242,0,1,1,2
1221,1,56,1,28,0,0,1,49449,15,242,1,2,0,2
1222,1,47,1,2,0,0,1,32922,15,242,1,0,1,2
1223,1,61,1,28,0,0,1,58997,15,242,1,2,0,2
1224,0,27,1,15,0,1,1,31321,39,242,0,1,1,2
1225,1,25,1,27,1,1,0,33078,39,242,0,1,1,2
1226,0,20,1,28,0,1,0,2630,46,243,0,1,2,2
1227,0,23,1,2,1,1,0,45298,39,243,0,1,0,2
1228,1,49,1,46,0,0,1,41255,15,243,1,0,0,2
1229,0,31,1,41,1,1,0,92518,38,243,0,1,0,2
1230,0,41,1,39,0,0,1,2630,31,244,1,0,2,2
1231,1,23,1,8,1,1,0,31211,39,244,0,1,1,2
1232,0,28,1,21,1,1,0,20653,39,245,0,1,1,2
1233,1,59,1,26,0,0,1,39978,15,245,0,2,1,2
1234,1,29,1,41,0,1,1,36320,32,245,1,1,1,2
1235,0,25,1,24,1,1,0,60200,39,245,0,1,0,2
1236,1,31,1,11,0,0,0,24843,32,245,0,1,1,2
1237,1,53,1,28,0,2,1,69040,31,245,1,0,0,2
1238,1,40,1,28,0,0,0,35909,31,245,0,0,1,2
1239,1,43,1,39,0,0,1,40722,32,245,0,0,1,2
1240,1,29,1,28,0,1,1,44961,46,246,1,1,0,2
1241,0,41,1,28,1,0,0,38125,15,246,0,0,1,2
1242,1,67,1,8,1,0,0,46785,3,246,0,2,0,2
1243,1,22,1,6,1,1,0,31994,39,246,0,1,1,2
1244,0,34,1,28,0,0,1,28293,15,246,1,1,1,2
1245,1,34,1,28,0,0,1,57549,32,247,1,1,0,2
1246,0,21,1,46,1,1,0,30110,46,247,0,1,1,2
1247,1,25,1,8,1,1,0,30231,39,247,0,1,1,2
1248,1,69,1,33,0,0,1,30184,34,247,1,2,1,2
1249,0,54,1,28,0,2,1,39531,15,247,0,0,1,2
1250,1,46,1,28,0,0,1,34554,13,247,1,0,1,2
1251,1,31,1,50,1,0,1,2630,44,247,0,1,2,2
1252,1,46,1,28,0,0,1,48144,15,248,1,0,0,2
1253,1,24,1,10,0,1,1,34808,39,248,1,1,1,2
1254,0,47,1,28,0,0,1,66641,15,248,1,0,0,2
1255,0,33,1,28,0,1,1,35113,15,248,1,1,1,2
1256,1,20,1,15,0,1,1,38743,46,249,1,1,1,2
1257,1,48,1,28,0,0,1,34813,15,249,1,0,1,2
1258,1,31,1,36,0,0,1,33308,32,249,1,1,1,2
1259,0,35,1,28,0,0,1,2630,43,249,1,1,2,2
1260,0,31,1,37,0,1,1,32234,32,249,0,1,1,2
1261,1,51,1,8,0,0,1,54045,15,250,1,0,0,2
1262,1,49,1,8,0,0,1,25417,15,250,1,0,1,2
1263,1,65,1,28,0,2,1,43685,31,250,1,2,0,2
1264,0,73,1,28,0,0,1,38489,18,250,0,2,1,2
1265,1,48,1,6,1,0,0,27505,15,250,0,0,1,2
1266,0,21,1,11,1,1,0,30263,39,250,0,1,1,2
1267,1,71,1,39,1,0,0,2630,9,250,0,2,2,2
1268,1,41,1,8,0,0,1,2630,15,250,1,0,2,2
1269,1,44,1,28,0,0,1,2630,32,250,1,0,2,2
1270,1,63,1,28,0,2,1,60450,15,250,1,2,0,2
1271,0,51,1,28,0,0,1,43735,32,250,0,0,0,2
1272,1,57,1,36,1,0,0,34507,15,251,0,2,1,2
1273,0,25,1,19,1,1,0,39739,39,251,0,1,1,2
1274,1,23,1,16,0,1,0,30641,39,251,1,1,1,2
1275,1,25,1,14,1,1,0,50818,39,251,0,1,0,2
1276,1,51,1,28,0,0,1,42919,15,251,1,0,0,2
1277,0,40,1,8,0,0,1,35469,41,251,1,0,1,2
1278,0,36,1,45,0,0,1,28960,44,251,0,0,1,2
1279,0,22,1,35,1,1,0,25365,46,251,0,1,1,2
1280,1,56,1,48,1,0,0,2630,15,251,0,2,2,2
1281,1,78,1,41,0,0,1,66658,8,252,1,2,0,2
1282,1,21,1,11,0,1,0,31484,46,252,0,1,1,2
1283,0,39,1,20,0,0,1,2630,32,252,1,0,2,2
1284,1,34,1,8,1,0,0,49889,39,252,0,1,0,2
1285,1,23,1,11,1,1,0,38697,39,252,0,1,1,2
1286,0,25,1,8,0,1,1,43766,39,252,0,1,0,2
1287,1,48,1,28,1,0,0,44360,32,252,0,0,0,2
1288,1,49,1,36,0,0,0,55908,31,252,0,0,0,2
1289,1,50,1,28,0,2,1,53905,32,253,1,0,0,2
1290,1,46,1,28,0,0,1,30212,15,253,1,0,1,2
1291,0,22,1,46,1,1,0,21914,46,253,0,1,1,2
1292,0,21,1,46,0,0,1,27878,32,253,1,1,1,2
1293,1,28,1,28,0,1,1,100772,15,253,0,1,0,2
1294,0,43,1,28,1,0,0,37542,15,254,0,0,1,2
1295,1,40,1,28,0,0,1,2630,43,254,0,0,2,2
1296,1,39,1,46,0,0,0,2630,43,254,1,0,2,2
1297,0,37,1,35,0,0,1,32568,6,254,0,0,1,2
1298,1,26,1,46,0,1,0,46508,39,254,0,1,0,2
1299,0,26,1,15,0,1,1,26249,39,254,0,1,1,2
1300,0,49,1,28,0,2,1,44004,15,254,1,0,0,2
1301,0,40,1,28,0,0,1,40466,15,254,1,0,1,2
1302,1,57,1,28,0,0,1,38952,15,255,1,2,1,2
1303,1,34,1,4,0,0,1,33113,43,255,1,1,1,2
1304,0,46,1,28,0,0,1,43102,31,255,1,0,0,2
1305,1,23,1,18,1,1,0,28826,39,255,0,1,1,2
1306,0,51,1,8,0,0,1,52750,15,255,1,0,0,2
1307,0,26,1,11,1,1,0,38617,39,255,0,1,1,2
1308,0,42,1,28,0,0,1,46754,15,256,1,0,0,2
1309,1,35,1,28,1,0,0,2630,43,256,0,1,2,2
1310,1,30,1,33,1,0,0,29179,15,256,0,1,1,2
1311,1,54,1,35,0,0,1,2630,32,256,0,0,2,2
1312,1,43,1,38,0,0,1,2630,32,256,1,0,2,2
1313,1,23,1,15,1,1,0,25605,46,256,0,1,1,2
1314,1,44,1,11,0,0,1,33990,30,256,0,0,1,2
1315,1,48,1,35,0,0,1,36738,6,256,1,0,1,2
1316,1,24,1,41,1,1,0,39376,39,256,0,1,1,2
1317,1,49,1,28,0,0,1,45664,15,257,1,0,0,2
1318,1,38,1,28,0,0,1,48707,32,257,1,0,0,2
1319,1,46,1,37,0,0,1,27908,15,257,1,0,1,2
1320,0,37,1,3,0,0,1,21780,32,258,1,0,1,2
1321,1,53,1,3,1,0,0,30037,15,258,0,0,1,2
1322,1,30,1,28,0,0,1,19799,17,258,1,1,1,2
1323,1,30,1,11,0,0,1,2630,44,258,1,1,2,2
1324,1,26,1,46,0,0,1,2630,15,258,0,1,2,2
1325,1,49,1,41,0,2,1,33376,32,259,1,0,1,2
1326,0,22,1,37,0,1,1,34388,39,259,1,1,1,2
1327,0,40,1,28,0,0,1,32643,32,259,1,0,1,2
1328,0,27,1,28,0,1,1,37307,32,260,1,1,1,2
1329,1,36,1,15,0,0,1,32026,41,260,1,0,1,2
1330,1,40,1,46,0,0,1,24979,32,260,1,0,1,2
1331,1,54,1,50,0,0,1,37777,14,261,1,0,1,2
1332,0,38,1,28,0,0,1,41143,37,262,0,0,0,2
1333,1,46,1,8,0,0,1,38249,15,262,1,0,1,2
1334,1,76,1,41,0,0,1,21471,15,262,0,2,1,2
1335,0,46,1,28,0,0,1,53914,15,262,1,0,0,2
1336,0,22,1,27,0,1,1,26351,39,262,0,1,1,2
1337,1,25,1,11,0,1,1,32155,39,262,1,1,1,2
1338,0,21,1,36,0,1,1,55787,39,263,0,1,0,2
1339,1,43,1,28,0,2,1,42339,32,263,1,0,0,2
1340,0,50,1,28,0,0,1,48330,15,263,1,0,0,2
1341,1,34,1,46,1,0,0,31027,39,264,0,1,1,2
1342,0,45,1,28,0,0,1,42686,32,264,0,0,0,2
1343,1,21,1,11,0,1,1,27841,39,264,1,1,1,2
1344,1,46,1,3,1,0,0,2630,32,264,0,0,2,2
1345,0,50,1,41,0,0,1,2630,43,265,1,0,2,2
1346,0,78,1,28,0,2,1,25349,44,265,0,2,1,2
1347,1,29,1,33,0,1,1,30974,32,265,1,1,1,2
1348,1,24,1,28,0,0,1,2630,47,265,1,1,2,2
1349,0,32,1,18,0,1,1,30569,32,265,1,1,1,2
1350,1,21,1,33,1,1,0,26526,39,265,0,1,1,2
1351,1,44,1,8,0,0,1,36889,32,265,0,0,1,2
1352,0,40,1,47,0,0,1,31784,47,265,1,0,1,2
1353,1,46,1,29,0,0,1,2630,15,265,1,0,2,2
1354,1,73,1,28,0,0,1,60649,31,265,1,2,0,2
1355,0,47,1,37,0,0,1,26059,32,266,0,0,1,2
1356,1,68,1,8,0,2,1,36754,15,266,1,2,1,2
1357,0,47,1,2,0,0,1,31416,15,266,1,0,1,2
1358,1,54,1,9,0,0,1,28939,15,266,1,0,1,2
1359,0,37,1,45,0,0,1,23820,39,267,0,0,1,2
1360,1,56,1,45,1,0,0,33589,32,267,0,2,1,2
1361,1,57,1,19,0,0,1,34845,32,267,0,2,1,2
1362,0,37,1,28,0,0,1,39698,44,268,1,0,1,2
1363,1,62,1,28,0,0,1,30474,15,268,0,2,1,2
1364,0,40,1,4,0,0,1,30841,32,268,1,0,1,2
1365,0,39,1,28,0,2,1,76960,13,268,1,0,0,2
1366,1,22,1,35,1,1,0,23008,39,268,0,1,1,2
1367,0,76,1,28,0,2,1,28926,15,268,0,2,1,2
1368,1,39,1,11,1,0,1,27283,41,268,1,0,1,2
1369,1,42,1,28,0,0,1,45316,15,268,0,0,0,2
1370,1,33,1,41,0,1,1,2630,43,269,1,1,2,2
1371,1,29,1,46,1,0,1,28111,32,269,0,1,1,2
1372,1,32,1,49,1,1,0,35593,39,269,0,1,1,2
1373,0,71,1,3,1,0,0,2630,32,269,0,2,2,2
1374,0,21,1,47,1,1,0,42235,46,269,0,1,0,2
1375,1,37,1,28,0,0,1,37624,15,269,0,0,1,2
1376,1,42,1,28,0,0,1,35469,15,269,1,0,1,2
1377,0,23,1,10,0,1,1,20922,39,269,0,1,1,2
1378,0,63,1,28,0,0,1,53396,31,270,1,2,0,2
1379,1,43,1,9,0,0,1,35248,16,270,0,0,1,2
1380,1,26,1,21,1,1,0,33375,39,270,0,1,1,2
1381,0,21,1,42,1,1,0,21360,39,271,0,1,1,2
1382,0,51,1,28,0,2,1,42518,32,271,1,0,0,2
1383,0,25,1,26,1,1,0,36407,39,271,0,1,1,2
1384,1,47,1,12,0,0,1,2630,15,271,1,0,2,2
1385,0,40,1,28,1,0,0,33082,32,272,0,0,1,2
1386,0,31,1,35,1,1,0,2630,39,272,0,1,2,2
1387,1,30,1,21,1,1,0,30283,39,272,0,1,1,2
1388,0,47,1,32,0,0,1,36781,32,272,0,0,1,2
1389,1,23,1,10,1,1,0,23705,39,273,0,1,1,2
1390,0,21,1,11,0,1,1,2630,46,273,0,1,2,2
1391,1,48,1,28,0,1,1,39578,15,273,1,0,1,2
1392,0,68,1,28,0,0,1,30979,32,273,1,2,1,2
1393,1,22,1,41,0,1,1,29686,40,273,1,1,1,2
1394,1,51,1,20,1,0,0,2630,35,273,0,0,2,2
1395,0,57,1,46,0,0,1,32644,15,273,0,2,1,2
1396,1,52,1,28,1,0,0,51845,20,274,0,0,0,2
1397,1,25,1,8,1,1,0,46057,39,274,0,1,0,2
1398,0,45,1,28,0,0,1,32779,16,275,1,0,1,2
1399,0,39,1,8,1,0,0,39535,3,275,0,0,1,2
1400,0,23,1,11,1,1,0,27138,39,275,0,1,1,2
1401,0,32,1,28,0,0,1,33011,31,275,1,1,1,2
1402,0,30,1,41,1,1,0,2630,39,275,0,1,2,2
1403,0,47,1,28,0,0,1,39873,44,275,1,0,1,2
1404,0,41,1,28,0,0,1,42490,32,276,1,0,0,2
1405,0,61,1,8,0,0,1,44280,15,276,0,2,0,2
1406,1,55,1,18,0,0,1,2630,15,276,1,2,2,2
1407,0,22,1,32,0,1,1,36705,39,276,1,1,1,2
1408,1,63,1,48,0,0,1,2630,15,276,1,2,2,2
1409,0,24,1,15,0,1,1,34909,46,276,0,1,1,2
1410,0,42,1,28,0,0,1,39977,32,276,0,0,1,2
1411,1,37,1,28,0,0,1,57089,32,276,1,0,0,2
1412,0,71,1,28,0,0,0,55320,31,276,0,2,0,2
1413,1,51,1,41,0,0,1,28573,15,276,1,0,1,2
1414,1,23,1,26,0,1,1,28829,39,277,0,1,1,2
1415,1,28,1,18,0,1,1,2630,43,277,0,1,2,2
1416,1,27,1,47,1,1,0,26997,39,277,0,1,1,2
1417,0,36,1,28,0,0,1,41189,32,277,1,0,0,2
1418,0,23,1,28,0,1,1,35608,15,277,0,1,1,2
1419,0,36,1,8,0,0,1,2630,43,277,1,0,2,2
1420,0,35,1,28,0,0,1,30636,39,278,1,1,1,2
1421,1,29,1,5,0,1,1,2630,43,278,1,1,2,2
1422,0,44,1,28,0,0,1,30355,15,278,1,0,1,2
1423,1,44,1,3,0,0,1,23376,32,278,1,0,1,2
1424,1,24,1,37,0,1,1,38903,39,279,1,1,1,2
1425,1,33,1,21,1,1,0,33291,39,279,0,1,1,2
1426,1,44,1,28,0,0,1,127772,15,279,1,0,0,2
1427,1,52,1,28,0,0,0,32810,32,280,0,0,1,2
1428,0,49,1,28,1,0,0,35956,15,280,0,0,1,2
1429,1,47,1,40,1,0,0,2630,39,281,0,0,2,2
1430,1,24,1,29,1,1,0,31825,39,281,0,1,1,2
1431,1,65,1,28,0,2,1,43266,15,281,0,2,0,2
1432,0,21,1,8,0,1,1,40420,46,282,0,1,1,2
1433,0,25,1,29,1,1,0,38903,39,282,0,1,1,2
1434,0,38,1,8,0,0,1,46290,32,282,1,0,0,2
1435,0,38,1,28,0,0,1,52291,15,283,1,0,0,2
1436,1,59,1,11,0,0,1,30483,32,283,0,2,1,2
1437,0,22,1,47,1,1,0,29960,39,283,0,1,1,2
1438,0,29,1,28,0,1,1,30702,45,284,1,1,1,2
1439,0,27,1,9,1,1,0,33838,39,284,0,1,1,2
1440,1,46,1,28,0,0,1,36462,32,284,0,0,1,2
1441,0,70,1,43,0,0,1,37808,15,285,0,2,1,2
1442,1,23,1,47,0,1,1,25779,39,285,0,1,1,2
1443,1,35,1,28,0,2,1,32763,15,285,0,1,1,2
1444,0,74,1,28,0,2,1,43049,15,285,1,2,0,2
1445,0,46,1,8,0,0,1,23948,32,285,0,0,1,2
1446,0,23,1,15,0,1,1,27932,38,285,1,1,1,2
1447,1,65,1,31,0,0,1,2630,5,285,1,2,2,2
1448,1,29,1,28,0,0,1,30562,24,286,1,1,1,2
1449,1,28,1,28,0,1,1,2630,45,286,0,1,2,2
1450,1,57,1,8,1,0,0,36981,32,286,0,2,1,2
1451,0,34,1,28,0,0,1,37902,32,286,1,1,1,2
1452,0,61,1,47,0,0,1,32956,32,286,1,2,1,2
1453,1,42,1,15,1,0,0,47401,32,287,0,0,0,2
1454,0,45,1,28,0,0,1,54526,32,288,1,0,0,2
1455,1,28,1,30,1,1,0,24040,39,288,0,1,1,2
1456,0,26,1,28,0,0,1,43343,32,288,0,1,0,2
1457,0,37,1,28,0,0,1,29687,32,288,1,0,1,2
1458,0,34,1,28,0,0,1,31394,11,288,1,1,1,2
1459,1,28,1,28,0,0,1,2630,45,288,1,1,2,2
1460,1,39,1,3,0,0,1,57614,41,288,1,0,0,2
1461,1,49,1,29,0,2,1,54666,32,288,1,0,0,2
1462,1,49,1,28,1,0,1,34489,15,289,0,0,1,2
1463,0,41,1,28,0,0,1,37314,15,289,1,0,1,2
1464,1,38,1,36,0,0,1,27474,32,289,1,0,1,2
1465,0,38,1,28,0,0,1,52605,32,289,1,0,0,2
1466,1,24,1,15,0,1,1,2630,39,290,0,1,2,2
1467,0,51,1,29,0,0,1,63593,15,290,1,0,0,2
1468,0,44,1,28,0,0,1,41379,15,290,1,0,0,2
1469,0,49,1,28,0,2,1,34462,15,290,0,0,1,2
1470,0,22,1,4,1,1,0,28450,39,291,0,1,1,2
1471,1,35,1,30,0,0,1,2630,38,292,1,1,2,2
1472,1,40,1,28,1,0,0,32475,32,292,0,0,1,2
1473,1,25,1,6,1,1,0,31439,39,292,0,1,1,2
1474,0,26,1,11,1,1,0,23733,39,292,0,1,1,2
1475,1,24,1,28,1,1,0,53398,39,293,0,1,0,2
1476,1,22,1,25,0,1,1,27391,39,293,0,1,1,2
1477,0,25,1,30,1,1,0,31885,39,293,0,1,1,2
1478,1,24,1,28,1,1,1,79422,44,293,0,1,0,2
1479,1,50,1,28,0,0,1,2630,15,293,1,0,2,2
1480,0,24,1,8,0,1,1,49775,39,294,0,1,0,2
1481,1,33,1,19,0,0,1,32328,32,295,1,1,1,2
1482,1,44,1,36,0,0,1,2630,43,295,1,0,2,2
1483,0,45,1,28,0,2,1,57596,15,295,0,0,0,2
1484,1,39,1,28,0,0,1,32777,32,295,1,0,1,2
1485,1,33,1,28,0,1,1,2630,32,295,1,1,2,2
1486,1,22,1,30,1,1,1,38252,39,295,0,1,1,2
1487,0,34,1,28,0,0,1,38175,32,296,1,1,1,2
1488,1,48,1,28,0,0,1,39677,32,296,0,0,1,2
1489,0,51,1,3,0,2,1,2630,44,296,0,0,2,2
1490,1,65,1,28,0,2,1,51743,15,297,1,2,0,2
1491,0,24,1,45,1,1,0,27991,39,297,0,1,1,2
1492,1,47,1,35,0,0,1,26001,32,297,0,0,1,2
1493,1,31,1,28,0,1,1,35456,39,297,0,1,1,2
1494,1,58,1,39,0,2,1,31107,15,297,1,2,1,2
1495,1,26,1,28,0,1,1,2630,43,298,1,1,2,2
1496,1,54,1,15,0,0,1,2630,15,298,1,0,2,2
1497,1,23,1,15,0,1,1,29871,39,298,1,1,1,2
1498,1,52,1,28,0,0,1,83873,32,299,1,0,0,2
1499,0,42,1,38,0,2,1,35213,15,299,0,0,1,2
