7542,Female,21,1,29,0,1-2 Year,Yes,35580,156,132,0
7716,Female,55,1,8,0,1-2 Year,Yes,44458,7,198,0
57761,Male,44,1,46,0,1-2 Year,Yes,28321,26,218,1
74341,Male,44,1,7,0,< 1 Year,Yes,30761,124,298,1
1979,Male,52,1,45,1,1-2 Year,No,23669,26,29,0
76625,Female,43,1,28,0,1-2 Year,Yes,40181,26,172,1
210,Female,30,1,46,1,< 1 Year,No,33556,152,233,0
44952,Female,24,1,37,1,< 1 Year,No,2630,152,13,0
29918,Male,56,1,41,1,1-2 Year,No,33946,26,34,0
35830,Female,23,1,6,0,< 1 Year,Yes,2630,151,137,0
6406,Male,21,1,30,1,< 1 Year,No,26487,152,15,0
4152,Female,56,1,46,1,1-2 Year,No,27794,91,23,0
44004,Female,53,1,28,1,1-2 Year,No,28358,124,21,0
36862,Male,54,1,28,0,1-2 Year,Yes,31471,26,152,0
51305,Male,43,1,38,0,1-2 Year,Yes,2630,124,256,1
84152,Male,34,1,28,0,1-2 Year,Yes,27463,122,91,1
59501,Female,44,1,15,0,1-2 Year,Yes,48657,163,66,1
14216,Female,25,1,35,1,< 1 Year,No,39138,152,110,0
83132,Male,20,1,15,0,< 1 Year,Yes,22601,160,100,1
8139,Male,51,1,28,0,1-2 Year,Yes,56558,44,299,0
65322,Female,45,1,28,0,1-2 Year,Yes,47076,122,161,1
35178,Male,57,1,28,0,1-2 Year,No,2630,26,169,0
27084,Male,24,1,31,1,< 1 Year,No,2630,152,193,0
4697,Female,38,1,41,0,1-2 Year,Yes,31017,124,144,0
63722,Female,25,1,8,0,1-2 Year,Yes,2630,156,163,1
46468,Male,26,1,4,0,< 1 Year,Yes,2630,156,219,0
20051,Female,38,1,28,0,1-2 Year,No,46158,122,205,0
33197,Male,23,1,28,0,< 1 Year,Yes,49418,26,172,0
46642,Male,40,1,28,0,1-2 Year,Yes,33172,156,68,0
52922,Male,58,1,8,0,> 2 Years,Yes,35699,81,155,1
51436,Male,41,1,8,0,1-2 Year,Yes,2630,157,193,1
31062,Male,26,1,43,0,< 1 Year,Yes,24106,152,209,0
16172,Male,65,1,28,1,1-2 Year,No,45406,26,267,0
12780,Female,26,1,33,1,< 1 Year,No,36318,152,216,0
36535,Male,22,1,39,1,< 1 Year,No,37640,26,34,0
65738,Female,56,1,28,0,1-2 Year,Yes,65639,125,91,1
87890,Female,35,1,4,0,1-2 Year,Yes,2630,154,164,1
17651,Female,38,1,37,1,1-2 Year,No,2630,152,95,0
2959,Male,33,1,34,0,1-2 Year,Yes,2630,156,253,0
54251,Male,53,1,8,0,1-2 Year,Yes,35401,26,65,1
26867,Female,42,1,41,1,1-2 Year,No,28338,152,118,0
13918,Female,51,1,3,0,1-2 Year,Yes,29106,26,292,0
10329,Female,57,1,28,0,> 2 Years,Yes,47219,26,86,0
36154,Male,23,1,17,1,< 1 Year,No,32488,152,20,0
75070,Female,21,1,46,0,< 1 Year,Yes,19362,152,85,1
51064,Male,30,1,28,0,< 1 Year,Yes,39588,124,215,1
65722,Male,46,1,8,0,1-2 Year,Yes,26667,124,187,1
47199,Male,30,1,28,0,< 1 Year,Yes,38996,124,75,1
13418,Male,29,1,27,1,< 1 Year,No,69171,152,176,0
78755,Female,34,1,28,0,1-2 Year,Yes,2630,124,163,1
56502,Male,53,1,28,0,1-2 Year,Yes,42144,26,71,1
26077,Male,75,1,28,0,1-2 Year,Yes,36095,26,290,0
39290,Female,41,1,49,0,1-2 Year,Yes,2630,26,112,0
13862,Female,35,1,24,0,1-2 Year,Yes,38189,124,152,0
76009,Male,24,1,28,0,< 1 Year,Yes,2630,124,217,1
77897,Male,40,1,28,0,> 2 Years,Yes,24562,26,211,1
68557,Female,43,1,28,0,1-2 Year,Yes,31091,31,224,1
86417,Male,47,1,28,0,> 2 Years,Yes,42432,26,298,1
25763,Female,40,1,28,0,1-2 Year,Yes,35488,124,262,0
75017,Male,29,1,5,0,< 1 Year,Yes,2630,156,278,1
83788,Female,52,1,8,0,1-2 Year,Yes,2630,156,210,1
38716,Male,54,1,28,0,1-2 Year,Yes,78798,26,195,0
48960,Male,23,1,41,0,< 1 Year,Yes,30791,152,176,1
30139,Male,25,1,14,1,< 1 Year,No,26813,152,66,0
13595,Female,29,1,35,1,< 1 Year,No,41437,26,91,0
21185,Male,24,1,33,1,< 1 Year,No,53284,152,40,0
38808,Male,75,1,43,0,1-2 Year,No,42851,124,295,0
80237,Male,44,1,6,0,1-2 Year,Yes,33233,26,106,1
18417,Male,28,1,28,0,< 1 Year,Yes,35261,160,284,0
81072,Male,27,1,30,0,< 1 Year,Yes,36031,152,132,1
46921,Male,70,1,28,0,> 2 Years,Yes,32477,124,148,1
27475,Female,36,1,28,0,1-2 Year,Yes,26502,124,199,0
68216,Male,39,1,46,0,1-2 Year,Yes,26146,157,137,1
55022,Male,48,1,28,0,1-2 Year,Yes,50601,122,50,1
80206,Female,31,1,35,0,< 1 Year,Yes,25609,163,21,1
2249,Female,25,1,14,1,< 1 Year,No,28905,151,186,0
35609,Female,22,1,30,1,< 1 Year,No,26027,152,41,0
67739,Male,71,1,28,0,> 2 Years,Yes,51117,26,232,1
90182,Female,41,1,28,0,1-2 Year,Yes,43052,124,22,1
41530,Male,37,1,35,0,1-2 Year,No,23345,152,217,0
43404,Male,36,1,15,1,1-2 Year,No,29544,154,60,0
81938,Male,68,1,8,0,1-2 Year,Yes,30369,156,177,1
85652,Female,74,1,8,0,1-2 Year,Yes,68144,25,295,1
5511,Female,39,1,29,0,1-2 Year,Yes,39747,124,102,0
82653,Female,41,1,48,0,1-2 Year,Yes,2630,124,221,1
7396,Male,41,1,28,0,1-2 Year,Yes,32112,124,173,0
37009,Female,68,1,28,0,1-2 Year,Yes,51593,124,66,0
36238,Male,42,1,28,0,1-2 Year,No,33115,124,183,0
5467,Male,55,1,46,1,1-2 Year,No,24342,152,288,0
75143,Female,47,1,28,0,1-2 Year,Yes,37251,26,42,1
66637,Female,30,1,46,0,1-2 Year,Yes,2630,156,223,1
69400,Male,34,1,35,0,1-2 Year,Yes,2630,157,76,1
83481,Male,38,1,28,0,> 2 Years,Yes,39771,124,106,1
26148,Male,55,1,28,0,1-2 Year,Yes,36906,26,88,0
69814,Male,50,1,28,0,> 2 Years,Yes,40318,26,202,1
37310,Male,25,1,14,1,< 1 Year,No,50818,152,251,0
90655,Female,34,1,28,0,1-2 Year,Yes,2630,158,34,1
20655,Male,43,1,28,0,> 2 Years,Yes,41018,122,266,0
61432,Female,45,1,28,0,1-2 Year,Yes,50447,26,67,1
35080,Male,63,1,8,0,> 2 Years,Yes,48301,26,147,0
81814,Female,40,1,28,0,1-2 Year,Yes,35658,26,69,1
37953,Female,39,1,28,0,1-2 Year,Yes,25194,157,89,0
92593,Female,44,1,28,0,1-2 Year,Yes,44014,26,67,1
80975,Female,27,1,41,0,< 1 Year,Yes,27666,152,87,1
11701,Female,57,1,7,1,1-2 Year,No,2630,26,235,0
1517,Male,35,1,28,1,1-2 Year,No,47833,124,45,0
91414,Male,45,1,8,0,1-2 Year,Yes,36353,124,210,1
46160,Female,25,1,33,0,< 1 Year,Yes,31350,152,278,0
64998,Male,48,1,24,0,1-2 Year,Yes,41309,124,160,1
87066,Female,45,1,28,0,1-2 Year,Yes,43579,26,206,1
55017,Female,23,1,15,0,< 1 Year,Yes,27932,151,285,1
62671,Female,50,1,28,0,1-2 Year,Yes,28610,52,250,1
69262,Male,35,1,10,0,1-2 Year,Yes,2630,124,47,1
50117,Female,64,1,8,0,1-2 Year,Yes,34335,26,69,1
71038,Female,62,1,50,0,1-2 Year,Yes,43060,8,296,1
92719,Female,38,1,46,0,1-2 Year,Yes,25239,154,106,1
58183,Male,35,1,36,0,1-2 Year,Yes,37983,154,295,1
49592,Male,20,1,49,0,1-2 Year,No,2630,156,208,1
20510,Female,25,1,6,1,< 1 Year,No,36814,152,43,0
82742,Male,42,1,29,0,1-2 Year,Yes,2630,157,41,1
19248,Male,34,1,28,0,1-2 Year,No,2630,156,65,0
7034,Female,36,1,24,0,1-2 Year,Yes,2630,160,183,0
33751,Female,31,1,6,1,< 1 Year,No,23733,152,155,0
76534,Female,52,1,28,0,1-2 Year,Yes,48862,13,284,1
25229,Male,23,1,15,0,< 1 Year,No,24058,152,30,0
1165,Male,54,1,29,1,1-2 Year,No,2630,26,36,0
3318,Male,43,1,28,0,1-2 Year,Yes,58162,124,258,0
13899,Female,28,1,28,0,< 1 Year,Yes,40024,124,252,0
55303,Male,27,1,28,0,< 1 Year,Yes,47153,124,94,1
58619,Male,39,1,46,0,1-2 Year,No,2630,156,254,1
44543,Male,28,1,15,1,< 1 Year,No,34193,160,128,0
48588,Male,51,1,28,0,1-2 Year,Yes,49754,26,291,1
56817,Male,27,1,3,0,< 1 Year,Yes,28667,152,120,1
8234,Male,30,1,41,1,< 1 Year,No,32637,152,95,0
83297,Female,54,1,46,0,1-2 Year,Yes,29900,26,211,1
92736,Male,47,1,8,0,1-2 Year,Yes,43733,26,243,1
41740,Male,25,1,41,0,< 1 Year,Yes,2630,152,276,0
92011,Male,40,1,46,0,1-2 Year,Yes,24979,124,260,1
67581,Male,54,1,39,0,1-2 Year,Yes,42713,124,226,1
78693,Male,41,1,11,0,1-2 Year,No,23019,124,101,1
28696,Male,39,1,29,0,1-2 Year,Yes,2630,156,51,0
38369,Male,49,1,28,1,1-2 Year,Yes,34489,26,289,0
52394,Male,24,1,45,0,< 1 Year,Yes,46956,124,232,1
41050,Male,72,1,28,0,1-2 Year,No,33404,61,26,0
82551,Male,54,1,28,0,> 2 Years,Yes,36088,26,15,1
39632,Male,59,1,3,1,1-2 Year,No,41966,124,98,0
69418,Male,40,1,14,0,1-2 Year,Yes,34931,163,31,1
35931,Female,31,1,46,0,1-2 Year,Yes,49041,124,63,0
7344,Female,20,1,11,1,< 1 Year,No,2630,160,31,0
84317,Male,46,1,28,0,1-2 Year,Yes,2630,124,102,1
41987,Female,22,1,47,0,< 1 Year,Yes,31563,152,161,0
35816,Female,27,1,41,1,< 1 Year,Yes,26168,153,187,0
45740,Female,61,1,1,0,1-2 Year,Yes,2630,26,271,0
330,Female,22,1,30,1,< 1 Year,No,35879,152,75,0
35340,Female,28,1,30,1,< 1 Year,No,31406,152,69,0
32995,Male,57,1,46,0,1-2 Year,Yes,41765,26,198,0
86903,Male,57,1,33,0,1-2 Year,Yes,31213,124,184,1
60233,Male,31,1,41,0,< 1 Year,Yes,45045,124,136,1
30127,Male,59,1,47,1,1-2 Year,Yes,37742,124,101,0
11143,Male,23,1,36,1,< 1 Year,No,2630,160,192,0
2434,Female,38,1,8,1,1-2 Year,No,26980,124,55,0
636,Male,51,1,3,0,1-2 Year,Yes,2630,160,106,0
36735,Female,53,1,28,1,1-2 Year,No,2630,52,67,0
8422,Male,40,1,28,1,1-2 Year,No,34296,26,192,0
24465,Male,72,1,48,1,1-2 Year,No,2630,15,32,0
24977,Female,40,1,28,1,1-2 Year,No,38118,124,22,0
88484,Female,39,1,28,0,1-2 Year,No,32706,155,227,1
41022,Female,29,1,28,1,< 1 Year,No,29431,152,75,0
9000,Male,23,1,25,0,< 1 Year,Yes,35785,160,121,0
90950,Male,49,1,45,0,1-2 Year,Yes,37506,30,38,1
21008,Male,31,1,46,0,< 1 Year,No,2630,1,284,0
29864,Female,25,1,8,0,< 1 Year,Yes,43766,152,252,0
54385,Male,35,1,16,0,1-2 Year,Yes,31691,152,270,1
70431,Female,40,1,28,0,1-2 Year,Yes,27789,124,75,1
1152,Male,53,1,8,0,1-2 Year,Yes,47970,124,262,0
21453,Male,21,1,15,1,< 1 Year,No,27546,160,129,0
65019,Female,48,1,28,0,> 2 Years,Yes,61163,26,47,1
84258,Female,35,1,46,0,1-2 Year,Yes,2630,156,19,1
43650,Female,24,1,15,1,< 1 Year,No,43527,152,44,0
72113,Male,53,1,8,0,1-2 Year,Yes,29452,26,270,1
67229,Female,47,1,28,0,1-2 Year,Yes,37293,124,205,1
47716,Male,29,1,28,0,1-2 Year,Yes,30562,61,286,1
4057,Male,44,1,36,1,1-2 Year,No,35463,124,289,0
3457,Male,23,1,18,1,< 1 Year,No,33463,152,42,0
32066,Male,46,1,28,1,1-2 Year,No,27479,124,74,0
58600,Female,71,1,41,0,1-2 Year,Yes,26078,26,63,1
82049,Male,22,1,36,0,< 1 Year,Yes,32384,152,208,1
70047,Male,43,1,28,0,1-2 Year,Yes,48568,26,159,1
86896,Female,54,1,28,0,1-2 Year,Yes,23135,124,139,1
63776,Male,62,1,16,0,1-2 Year,Yes,2630,26,185,1
39475,Female,72,1,28,0,1-2 Year,Yes,57602,26,20,0
35197,Male,39,1,48,0,1-2 Year,Yes,2630,124,66,0
3349,Male,21,1,3,0,< 1 Year,Yes,22275,160,293,0
68083,Female,57,1,3,0,1-2 Year,Yes,32405,26,63,1
82064,Male,67,1,28,0,1-2 Year,Yes,28479,26,50,1
55744,Female,60,1,46,0,1-2 Year,Yes,26740,4,198,1
39083,Male,23,1,35,0,< 1 Year,Yes,32019,152,83,0
89936,Female,49,1,28,0,1-2 Year,Yes,27596,26,199,1
20947,Male,25,1,47,0,< 1 Year,Yes,38751,151,84,0
49378,Male,32,1,28,0,< 1 Year,Yes,51373,122,61,1
78287,Female,50,1,48,0,1-2 Year,Yes,2630,26,195,1
60691,Female,34,1,39,0,1-2 Year,Yes,28728,156,181,1
9897,Male,46,1,28,0,1-2 Year,Yes,59318,26,170,0
86522,Male,43,1,29,0,1-2 Year,Yes,2630,26,100,1
25628,Male,28,1,6,1,< 1 Year,No,24192,152,21,0
50708,Male,40,1,28,0,1-2 Year,Yes,35972,124,117,1
34259,Female,66,1,28,0,1-2 Year,Yes,71165,124,235,0
35528,Female,21,1,28,1,< 1 Year,No,63799,160,203,0
83486,Female,24,1,27,0,< 1 Year,Yes,2630,152,128,1
27017,Male,46,1,48,0,1-2 Year,Yes,2630,124,155,0
65089,Female,30,1,28,0,< 1 Year,Yes,55705,122,264,1
68324,Male,27,1,41,0,< 1 Year,Yes,29467,124,80,1
30698,Male,49,1,28,0,1-2 Year,Yes,48748,26,174,0
72272,Male,41,1,48,0,1-2 Year,Yes,2630,124,197,1
46140,Female,23,1,41,1,< 1 Year,No,27523,152,107,0
14937,Male,25,1,36,1,< 1 Year,No,37409,152,110,0
2909,Female,47,1,28,1,1-2 Year,No,59793,124,15,0
4613,Female,28,1,3,1,< 1 Year,No,37785,152,252,0
88505,Male,32,1,28,0,1-2 Year,Yes,31256,124,114,1
12195,Female,24,1,8,1,< 1 Year,No,37817,152,254,0
92663,Male,36,1,5,0,1-2 Year,Yes,31915,26,192,1
19589,Female,23,1,3,0,< 1 Year,Yes,2630,152,166,0
38887,Male,27,1,33,0,< 1 Year,Yes,32936,152,76,0
49006,Male,43,1,28,0,1-2 Year,Yes,43005,26,209,1
3969,Male,42,1,8,0,1-2 Year,Yes,2630,124,165,0
70943,Female,24,1,6,0,< 1 Year,Yes,35027,152,190,1
14768,Male,41,1,46,0,1-2 Year,Yes,24861,124,114,0
6285,Male,23,1,37,0,< 1 Year,No,2630,156,126,0
45101,Female,47,1,28,0,< 1 Year,Yes,2630,1,123,0
84130,Female,48,1,28,0,> 2 Years,Yes,33692,26,157,1
36188,Female,33,1,28,0,< 1 Year,Yes,28567,26,292,0
90156,Female,70,1,28,0,> 2 Years,Yes,2630,26,78,1
9673,Male,51,1,28,0,1-2 Year,Yes,49273,124,144,0
42133,Female,22,1,33,1,< 1 Year,No,31702,152,183,0
42240,Female,24,1,3,1,< 1 Year,No,25555,152,233,0
80394,Female,58,1,28,0,1-2 Year,Yes,25195,157,265,1
26687,Female,24,1,29,1,< 1 Year,No,38040,152,222,0
30864,Male,21,1,3,1,< 1 Year,Yes,27125,160,268,0
36591,Female,22,1,8,0,< 1 Year,Yes,38939,152,60,0
63013,Female,39,1,28,0,1-2 Year,Yes,37349,26,228,1
67954,Female,52,1,8,0,1-2 Year,Yes,40688,124,203,1
19595,Male,45,1,16,0,1-2 Year,Yes,34741,124,275,0
43808,Male,57,1,28,0,> 2 Years,Yes,2630,156,272,0
18423,Female,28,1,11,1,< 1 Year,No,22053,152,44,0
13785,Female,37,1,28,0,1-2 Year,Yes,36448,122,158,0
92613,Female,46,1,28,0,1-2 Year,Yes,27544,124,123,1
79752,Male,38,1,36,0,1-2 Year,Yes,27474,124,289,1
28630,Female,24,1,36,1,< 1 Year,No,44246,152,191,0
66399,Male,29,1,28,0,< 1 Year,Yes,36548,124,107,1
19044,Male,23,1,28,1,< 1 Year,No,2630,152,152,0
88653,Female,35,1,28,0,1-2 Year,Yes,2630,124,250,1
76654,Male,48,1,8,0,1-2 Year,Yes,2630,156,187,1
78952,Female,69,1,28,0,> 2 Years,Yes,56584,124,82,1
6567,Male,21,1,28,1,< 1 Year,No,39549,152,79,0
4792,Male,21,1,46,0,< 1 Year,Yes,35399,160,227,0
49171,Male,26,1,18,0,< 1 Year,Yes,2630,152,97,1
61536,Male,38,1,28,0,1-2 Year,Yes,2630,156,11,1
31405,Male,25,1,8,1,< 1 Year,No,68115,152,131,0
13620,Female,38,1,28,0,1-2 Year,Yes,33135,26,18,0
53482,Male,33,1,28,0,< 1 Year,Yes,37571,124,220,1
89800,Male,42,1,28,0,1-2 Year,Yes,40918,26,296,1
62251,Male,37,1,28,0,1-2 Year,Yes,30953,26,126,1
13070,Male,33,1,28,0,< 1 Year,Yes,32820,154,267,0
1075,Male,59,1,46,1,1-2 Year,No,21774,26,42,0
68842,Male,44,1,22,1,> 2 Years,Yes,28616,26,200,1
45529,Female,28,1,10,0,< 1 Year,Yes,2630,152,164,0
45817,Female,33,1,18,1,< 1 Year,No,36488,152,116,0
1092,Male,60,1,10,1,1-2 Year,No,40418,124,209,0
6949,Male,35,1,41,0,1-2 Year,No,2630,156,76,0
75666,Male,50,1,8,0,1-2 Year,Yes,44356,154,296,1
60211,Male,49,1,39,0,1-2 Year,Yes,29490,163,254,1
48564,Female,50,1,15,0,> 2 Years,Yes,2630,14,192,1
78719,Male,44,1,28,0,1-2 Year,Yes,37190,124,186,1
33821,Female,45,1,28,1,1-2 Year,No,38180,26,209,0
28598,Male,20,1,35,1,< 1 Year,No,26520,160,30,0
90482,Male,38,1,16,0,1-2 Year,Yes,30836,154,240,1
1766,Female,24,1,27,1,< 1 Year,No,35316,152,214,0
4031,Male,49,1,28,1,1-2 Year,No,39191,124,296,0
81159,Male,61,1,48,0,1-2 Year,Yes,2630,122,156,1
54381,Male,36,1,8,0,1-2 Year,Yes,32404,124,38,1
54061,Male,49,1,50,0,1-2 Year,Yes,43223,124,30,1
67726,Female,32,1,10,0,< 1 Year,Yes,22538,152,173,1
64520,Male,39,1,28,0,> 2 Years,Yes,48710,55,157,1
19213,Male,62,1,28,0,> 2 Years,Yes,2630,52,156,0
51505,Female,40,1,28,0,1-2 Year,Yes,51304,124,137,1
21249,Male,24,1,8,1,< 1 Year,No,36403,152,54,0
62268,Female,33,1,28,0,1-2 Year,Yes,70304,124,158,1
24398,Female,42,1,29,0,> 2 Years,Yes,2630,157,179,0
1728,Male,58,1,29,1,1-2 Year,No,41827,26,18,0
31845,Female,67,1,11,1,1-2 Year,No,44345,26,263,0
85679,Female,46,1,28,0,1-2 Year,Yes,51433,26,93,1
29413,Female,24,1,6,1,< 1 Year,No,28698,152,24,0
89366,Male,47,1,28,0,1-2 Year,Yes,37800,122,236,1
54547,Male,46,1,28,0,1-2 Year,Yes,36981,26,256,1
29857,Female,27,1,28,1,< 1 Year,No,30619,152,153,0
12684,Male,24,1,27,1,< 1 Year,No,29945,152,238,0
81127,Female,44,1,28,0,> 2 Years,Yes,35407,26,83,1
439,Female,27,1,28,0,< 1 Year,Yes,44728,26,89,0
16581,Male,30,1,21,1,1-2 Year,No,30596,124,260,0
6161,Female,24,1,8,1,< 1 Year,No,42260,152,142,0
28915,Male,23,1,10,0,< 1 Year,Yes,30330,152,165,0
49466,Male,35,1,2,0,1-2 Year,Yes,28084,124,72,1
33303,Male,24,1,37,0,< 1 Year,No,44342,152,250,0
10813,Male,22,1,47,1,< 1 Year,No,39553,152,49,0
16584,Male,25,1,8,0,< 1 Year,Yes,31475,152,204,0
66120,Male,30,1,11,0,1-2 Year,Yes,2630,157,258,1
26871,Female,31,1,49,1,< 1 Year,No,30163,152,122,0
33227,Male,40,1,6,0,1-2 Year,Yes,26407,12,107,0
48259,Female,45,1,28,0,1-2 Year,Yes,50800,26,177,1
27575,Female,55,1,26,1,1-2 Year,No,27248,22,106,0
23275,Male,54,1,35,0,1-2 Year,Yes,22756,124,219,0
39695,Male,44,1,28,1,1-2 Year,No,24233,26,89,0
57015,Male,34,1,20,0,1-2 Year,Yes,37823,60,137,1
34940,Female,26,1,11,1,< 1 Year,No,30747,152,98,0
70980,Male,53,1,28,0,> 2 Years,Yes,29459,124,49,1
71983,Male,50,1,28,0,1-2 Year,Yes,38907,26,195,1
80911,Female,56,1,41,0,1-2 Year,Yes,39355,157,113,1
17718,Male,52,1,46,0,> 2 Years,Yes,28195,11,49,0
60633,Female,45,1,28,0,1-2 Year,Yes,45977,26,163,1
3316,Female,22,1,28,0,< 1 Year,Yes,42941,152,154,0
24391,Male,43,1,28,0,1-2 Year,Yes,29831,124,230,0
43141,Female,47,1,28,0,1-2 Year,Yes,50322,154,288,0
14509,Female,23,1,26,0,< 1 Year,Yes,2630,152,121,0
81646,Male,31,1,8,0,< 1 Year,Yes,27830,152,220,1
10606,Female,49,1,41,1,1-2 Year,No,41585,26,180,0
52959,Male,39,1,15,0,> 2 Years,Yes,2630,124,256,1
23097,Male,28,1,35,1,< 1 Year,No,37608,152,282,0
44419,Male,24,1,46,1,< 1 Year,No,33646,152,41,0
27942,Female,45,1,15,0,1-2 Year,Yes,39833,26,16,0
74546,Male,64,1,28,0,1-2 Year,Yes,50563,124,72,1
45712,Female,21,1,46,1,< 1 Year,No,44027,160,144,0
15540,Male,66,1,28,1,1-2 Year,Yes,29463,26,204,0
21597,Male,30,1,46,0,< 1 Year,Yes,35562,152,200,0
80542,Female,23,1,28,0,< 1 Year,Yes,2630,26,139,1
40915,Male,32,1,7,1,< 1 Year,No,2630,152,144,0
9877,Male,43,1,5,0,1-2 Year,Yes,31118,26,164,0
37863,Male,58,1,24,1,1-2 Year,No,31199,26,158,0
64329,Male,41,1,40,0,1-2 Year,Yes,2630,124,260,1
66490,Male,26,1,28,0,< 1 Year,Yes,43840,156,126,1
12833,Female,22,1,15,1,< 1 Year,No,29725,152,82,0
68467,Male,29,1,41,0,< 1 Year,Yes,17928,163,26,1
57465,Male,28,1,28,0,< 1 Year,Yes,52617,124,50,1
19527,Female,21,1,28,1,< 1 Year,Yes,32050,152,225,0
36790,Male,50,1,8,0,> 2 Years,Yes,36771,124,179,0
72476,Male,62,1,28,0,1-2 Year,Yes,25530,26,207,1
73071,Female,40,1,46,0,1-2 Year,Yes,42513,154,65,1
42408,Female,21,1,27,0,< 1 Year,Yes,29074,152,53,0
23907,Male,45,1,26,0,1-2 Year,Yes,36398,120,35,0
55271,Female,34,1,11,0,1-2 Year,Yes,2630,156,238,1
77891,Male,64,1,29,0,1-2 Year,Yes,2630,26,280,1
27151,Male,47,1,28,0,1-2 Year,Yes,57159,26,248,0
38442,Female,22,1,27,0,< 1 Year,Yes,22446,26,112,0
75216,Male,52,1,41,0,1-2 Year,Yes,2630,26,225,1
2297,Male,70,1,8,0,1-2 Year,Yes,37039,156,92,0
2765,Male,34,1,14,0,1-2 Year,Yes,2630,157,286,0
66762,Female,47,1,2,0,1-2 Year,Yes,31416,26,266,1
41654,Female,22,1,13,1,< 1 Year,No,26575,152,46,0
66970,Female,38,1,33,0,1-2 Year,Yes,2630,124,54,1
41115,Male,23,1,37,0,< 1 Year,Yes,2630,151,163,0
66095,Female,39,1,28,0,1-2 Year,Yes,40800,124,56,1
61011,Female,59,1,8,0,1-2 Year,Yes,34695,124,262,1
75985,Male,65,1,3,0,> 2 Years,Yes,32582,26,183,1
11634,Male,48,1,8,0,1-2 Year,No,24428,26,15,0
91689,Female,27,1,37,0,< 1 Year,Yes,29838,152,97,1
29068,Female,22,1,15,0,< 1 Year,Yes,38784,152,31,0
83904,Female,39,1,28,0,1-2 Year,Yes,28075,124,276,1
14692,Female,41,1,4,0,1-2 Year,Yes,2630,157,253,0
63103,Male,53,1,27,0,1-2 Year,Yes,24541,26,132,1
11973,Female,27,1,28,1,< 1 Year,No,27487,152,224,0
69891,Male,44,1,28,0,1-2 Year,Yes,34339,26,113,1
82451,Female,52,1,28,0,> 2 Years,Yes,40541,23,189,1
35419,Male,70,1,28,1,1-2 Year,No,45290,124,272,0
82663,Male,37,1,28,0,1-2 Year,Yes,43062,124,246,1
23623,Female,35,1,8,1,1-2 Year,No,52195,152,12,0
57681,Male,70,1,24,0,> 2 Years,Yes,39218,124,272,1
19210,Male,28,1,16,0,1-2 Year,Yes,2630,124,50,0
45054,Female,31,1,35,1,< 1 Year,No,2630,152,272,0
76039,Male,40,1,29,0,1-2 Year,Yes,27932,124,27,1
61953,Female,33,1,46,0,< 1 Year,Yes,47534,124,202,1
75527,Male,49,1,28,0,1-2 Year,Yes,71126,122,184,1
54218,Male,42,1,28,0,1-2 Year,Yes,31488,61,13,1
66100,Male,32,1,3,0,1-2 Year,Yes,30359,124,231,1
15691,Male,55,1,28,0,1-2 Year,Yes,44850,122,45,0
48747,Male,47,1,28,0,> 2 Years,Yes,59481,26,128,1
32277,Male,63,1,28,0,1-2 Year,Yes,35121,122,117,0
86816,Male,52,1,33,0,1-2 Year,Yes,33108,26,169,1
14364,Male,71,1,28,0,1-2 Year,Yes,34934,26,79,0
26445,Male,40,1,33,0,1-2 Year,Yes,24177,156,192,0
5543,Male,38,1,8,0,1-2 Year,Yes,34836,124,208,0
29524,Male,22,1,28,1,< 1 Year,No,50347,152,118,0
9478,Female,30,1,28,1,< 1 Year,No,30628,124,44,0
31110,Female,21,1,46,0,< 1 Year,Yes,2630,152,94,0
8591,Male,43,1,36,1,1-2 Year,No,2630,152,159,0
83720,Male,31,1,28,0,< 1 Year,Yes,28108,124,77,1
7647,Male,22,1,10,1,< 1 Year,No,30402,152,201,0
29867,Male,23,1,23,1,< 1 Year,No,25149,152,33,0
11123,Female,57,1,28,1,1-2 Year,No,26278,26,232,0
68346,Male,70,1,28,0,1-2 Year,Yes,46463,26,78,1
63214,Male,36,1,28,0,1-2 Year,Yes,37609,124,56,1
12607,Female,27,1,36,1,< 1 Year,No,26583,152,160,0
37616,Female,25,1,44,0,< 1 Year,Yes,25595,152,236,0
36581,Male,25,1,28,1,< 1 Year,No,47387,152,33,0
49143,Female,23,1,32,0,< 1 Year,Yes,27478,26,144,1
44372,Male,33,1,11,1,1-2 Year,Yes,32656,26,193,0
46639,Female,24,1,11,1,< 1 Year,No,38873,152,114,0
83100,Male,42,1,8,0,1-2 Year,Yes,40375,26,137,1
6945,Female,42,1,46,0,1-2 Year,Yes,25733,124,92,0
45733,Male,40,1,28,0,> 2 Years,Yes,45730,124,83,0
82712,Male,55,1,28,0,1-2 Year,Yes,40332,26,272,1
60760,Male,32,1,41,0,1-2 Year,Yes,2630,156,106,1
46953,Female,22,1,9,0,< 1 Year,Yes,30068,152,142,1
38871,Female,44,1,3,0,1-2 Year,Yes,33461,160,187,0
13499,Male,26,1,50,1,< 1 Year,No,34554,152,102,0
67949,Female,28,1,33,0,< 1 Year,Yes,2630,156,248,1
1129,Male,34,1,21,0,1-2 Year,Yes,2630,156,65,0
84419,Female,45,1,28,0,1-2 Year,Yes,51778,124,231,1
65309,Female,35,1,38,0,1-2 Year,Yes,36638,124,285,1
68675,Male,37,1,4,0,1-2 Year,Yes,32100,124,32,1
46827,Female,43,1,8,0,1-2 Year,Yes,43566,157,45,1
87174,Female,37,1,41,0,1-2 Year,Yes,31694,124,198,1
20777,Female,24,1,29,1,< 1 Year,No,39287,152,125,0
14600,Male,53,1,28,0,> 2 Years,Yes,36109,124,267,0
21744,Male,57,1,28,0,1-2 Year,Yes,46300,124,199,0
47348,Male,58,1,28,0,> 2 Years,Yes,34430,3,58,1
16176,Female,26,1,21,1,< 1 Year,No,22700,152,160,0
62144,Female,51,1,28,0,1-2 Year,Yes,2630,157,104,1
52077,Female,32,1,30,0,< 1 Year,Yes,2630,124,99,1
86509,Male,50,1,28,0,1-2 Year,Yes,44598,26,89,1
29456,Male,24,1,8,1,< 1 Year,No,35065,160,297,0
34038,Male,22,1,32,1,< 1 Year,No,37572,152,32,0
88454,Female,37,1,28,0,1-2 Year,Yes,29593,26,119,1
69629,Male,24,1,28,0,< 1 Year,Yes,41013,152,199,1
13847,Male,26,1,28,1,< 1 Year,No,46387,152,40,0
58756,Male,37,1,28,0,1-2 Year,Yes,39285,163,126,1
51615,Female,42,1,8,0,1-2 Year,Yes,2630,156,152,1
19018,Male,25,1,28,1,< 1 Year,No,27474,152,169,0
11374,Male,21,1,33,0,< 1 Year,Yes,24670,124,195,0
82138,Male,31,1,33,0,1-2 Year,Yes,2630,157,181,1
31277,Male,21,1,36,1,< 1 Year,No,41935,160,219,0
84483,Female,65,1,28,0,1-2 Year,Yes,49163,60,201,1
15371,Male,74,1,46,1,1-2 Year,No,31675,124,238,0
16758,Female,23,1,11,1,< 1 Year,No,23205,152,129,0
73587,Female,39,1,21,0,1-2 Year,Yes,21359,124,228,1
9004,Female,22,1,45,0,1-2 Year,Yes,20644,124,162,0
45605,Male,24,1,28,1,< 1 Year,No,52359,152,181,0
38809,Male,53,1,28,1,1-2 Year,No,56930,124,151,0
39038,Male,24,1,41,1,< 1 Year,No,39376,152,256,0
79130,Male,35,1,13,0,1-2 Year,Yes,30015,26,40,1
18999,Male,55,0,15,0,1-2 Year,Yes,32159,14,128,0
78944,Female,42,1,28,0,< 1 Year,Yes,40544,125,193,1
6579,Male,41,1,28,0,1-2 Year,Yes,35542,124,91,0
34117,Male,24,1,46,1,< 1 Year,No,27732,152,218,0
67332,Male,34,1,8,0,> 2 Years,Yes,39642,124,100,1
9976,Male,23,1,14,1,< 1 Year,No,36993,152,255,0
58495,Female,24,1,21,0,1-2 Year,Yes,2630,156,18,1
39991,Male,24,1,28,0,< 1 Year,No,2630,152,268,0
3454,Female,24,1,17,0,< 1 Year,No,37166,152,134,0
67538,Male,38,1,11,0,1-2 Year,Yes,24771,26,183,1
3030,Male,49,1,8,1,1-2 Year,No,45471,124,99,0
69910,Female,54,1,6,0,1-2 Year,Yes,2630,156,273,1
51382,Male,40,1,37,0,1-2 Year,Yes,31296,61,240,1
59005,Male,57,1,16,0,> 2 Years,Yes,20646,26,39,1
25699,Female,24,1,45,1,< 1 Year,No,2630,152,219,0
58958,Male,30,1,29,0,1-2 Year,Yes,35246,157,10,1
7349,Male,26,1,37,1,< 1 Year,No,29119,152,225,0
14237,Male,25,1,8,0,< 1 Year,Yes,40813,152,181,0
77890,Male,55,1,30,0,1-2 Year,Yes,30032,124,26,1
59052,Male,43,1,21,0,1-2 Year,Yes,20111,152,181,1
77119,Male,54,1,22,0,1-2 Year,Yes,2630,26,185,1
41213,Female,27,1,8,1,< 1 Year,No,25227,152,31,0
1131,Male,71,1,46,0,1-2 Year,Yes,30960,91,276,0
75168,Female,43,1,28,0,> 2 Years,Yes,2630,26,103,1
64135,Female,49,1,43,0,1-2 Year,Yes,34364,124,293,1
86471,Female,57,1,39,0,1-2 Year,Yes,2630,124,84,1
10053,Male,24,1,28,1,< 1 Year,No,41119,152,81,0
79628,Male,42,1,18,0,1-2 Year,Yes,29945,124,65,1
39871,Female,22,1,39,0,1-2 Year,Yes,26823,124,173,0
57986,Female,43,1,28,0,1-2 Year,Yes,39990,124,151,1
60258,Male,38,1,26,0,1-2 Year,Yes,28514,22,221,1
60308,Male,41,1,31,0,1-2 Year,Yes,2630,154,68,1
18573,Male,53,1,35,1,1-2 Year,No,34353,26,224,0
4084,Male,30,1,16,0,< 1 Year,No,23525,152,163,0
86845,Male,54,1,28,0,1-2 Year,No,31902,122,222,1
76601,Male,34,1,30,0,> 2 Years,Yes,39413,157,140,1
80436,Male,49,1,39,0,> 2 Years,Yes,41108,124,212,1
82179,Female,45,1,8,0,1-2 Year,Yes,39286,26,13,1
8126,Male,23,1,46,1,< 1 Year,No,21569,152,128,0
93166,Male,37,1,28,0,1-2 Year,Yes,42207,124,135,1
22463,Male,24,1,41,1,< 1 Year,No,66777,152,47,0
48823,Male,47,1,20,0,> 2 Years,Yes,2630,124,65,1
59238,Male,33,1,46,0,< 1 Year,Yes,21396,156,280,1
40463,Female,79,1,28,1,1-2 Year,No,36181,26,207,0
48542,Male,44,1,28,0,1-2 Year,Yes,45282,124,123,1
1466,Female,40,1,28,0,1-2 Year,No,2630,156,280,0
60609,Female,41,1,50,0,1-2 Year,Yes,32162,17,168,1
41215,Female,24,1,27,0,< 1 Year,No,35322,152,291,0
42261,Male,27,1,45,0,< 1 Year,No,38478,151,54,0
27302,Female,43,1,8,1,1-2 Year,No,29858,26,83,0
61423,Female,45,1,28,0,1-2 Year,Yes,51328,26,231,1
87070,Male,43,1,28,0,1-2 Year,Yes,41537,11,145,1
89991,Male,47,1,28,0,1-2 Year,Yes,32232,26,24,1
85121,Male,46,1,28,0,1-2 Year,Yes,47921,124,133,1
79753,Male,51,1,28,0,1-2 Year,Yes,48286,26,206,1
25259,Female,28,1,35,1,< 1 Year,No,29121,152,128,0
4967,Male,54,1,28,0,1-2 Year,Yes,45373,124,269,0
71467,Male,38,1,35,0,1-2 Year,Yes,2630,156,207,1
1781,Male,22,1,28,1,< 1 Year,Yes,40893,154,64,0
25271,Male,22,1,46,1,< 1 Year,No,31495,152,190,0
13206,Male,45,1,35,0,1-2 Year,Yes,20566,152,111,0
18329,Female,33,1,44,0,< 1 Year,No,2630,152,282,0
4657,Male,23,1,39,1,< 1 Year,No,33752,160,74,0
58507,Male,48,1,28,0,1-2 Year,Yes,39333,26,291,1
90564,Male,39,1,28,0,1-2 Year,Yes,31183,156,145,1
51873,Male,33,1,28,0,> 2 Years,Yes,30534,124,58,1
61789,Male,53,1,50,0,1-2 Year,Yes,22486,124,125,1
23765,Male,24,1,18,1,< 1 Year,Yes,42536,152,212,0
91680,Male,45,1,28,0,1-2 Year,Yes,36370,124,161,1
56492,Female,78,1,28,0,1-2 Year,Yes,23461,26,135,1
49076,Female,46,1,28,0,1-2 Year,Yes,60183,26,151,1
13729,Male,50,1,0,0,1-2 Year,Yes,2630,122,60,0
83262,Female,28,1,3,0,< 1 Year,Yes,21889,152,107,1
53132,Female,64,1,33,0,1-2 Year,Yes,27754,157,114,1
4932,Male,41,1,28,0,1-2 Year,Yes,41638,26,34,0
92970,Male,33,1,8,0,1-2 Year,Yes,2630,124,101,1
46009,Female,41,1,28,0,1-2 Year,Yes,38928,26,103,0
47311,Female,47,1,46,0,1-2 Year,Yes,40734,26,75,1
49759,Female,26,1,37,0,< 1 Year,Yes,40732,152,29,1
31389,Female,24,1,18,1,< 1 Year,No,25496,152,48,0
33144,Male,24,1,9,1,< 1 Year,No,37362,152,208,0
28838,Female,50,1,30,0,1-2 Year,Yes,2630,124,50,0
6298,Male,25,1,29,1,< 1 Year,No,25530,152,187,0
11917,Female,25,1,11,1,< 1 Year,No,35679,152,136,0
43749,Female,26,1,30,1,< 1 Year,No,31104,152,239,0
67814,Male,20,1,15,0,< 1 Year,Yes,38743,160,249,1
33326,Male,29,1,8,1,< 1 Year,No,34648,152,219,0
70938,Male,39,1,46,0,1-2 Year,Yes,2630,156,180,1
50854,Female,44,1,12,0,1-2 Year,Yes,2630,124,247,1
4634,Male,42,1,31,0,1-2 Year,Yes,2630,124,265,0
30257,Male,22,1,35,0,< 1 Year,No,2630,160,87,0
67119,Female,42,1,41,0,> 2 Years,Yes,31579,26,83,1
52573,Male,61,1,28,0,> 2 Years,Yes,69856,26,201,1
23018,Female,48,1,8,0,1-2 Year,Yes,2630,124,180,0
16072,Male,53,1,28,1,1-2 Year,No,59327,124,207,0
55684,Male,41,1,45,0,1-2 Year,Yes,33713,124,176,1
77297,Male,32,1,46,0,< 1 Year,Yes,21144,154,101,1
21504,Female,22,1,8,1,< 1 Year,No,34624,152,150,0
63173,Female,49,1,46,0,1-2 Year,Yes,20766,26,184,1
85384,Male,56,1,28,0,> 2 Years,Yes,2630,26,249,1
41175,Male,50,1,28,1,1-2 Year,No,31505,26,213,0
4504,Female,29,1,7,1,< 1 Year,No,29272,152,299,0
80814,Male,27,1,28,0,< 1 Year,Yes,25358,152,60,1
90803,Male,49,1,46,0,1-2 Year,Yes,29072,26,186,1
4599,Female,23,1,2,1,< 1 Year,No,30686,152,198,0
32976,Male,32,1,39,0,1-2 Year,No,28393,124,53,0
53272,Female,45,1,28,0,1-2 Year,Yes,40212,13,72,1
33973,Female,22,1,45,1,< 1 Year,No,21891,152,103,0
4832,Female,27,1,41,1,< 1 Year,No,32424,152,54,0
19695,Male,55,1,28,0,1-2 Year,Yes,42680,26,115,0
48806,Male,48,1,46,0,1-2 Year,Yes,2630,26,276,1
62703,Male,42,1,33,0,1-2 Year,Yes,28265,124,138,1
54168,Female,35,1,28,0,1-2 Year,Yes,31904,26,54,1
53486,Male,54,1,16,0,1-2 Year,Yes,2630,26,34,1
3002,Female,24,1,25,0,< 1 Year,No,26252,151,23,0
2991,Female,31,1,15,1,< 1 Year,No,64370,152,89,0
43161,Female,26,1,37,0,< 1 Year,Yes,34103,152,33,0
29865,Female,49,1,9,0,1-2 Year,No,26738,124,265,0
80714,Male,35,1,28,0,1-2 Year,Yes,70246,122,179,1
34927,Male,35,1,41,1,1-2 Year,No,2630,124,145,0
68899,Male,47,1,2,0,1-2 Year,Yes,32922,26,242,1
56143,Female,54,1,28,0,1-2 Year,Yes,42826,26,84,1
87086,Male,53,1,28,0,1-2 Year,Yes,44937,26,226,1
39115,Male,32,1,30,1,< 1 Year,No,29901,152,268,0
37347,Female,55,1,10,0,> 2 Years,Yes,35537,26,244,0
82293,Male,47,1,50,0,> 2 Years,Yes,43627,25,215,1
91718,Male,40,1,45,0,1-2 Year,Yes,29831,124,220,1
66578,Female,38,1,26,0,1-2 Year,Yes,33336,156,34,1
21400,Female,50,1,28,1,1-2 Year,No,38911,124,45,0
17373,Female,21,1,20,0,< 1 Year,Yes,2630,160,66,0
60249,Female,47,1,28,0,1-2 Year,Yes,50817,26,242,1
76408,Male,52,1,28,0,1-2 Year,Yes,2630,122,171,1
82120,Male,24,1,28,0,< 1 Year,Yes,2630,124,126,1
83879,Male,51,1,28,0,1-2 Year,Yes,19079,26,21,1
33430,Female,31,1,28,1,< 1 Year,No,38668,152,227,0
65337,Male,48,1,36,0,1-2 Year,Yes,37748,26,290,1
1298,Male,38,1,30,1,1-2 Year,No,22479,152,159,0
49882,Female,42,1,28,0,1-2 Year,Yes,38441,122,239,1
43482,Male,71,1,18,1,1-2 Year,No,54622,26,30,0
832,Female,23,1,17,0,< 1 Year,No,52098,152,120,0
37900,Female,61,1,28,0,1-2 Year,Yes,26044,124,130,0
75257,Male,52,1,28,0,1-2 Year,Yes,41427,26,172,1
80580,Female,34,1,3,0,1-2 Year,Yes,26400,26,176,1
26101,Female,25,1,35,1,< 1 Year,No,29177,152,210,0
41829,Male,22,1,28,1,< 1 Year,No,27032,152,193,0
12589,Male,50,1,28,1,1-2 Year,No,33517,124,81,0
76822,Female,49,1,8,0,1-2 Year,Yes,41464,124,153,1
56346,Male,49,1,41,0,1-2 Year,Yes,29452,26,269,1
50338,Male,38,1,38,0,1-2 Year,Yes,22006,154,139,1
37030,Female,43,1,28,1,1-2 Year,No,37542,26,254,0
19362,Female,23,1,21,1,< 1 Year,No,19331,152,175,0
3410,Male,24,1,18,1,< 1 Year,No,2630,152,172,0
69735,Male,70,1,28,0,> 2 Years,Yes,34110,26,50,1
27260,Female,49,1,28,0,1-2 Year,Yes,28580,4,12,0
32214,Male,45,1,42,0,1-2 Year,Yes,2630,157,101,0
49786,Female,34,1,28,0,1-2 Year,Yes,38175,124,296,1
92337,Female,29,1,28,0,< 1 Year,Yes,49466,124,106,1
77586,Female,59,1,29,0,1-2 Year,Yes,38815,26,156,1
36573,Male,39,1,11,0,1-2 Year,No,37266,124,287,0
19098,Female,48,1,28,1,1-2 Year,No,35141,26,151,0
47877,Female,47,1,28,0,1-2 Year,Yes,36277,122,128,1
85210,Female,76,1,8,0,1-2 Year,Yes,61087,26,90,1
20554,Male,20,1,13,0,< 1 Year,Yes,20177,160,202,0
19225,Female,25,1,18,1,< 1 Year,No,2630,160,253,0
83628,Male,52,1,29,0,1-2 Year,Yes,38440,124,142,1
39030,Male,66,1,28,1,1-2 Year,No,37073,26,259,0
8344,Male,22,1,30,1,< 1 Year,No,24671,152,96,0
33143,Female,29,1,39,1,< 1 Year,No,46691,152,147,0
16229,Female,45,1,28,0,1-2 Year,Yes,23270,139,12,0
85952,Male,32,1,8,0,< 1 Year,Yes,43569,163,188,1
15726,Male,26,1,50,1,< 1 Year,No,33426,152,247,0
67805,Female,53,1,28,0,1-2 Year,Yes,51229,26,234,1
56964,Male,60,1,50,0,1-2 Year,Yes,2630,154,135,1
28659,Male,26,1,8,0,< 1 Year,Yes,30344,152,222,0
39105,Male,62,1,46,0,1-2 Year,Yes,36908,26,296,0
3138,Female,25,1,23,0,1-2 Year,No,27788,124,277,0
48599,Female,49,1,3,0,1-2 Year,Yes,26280,154,157,1
25548,Male,48,1,6,1,1-2 Year,No,27161,26,54,0
31381,Male,45,1,39,1,1-2 Year,No,2630,124,76,0
32367,Male,28,1,6,1,< 1 Year,No,23091,152,273,0
4631,Male,63,1,3,0,1-2 Year,Yes,2630,26,275,0
81728,Female,36,1,28,0,1-2 Year,Yes,32521,124,219,1
59990,Male,46,1,29,0,1-2 Year,Yes,2630,26,265,1
54078,Male,34,1,4,0,1-2 Year,Yes,31648,124,133,1
80625,Female,40,1,41,0,1-2 Year,Yes,26540,26,86,1
17721,Female,24,1,6,1,< 1 Year,No,23169,152,295,0
21846,Female,27,1,47,1,< 1 Year,No,36605,152,93,0
47223,Male,55,1,28,0,1-2 Year,Yes,44484,55,41,1
66504,Female,50,1,11,0,1-2 Year,Yes,40861,26,249,1
48068,Female,31,1,28,0,< 1 Year,Yes,49800,124,170,1
14246,Female,26,1,21,1,< 1 Year,No,2630,152,118,0
19381,Male,41,1,41,0,1-2 Year,Yes,33531,26,144,0
47378,Male,25,1,11,0,< 1 Year,Yes,32155,152,262,1
1636,Female,59,1,28,1,1-2 Year,No,48166,55,130,0
57345,Female,42,1,9,0,1-2 Year,Yes,47853,26,12,1
40774,Male,36,1,30,1,1-2 Year,No,2630,124,105,0
32989,Female,22,1,8,1,< 1 Year,Yes,45588,152,207,0
15569,Female,64,1,46,1,1-2 Year,No,24988,11,183,0
89094,Female,56,1,28,0,1-2 Year,Yes,54861,26,105,1
43289,Male,41,1,29,0,1-2 Year,Yes,38997,124,83,0
75281,Male,64,1,33,0,1-2 Year,Yes,27983,26,53,1
1727,Male,26,1,45,0,< 1 Year,No,23630,152,160,0
79060,Male,30,1,8,0,< 1 Year,Yes,2630,154,79,1
48799,Female,73,1,28,0,1-2 Year,Yes,31317,124,191,1
52548,Male,40,1,46,0,1-2 Year,Yes,19174,124,122,1
42561,Male,37,1,29,1,1-2 Year,No,32338,124,67,0
33584,Male,44,1,28,0,1-2 Year,Yes,36639,26,288,0
35834,Male,43,1,3,1,1-2 Year,Yes,38104,26,61,0
38644,Female,64,1,47,1,1-2 Year,No,2630,26,55,0
47871,Male,23,1,15,0,< 1 Year,Yes,29871,152,298,1
82860,Male,53,1,43,0,1-2 Year,Yes,2630,26,277,1
32006,Female,65,1,47,1,1-2 Year,No,45460,31,218,0
65406,Male,43,1,47,0,1-2 Year,Yes,32830,26,133,1
859,Female,23,1,14,1,< 1 Year,No,24841,152,182,0
10550,Male,28,1,36,1,< 1 Year,No,30927,152,295,0
53075,Female,25,1,28,0,< 1 Year,Yes,30723,152,177,1
19277,Female,22,1,46,1,< 1 Year,Yes,28436,160,15,0
38113,Male,30,1,28,1,< 1 Year,No,46205,152,299,0
40756,Male,27,1,10,1,< 1 Year,No,37627,152,12,0
14998,Female,22,1,33,1,< 1 Year,No,34069,152,228,0
92492,Male,47,1,28,0,1-2 Year,Yes,36984,124,116,1
66898,Male,35,1,30,0,1-2 Year,Yes,2630,151,292,1
83648,Male,44,1,28,0,1-2 Year,Yes,35493,122,31,1
7467,Male,24,1,4,1,< 1 Year,No,33759,152,148,0
38313,Male,42,1,28,1,1-2 Year,No,49389,124,292,0
67969,Female,33,1,17,0,< 1 Year,Yes,2630,124,286,1
51449,Male,51,1,28,0,1-2 Year,Yes,38351,124,175,1
49868,Male,42,1,8,0,1-2 Year,Yes,2630,7,38,1
47854,Male,45,1,28,0,> 2 Years,Yes,30953,26,91,1
76591,Female,55,1,28,0,1-2 Year,Yes,32032,26,105,1
40736,Female,44,1,28,0,1-2 Year,Yes,31190,26,42,0
9918,Male,45,1,16,1,1-2 Year,No,29997,152,12,0
90002,Male,24,1,23,0,< 1 Year,Yes,30760,124,129,1
76503,Female,46,1,8,0,1-2 Year,Yes,43047,124,57,1
38626,Female,34,1,29,1,1-2 Year,Yes,27168,124,148,0
93223,Female,39,1,25,0,1-2 Year,Yes,2630,156,190,1
47833,Female,37,1,28,0,1-2 Year,Yes,35867,124,14,1
74476,Female,43,1,3,0,1-2 Year,Yes,22879,124,152,1
4234,Female,21,1,46,1,< 1 Year,No,2630,160,79,0
86203,Male,46,1,28,0,1-2 Year,Yes,59126,26,188,1
63775,Male,22,1,29,0,< 1 Year,No,40314,152,263,1
30044,Female,25,1,47,1,< 1 Year,No,29534,152,145,0
15166,Male,29,1,12,1,< 1 Year,No,2630,152,64,0
44044,Female,28,1,35,1,< 1 Year,No,35463,152,248,0
38919,Female,22,1,11,1,< 1 Year,No,27529,152,97,0
63388,Male,45,1,29,0,1-2 Year,Yes,52627,26,139,1
44519,Female,25,1,11,1,< 1 Year,No,32077,152,157,0
43512,Female,50,1,35,1,1-2 Year,No,38047,122,19,0
48142,Male,43,1,38,0,1-2 Year,Yes,34739,124,65,1
35033,Male,23,1,45,1,< 1 Year,No,26030,151,97,0
46833,Male,24,1,37,0,< 1 Year,Yes,38903,152,279,1
31748,Male,50,1,46,0,1-2 Year,No,40853,124,292,0
61334,Female,23,1,36,0,< 1 Year,Yes,32481,152,143,1
45653,Male,39,1,30,0,1-2 Year,No,2630,124,269,0
47067,Female,58,1,28,0,1-2 Year,Yes,2630,157,40,1
84765,Male,47,1,28,0,1-2 Year,Yes,36460,124,165,1
63040,Male,39,1,41,0,1-2 Year,Yes,40647,154,148,1
74637,Female,55,1,30,0,< 1 Year,No,2630,1,72,1
14039,Female,56,1,46,0,1-2 Year,Yes,2630,26,27,0
1520,Female,22,1,44,1,< 1 Year,No,2630,152,48,0
39869,Female,53,1,28,1,1-2 Year,No,60449,26,297,0
82913,Female,24,1,35,0,< 1 Year,Yes,2630,163,210,1
66289,Male,61,1,8,0,1-2 Year,Yes,30190,152,185,1
41851,Female,27,1,35,1,< 1 Year,Yes,2630,160,45,0
44849,Female,26,1,28,0,1-2 Year,Yes,43343,124,288,0
5457,Female,42,1,0,0,1-2 Year,Yes,2630,26,46,0
90912,Male,36,1,28,0,1-2 Year,Yes,40023,122,144,1
7937,Male,56,1,28,1,1-2 Year,No,29990,124,100,0
8817,Female,20,1,11,1,< 1 Year,No,26644,160,30,0
67506,Female,23,1,47,0,< 1 Year,Yes,32715,152,118,1
58701,Female,41,1,50,0,1-2 Year,Yes,30639,163,44,1
20666,Male,23,1,28,0,< 1 Year,Yes,2630,158,186,0
61410,Male,43,1,8,0,1-2 Year,Yes,59035,163,298,1
71491,Male,33,1,23,0,< 1 Year,Yes,28661,154,109,1
93036,Male,62,1,28,0,1-2 Year,Yes,38367,26,201,1
35323,Female,22,1,41,0,< 1 Year,Yes,52829,152,171,0
35325,Female,21,1,50,1,< 1 Year,No,32847,152,209,0
6133,Male,22,1,45,0,< 1 Year,Yes,32775,152,166,0
78746,Male,23,1,25,0,< 1 Year,Yes,28249,152,64,1
20477,Male,32,1,10,1,< 1 Year,No,19659,152,71,0
74558,Female,45,1,28,0,1-2 Year,Yes,28321,124,117,1
27309,Female,27,1,50,0,< 1 Year,No,2630,160,210,0
25257,Male,27,1,33,1,< 1 Year,No,27588,152,109,0
12425,Female,53,1,28,0,1-2 Year,Yes,44458,26,136,0
71622,Male,47,1,8,0,1-2 Year,Yes,30050,124,188,1
67923,Female,44,1,28,0,1-2 Year,Yes,41379,26,290,1
15754,Female,69,1,28,1,1-2 Year,No,88733,26,39,0
92500,Female,45,1,15,0,1-2 Year,Yes,51688,14,190,1
82180,Male,43,1,28,0,1-2 Year,Yes,42536,125,213,1
92518,Female,42,1,41,0,1-2 Year,Yes,43119,12,62,1
11357,Female,40,1,36,1,1-2 Year,No,55837,26,72,0
76544,Male,31,1,2,0,1-2 Year,Yes,46765,157,21,1
72181,Male,62,1,28,0,1-2 Year,Yes,44150,26,125,1
71602,Male,58,1,41,0,1-2 Year,Yes,43601,26,294,1
2294,Male,52,1,46,1,1-2 Year,No,21773,124,139,0
7335,Female,35,1,15,0,1-2 Year,No,42484,124,184,0
14596,Male,38,1,8,1,1-2 Year,No,40269,26,137,0
18169,Female,22,1,11,1,< 1 Year,No,27793,152,86,0
3399,Female,23,1,8,0,< 1 Year,Yes,27605,152,114,0
34200,Female,21,1,36,0,< 1 Year,Yes,36715,152,172,0
33028,Female,21,1,47,1,< 1 Year,No,42235,160,269,0
14085,Male,24,1,13,0,< 1 Year,Yes,32812,152,170,0
4428,Male,68,1,28,0,1-2 Year,No,45619,124,212,0
63740,Female,34,1,3,0,1-2 Year,Yes,29650,124,285,1
13739,Female,22,1,46,1,< 1 Year,No,29975,152,133,0
76780,Male,53,1,46,0,> 2 Years,Yes,27872,124,214,1
49561,Female,52,1,28,0,1-2 Year,Yes,50621,26,77,1
18375,Female,22,1,39,1,< 1 Year,No,35437,152,46,0
56649,Female,38,1,28,0,1-2 Year,Yes,43258,26,173,1
87201,Male,30,1,28,0,1-2 Year,Yes,52206,156,153,1
32797,Male,48,1,46,0,1-2 Year,Yes,30681,26,264,0
11984,Male,20,1,17,1,< 1 Year,No,26857,160,229,0
35144,Female,53,1,46,1,1-2 Year,No,26346,152,12,0
25386,Female,26,1,30,1,< 1 Year,No,23637,152,208,0
63109,Female,30,1,23,0,< 1 Year,Yes,22863,152,204,1
61131,Male,47,1,8,0,1-2 Year,Yes,36619,26,55,1
87168,Female,58,1,28,0,> 2 Years,Yes,81714,124,221,1
22334,Female,25,1,46,0,< 1 Year,Yes,49589,152,198,0
59659,Male,32,1,30,0,< 1 Year,Yes,2630,124,121,1
36631,Male,30,1,45,1,< 1 Year,No,26422,152,77,0
26467,Male,53,1,41,0,1-2 Year,Yes,35181,124,158,0
70044,Female,44,1,29,0,1-2 Year,Yes,24205,124,53,1
20705,Female,58,1,28,1,1-2 Year,No,34547,124,152,0
67496,Female,54,1,24,0,1-2 Year,Yes,2630,124,11,1
39655,Male,23,1,29,1,< 1 Year,No,34412,152,48,0
19202,Female,25,1,28,1,< 1 Year,No,37096,152,176,0
65822,Male,47,1,18,0,1-2 Year,Yes,40729,124,216,1
40059,Male,30,1,33,1,1-2 Year,No,29179,26,256,0
78829,Female,39,1,20,0,1-2 Year,Yes,2630,26,227,1
32457,Female,27,1,39,1,< 1 Year,No,2630,152,188,0
9774,Male,21,1,50,1,< 1 Year,No,47164,152,200,0
55680,Female,48,1,15,0,1-2 Year,Yes,34605,26,195,1
64209,Male,42,1,28,0,1-2 Year,Yes,2630,158,261,1
69460,Male,26,1,28,0,< 1 Year,Yes,2630,156,298,1
84984,Male,38,1,7,0,1-2 Year,Yes,49982,163,68,1
65689,Female,48,1,28,0,1-2 Year,Yes,50113,122,227,1
80339,Female,61,1,28,0,1-2 Year,Yes,39704,13,87,1
7880,Female,62,1,8,0,1-2 Year,Yes,53801,7,177,0
91577,Male,54,1,41,0,1-2 Year,Yes,45448,124,160,1
45792,Female,72,1,3,0,1-2 Year,Yes,19857,157,223,0
3589,Male,51,1,35,1,1-2 Year,No,50269,124,130,0
84004,Male,55,1,3,0,1-2 Year,Yes,2630,157,185,1
34037,Female,57,1,28,0,1-2 Year,Yes,41305,26,219,0
32116,Male,23,1,47,0,< 1 Year,Yes,25779,152,285,0
6073,Male,58,1,11,0,1-2 Year,Yes,47525,26,63,0
86240,Female,41,1,28,0,> 2 Years,Yes,62295,124,287,1
10069,Female,27,1,15,1,< 1 Year,Yes,2630,26,223,0
1265,Male,22,1,6,1,< 1 Year,No,22582,152,35,0
84356,Male,41,1,28,0,1-2 Year,Yes,35565,124,256,1
37514,Male,53,1,28,0,1-2 Year,Yes,38841,122,288,0
14722,Male,46,1,24,1,1-2 Year,No,45752,124,243,0
5100,Female,20,1,30,0,< 1 Year,Yes,32673,160,201,0
39649,Female,21,1,8,0,< 1 Year,Yes,40420,160,282,0
39892,Male,23,1,8,1,< 1 Year,No,37740,160,233,0
45478,Female,25,1,8,1,< 1 Year,No,30133,152,57,0
16627,Male,45,1,12,0,1-2 Year,Yes,24482,124,99,0
12331,Female,23,1,46,1,< 1 Year,No,35856,152,106,0
49845,Female,23,1,28,0,< 1 Year,Yes,53687,152,46,1
16213,Male,27,1,46,1,< 1 Year,No,27416,152,50,0
22231,Female,57,1,50,0,> 2 Years,Yes,26634,8,169,0
35117,Female,78,1,28,0,> 2 Years,Yes,25349,157,265,0
64062,Female,44,1,46,0,1-2 Year,Yes,34554,11,148,1
14935,Female,22,1,46,1,< 1 Year,No,2630,160,77,0
44815,Female,71,1,28,0,1-2 Year,No,55320,122,276,0
58613,Female,46,1,8,0,1-2 Year,Yes,31272,26,34,1
64898,Female,46,1,28,0,1-2 Year,Yes,32905,26,178,1
38958,Male,31,1,28,0,1-2 Year,Yes,34344,122,262,0
46353,Female,26,1,47,1,< 1 Year,No,27870,151,157,0
74322,Female,29,1,41,0,< 1 Year,Yes,2630,121,166,1
88956,Female,42,1,28,0,1-2 Year,Yes,58755,26,68,1
29726,Female,25,1,2,1,< 1 Year,No,36563,152,172,0
32957,Male,54,1,46,1,1-2 Year,No,31506,26,150,0
26416,Male,42,1,7,0,1-2 Year,Yes,2630,26,283,0
84201,Female,39,1,30,0,1-2 Year,Yes,39413,157,241,1
46726,Female,32,1,28,0,1-2 Year,Yes,33011,122,275,1
30426,Male,38,1,28,0,1-2 Year,Yes,42527,124,208,0
73937,Male,46,1,28,0,1-2 Year,Yes,34554,24,247,1
82269,Male,55,1,15,0,> 2 Years,Yes,53979,25,194,1
74225,Female,67,1,28,0,1-2 Year,Yes,33035,154,188,1
53222,Male,24,1,37,0,< 1 Year,Yes,27665,152,52,1
35460,Male,53,1,50,0,1-2 Year,Yes,2630,26,193,0
48855,Female,42,1,46,0,1-2 Year,Yes,2630,124,16,1
45944,Male,33,1,46,1,1-2 Year,No,36636,124,214,0
7790,Female,49,1,29,0,1-2 Year,No,2630,156,265,0
25632,Male,27,1,46,0,< 1 Year,No,2630,1,153,0
31150,Female,52,1,28,0,1-2 Year,Yes,38715,26,102,0
12318,Male,29,1,29,1,< 1 Year,No,2630,152,107,0
53462,Male,46,1,50,0,> 2 Years,Yes,36698,124,70,1
74758,Male,41,1,18,0,1-2 Year,Yes,34396,26,207,1
56497,Male,54,1,33,0,> 2 Years,Yes,2630,26,104,1
7167,Male,23,1,40,0,< 1 Year,Yes,2630,152,88,0
47382,Male,57,1,47,0,1-2 Year,Yes,2630,124,61,1
25756,Male,24,1,47,0,< 1 Year,Yes,35233,152,139,0
4158,Male,30,1,35,0,1-2 Year,Yes,61844,124,251,0
34031,Male,28,1,34,0,< 1 Year,Yes,2630,152,178,0
4445,Male,55,1,7,0,1-2 Year,Yes,54116,154,264,0
23375,Male,42,1,41,1,1-2 Year,No,21177,26,274,0
6330,Female,45,1,28,0,1-2 Year,Yes,39675,31,99,0
80846,Female,67,1,28,0,1-2 Year,Yes,41498,124,107,1
37995,Female,67,1,3,1,1-2 Year,No,35417,26,258,0
12562,Male,39,1,41,0,1-2 Year,Yes,2630,157,272,0
41000,Male,23,1,27,0,< 1 Year,Yes,35540,152,51,0
51959,Male,53,1,12,0,1-2 Year,Yes,31923,26,157,1
57201,Female,45,1,46,0,> 2 Years,Yes,42172,26,45,1
80570,Female,48,1,28,0,> 2 Years,Yes,42204,124,260,1
31456,Female,26,1,6,1,< 1 Year,No,35755,152,107,0
2591,Male,47,1,28,0,1-2 Year,Yes,26970,26,210,0
78973,Male,25,1,28,0,< 1 Year,Yes,26577,124,59,1
54892,Female,22,1,28,0,< 1 Year,Yes,28794,152,66,1
47807,Female,64,1,28,0,1-2 Year,Yes,32578,26,146,1
70438,Male,42,1,28,0,1-2 Year,Yes,48775,26,192,1
50297,Female,57,1,28,0,1-2 Year,Yes,59235,26,162,1
22733,Male,25,1,18,1,< 1 Year,No,24116,152,26,0
11750,Female,61,1,28,1,1-2 Year,No,38039,124,293,0
26866,Male,41,1,17,1,1-2 Year,Yes,25260,157,12,0
68823,Male,70,1,5,0,1-2 Year,Yes,20953,26,215,1
9125,Female,43,1,28,0,> 2 Years,Yes,2630,122,243,0
75050,Male,41,1,3,0,1-2 Year,Yes,2630,124,268,1
78729,Female,37,1,35,0,1-2 Year,Yes,23478,124,91,1
1860,Female,22,1,30,1,< 1 Year,No,24461,152,47,0
13283,Female,26,1,3,0,< 1 Year,Yes,23706,152,228,0
64107,Female,33,1,28,0,1-2 Year,No,2630,157,224,1
74927,Male,38,1,29,0,1-2 Year,Yes,2630,124,162,1
50101,Female,44,1,28,0,1-2 Year,Yes,30798,124,144,1
61199,Male,34,1,30,0,1-2 Year,Yes,41487,26,228,1
29947,Male,51,1,17,0,1-2 Year,Yes,46930,124,241,0
26186,Male,20,1,50,1,< 1 Year,No,30543,160,39,0
19040,Male,25,1,15,1,< 1 Year,No,32913,152,169,0
3112,Male,22,1,50,1,< 1 Year,No,54236,152,63,0
36655,Female,36,1,10,0,1-2 Year,Yes,36555,156,152,0
35833,Male,33,1,28,0,1-2 Year,Yes,43589,26,91,0
3137,Male,50,1,8,0,1-2 Year,No,48460,26,218,0
10556,Male,24,1,35,1,< 1 Year,No,26918,152,99,0
77224,Male,47,1,29,0,1-2 Year,Yes,2630,157,293,1
9659,Male,22,1,52,1,< 1 Year,No,26037,152,39,0
36480,Female,49,1,41,0,1-2 Year,Yes,2630,156,239,0
35471,Female,57,1,28,0,1-2 Year,Yes,35143,124,109,0
78816,Male,38,1,7,0,> 2 Years,Yes,43142,26,258,1
57178,Male,53,1,28,0,1-2 Year,Yes,32802,26,79,1
42018,Female,26,1,28,1,< 1 Year,No,34016,152,18,0
46732,Male,30,1,28,0,< 1 Year,Yes,34301,124,170,1
46705,Male,32,1,28,1,< 1 Year,No,38187,124,153,0
19204,Male,21,1,8,0,< 1 Year,Yes,35506,160,10,0
26312,Female,21,1,6,0,< 1 Year,Yes,32161,152,20,0
53548,Male,30,1,46,0,< 1 Year,Yes,2630,124,105,1
72130,Female,39,1,11,0,1-2 Year,Yes,2630,157,85,1
74507,Female,46,1,28,0,1-2 Year,Yes,46009,26,59,1
31029,Female,36,1,19,1,1-2 Year,No,37299,124,85,0
34086,Male,22,1,30,1,< 1 Year,Yes,38252,152,295,0
34671,Female,22,1,45,1,< 1 Year,No,2630,152,34,0
28067,Female,22,1,43,1,< 1 Year,No,30438,152,72,0
62989,Female,31,1,28,0,1-2 Year,Yes,2630,156,39,1
91132,Female,35,1,39,0,1-2 Year,Yes,2630,124,131,1
58714,Female,23,1,35,0,< 1 Year,Yes,31019,152,57,1
17409,Female,22,1,27,1,< 1 Year,No,26007,160,166,0
73471,Female,44,1,11,0,1-2 Year,No,2630,156,80,1
40216,Male,36,1,3,0,1-2 Year,Yes,18788,31,141,0
75605,Male,34,1,39,0,1-2 Year,Yes,22843,124,151,1
60569,Male,45,1,28,0,1-2 Year,Yes,40978,26,67,1
40743,Female,55,1,41,1,1-2 Year,No,2630,26,234,0
48042,Female,37,1,3,0,1-2 Year,Yes,26060,154,97,1
23083,Female,28,1,15,1,< 1 Year,No,29801,152,54,0
88900,Male,55,1,29,0,> 2 Years,Yes,48056,26,105,1
29934,Male,24,1,28,0,< 1 Year,No,30522,152,141,0
39460,Male,40,1,28,0,1-2 Year,Yes,45877,124,53,0
58083,Male,36,1,28,0,1-2 Year,Yes,34782,124,75,1
13493,Female,28,1,46,0,< 1 Year,Yes,21505,152,143,0
30447,Male,38,1,30,0,1-2 Year,Yes,26208,152,192,0
30920,Male,23,1,36,1,< 1 Year,No,34749,160,114,0
40775,Male,27,1,41,1,< 1 Year,No,20215,152,30,0
80985,Male,53,1,45,0,1-2 Year,Yes,22357,125,200,1
21142,Male,24,1,8,0,< 1 Year,No,25091,160,61,0
25507,Male,24,1,41,1,< 1 Year,No,30602,152,74,0
44910,Male,43,1,39,0,1-2 Year,Yes,35685,124,106,0
59410,Female,53,1,28,0,1-2 Year,Yes,41074,124,144,1
89474,Male,26,1,46,0,< 1 Year,Yes,2630,156,213,1
53186,Male,39,1,47,0,1-2 Year,Yes,24110,26,78,1
36986,Female,24,1,46,1,< 1 Year,No,33886,152,111,0
63069,Female,21,1,32,0,< 1 Year,Yes,34032,152,189,1
20543,Male,56,1,39,0,1-2 Year,Yes,35199,124,273,0
81627,Male,30,1,28,0,1-2 Year,Yes,20875,26,215,1
69952,Male,56,1,47,0,1-2 Year,Yes,2630,157,124,1
21036,Female,27,1,14,1,< 1 Year,No,40602,152,196,0
32799,Male,34,1,28,1,1-2 Year,No,24413,152,215,0
34610,Female,57,1,28,0,1-2 Year,Yes,47209,125,224,0
73732,Male,46,1,27,0,1-2 Year,Yes,27953,26,211,1
16635,Female,21,1,15,1,< 1 Year,No,27370,160,87,0
44914,Female,77,1,28,0,1-2 Year,Yes,49429,124,119,0
1222,Male,25,1,41,0,< 1 Year,Yes,27375,160,186,0
14158,Male,29,1,12,1,1-2 Year,No,2630,11,206,0
20468,Female,41,1,28,1,1-2 Year,No,25859,26,19,0
71674,Female,35,1,30,0,1-2 Year,Yes,30120,154,56,1
41664,Female,27,1,50,1,< 1 Year,No,23051,152,185,0
42690,Male,24,1,46,1,< 1 Year,No,27590,160,294,0
12151,Male,23,1,15,0,< 1 Year,Yes,36626,152,27,0
19851,Female,41,1,50,1,1-2 Year,Yes,2630,8,140,0
59484,Male,71,1,28,0,> 2 Years,Yes,40970,26,172,1
60683,Female,24,1,28,0,< 1 Year,Yes,30855,152,96,1
30441,Female,44,1,28,0,1-2 Year,Yes,2630,26,94,0
2364,Male,44,1,28,1,1-2 Year,No,51646,52,170,0
22876,Male,46,1,28,1,1-2 Year,No,25676,26,157,0
4465,Female,21,1,46,1,< 1 Year,No,26669,152,262,0
37605,Male,57,1,37,1,1-2 Year,No,31519,60,43,0
19730,Female,31,1,48,1,< 1 Year,Yes,2630,152,169,0
33387,Male,52,1,32,1,1-2 Year,No,30766,26,249,0
8868,Female,25,1,11,1,< 1 Year,No,34569,152,85,0
39724,Male,23,1,36,0,< 1 Year,No,33328,152,53,0
44613,Male,37,1,28,0,1-2 Year,Yes,38125,150,225,0
73368,Female,38,1,45,0,1-2 Year,Yes,52058,108,234,1
7807,Female,72,1,28,0,1-2 Year,Yes,28921,13,176,0
26267,Male,30,1,41,0,1-2 Year,No,31712,155,208,0
39485,Male,20,1,15,0,< 1 Year,No,33242,160,252,0
78261,Male,48,1,28,0,1-2 Year,Yes,34813,26,249,1
21868,Female,53,1,22,1,1-2 Year,No,32356,8,264,0
81344,Female,30,1,18,0,1-2 Year,Yes,21941,155,217,1
54588,Female,61,1,38,0,1-2 Year,Yes,30415,26,191,1
47101,Male,24,1,13,0,< 1 Year,Yes,26945,152,94,1
56479,Male,42,1,15,0,> 2 Years,Yes,38737,124,24,1
25966,Male,41,1,28,0,1-2 Year,Yes,43940,125,245,0
23833,Male,20,1,46,1,< 1 Year,No,24092,160,242,0
65639,Male,39,1,0,0,1-2 Year,Yes,2630,124,104,1
63455,Female,25,1,28,0,< 1 Year,Yes,30889,152,56,1
84451,Female,39,1,46,0,< 1 Year,Yes,37408,124,122,1
31077,Female,51,1,28,0,1-2 Year,Yes,43735,124,250,0
13151,Male,26,1,49,1,< 1 Year,No,2630,26,149,0
15132,Female,39,1,28,0,1-2 Year,Yes,42786,26,216,0
71970,Female,49,1,35,0,1-2 Year,Yes,34382,124,293,1
91533,Male,58,1,18,0,1-2 Year,Yes,2630,124,13,1
65439,Male,49,1,28,0,> 2 Years,Yes,37528,124,214,1
37918,Male,57,1,28,1,1-2 Year,No,39040,26,256,0
66392,Female,69,1,28,0,1-2 Year,Yes,50549,26,183,1
62309,Male,23,1,21,0,< 1 Year,Yes,34158,152,182,1
25872,Female,23,1,46,1,< 1 Year,No,50499,152,290,0
14918,Female,32,1,0,0,1-2 Year,Yes,2630,122,190,0
50268,Female,34,1,50,0,1-2 Year,Yes,2630,156,190,1
70364,Male,51,1,28,0,1-2 Year,Yes,45319,26,123,1
12343,Male,53,1,28,1,1-2 Year,No,58132,124,89,0
89720,Male,20,1,8,0,1-2 Year,Yes,2630,156,85,1
14295,Male,24,1,30,0,< 1 Year,Yes,30230,152,77,0
41180,Female,29,1,28,1,< 1 Year,No,34373,152,140,0
55630,Male,52,1,8,0,1-2 Year,Yes,31117,26,73,1
72680,Male,32,1,8,0,< 1 Year,Yes,34090,152,70,1
71309,Female,22,1,28,0,< 1 Year,Yes,34498,160,34,1
26537,Female,76,1,28,1,1-2 Year,No,38843,26,162,0
29181,Female,66,1,41,0,1-2 Year,Yes,57935,26,261,0
53980,Female,47,1,46,0,1-2 Year,Yes,37288,163,50,1
27911,Female,23,1,15,0,< 1 Year,Yes,33092,151,47,0
977,Male,53,1,28,0,1-2 Year,Yes,2630,26,164,0
49789,Female,34,1,11,0,1-2 Year,Yes,27791,124,105,1
25612,Male,48,1,45,0,1-2 Year,Yes,29508,35,257,0
65734,Male,22,1,28,0,< 1 Year,Yes,51296,124,230,1
81661,Male,32,1,33,0,< 1 Year,Yes,25506,26,182,1
