,Gender,Age,Driving_License,Region_Code,Previously_Insured,Vehicle_Age,Vehicle_Damage,Annual_Premium,Policy_Sales_Channel,Vintage,Response
7542,Male,24,1,45,1,< 1 Year,No,29654,152,115,0
7716,Female,33,1,32,1,< 1 Year,No,33054,152,36,0
89071,Male,53,1,28,0,> 2 Years,Yes,69040,122,245,1
71895,Female,40,1,28,0,1-2 Year,Yes,2630,26,164,1
1979,Male,25,1,29,1,< 1 Year,No,22147,152,43,0
74547,Male,64,1,28,0,1-2 Year,Yes,50563,124,72,1
210,Female,24,1,12,1,< 1 Year,No,19992,152,207,0
44953,Female,24,1,37,1,< 1 Year,No,2630,152,13,0
29918,Female,43,1,43,0,1-2 Year,Yes,31564,124,36,0
58091,Male,76,1,28,0,> 2 Years,Yes,47442,26,154,1
6406,Female,57,1,28,0,1-2 Year,Yes,31915,26,148,0
4152,Male,71,1,28,0,1-2 Year,Yes,58451,26,215,0
61420,Male,29,1,33,0,< 1 Year,Yes,30974,124,265,1
42048,Female,22,1,46,1,< 1 Year,No,27088,152,11,0
51306,Male,43,1,38,0,1-2 Year,Yes,2630,124,256,1
48799,Male,55,1,8,0,1-2 Year,Yes,47674,26,162,1
59502,Female,44,1,15,0,1-2 Year,Yes,48657,163,66,1
14216,Female,67,1,28,1,1-2 Year,No,2630,156,125,0
56648,Female,45,1,28,0,1-2 Year,Yes,52453,124,232,1
8139,Female,38,1,28,1,1-2 Year,No,36331,26,46,0
45554,Male,50,1,46,0,1-2 Year,Yes,62534,26,225,0
33240,Female,21,1,41,1,< 1 Year,No,2630,152,77,0
27084,Male,71,1,39,1,1-2 Year,No,2630,13,250,0
4697,Female,54,1,28,0,> 2 Years,Yes,39531,26,247,0
63724,Female,50,1,28,0,1-2 Year,Yes,34986,37,231,1
69184,Female,22,1,37,0,< 1 Year,Yes,34388,152,259,1
20051,Female,27,1,28,1,< 1 Year,No,57744,152,173,0
63475,Female,30,1,28,0,< 1 Year,Yes,43563,122,98,1
41605,Male,23,1,4,0,1-2 Year,Yes,29978,156,82,0
67230,Female,47,1,28,0,1-2 Year,Yes,37293,124,205,1
69592,Male,34,1,8,0,1-2 Year,Yes,2630,163,210,1
93290,Male,44,1,28,0,1-2 Year,Yes,127772,26,279,1
16172,Female,41,1,15,0,1-2 Year,Yes,39539,55,211,0
12780,Male,53,1,28,0,1-2 Year,Yes,38650,163,205,0
38957,Female,41,1,28,0,1-2 Year,Yes,35805,122,141,0
90862,Male,47,1,28,0,1-2 Year,Yes,47209,124,79,1
87891,Female,35,1,4,0,1-2 Year,Yes,2630,154,164,1
17651,Male,58,1,50,0,1-2 Year,Yes,42630,26,145,0
2959,Female,45,1,28,1,1-2 Year,No,24437,124,121,0
62372,Male,40,1,28,0,1-2 Year,Yes,49442,26,159,1
26867,Male,41,1,17,1,1-2 Year,Yes,25260,157,12,0
13918,Male,63,1,46,0,1-2 Year,Yes,34378,26,234,0
10329,Male,22,1,5,1,< 1 Year,No,27910,152,186,0
50497,Male,54,1,28,0,1-2 Year,Yes,38172,124,189,1
39238,Male,48,1,8,1,1-2 Year,No,25973,78,81,0
51065,Male,30,1,28,0,< 1 Year,Yes,39588,124,215,1
65723,Male,46,1,8,0,1-2 Year,Yes,26667,124,187,1
34504,Male,23,1,11,1,< 1 Year,No,38697,152,252,0
13418,Female,42,1,38,0,> 2 Years,Yes,35213,26,299,0
78756,Female,34,1,28,0,1-2 Year,Yes,2630,124,163,1
56503,Male,53,1,28,0,1-2 Year,Yes,42144,26,71,1
26077,Female,20,1,15,1,< 1 Year,No,64968,160,213,0
34227,Male,49,1,8,1,1-2 Year,No,62762,124,126,0
13862,Female,36,1,29,0,1-2 Year,Yes,30900,26,164,0
76010,Male,24,1,28,0,< 1 Year,Yes,2630,124,217,1
32346,Female,23,1,47,0,< 1 Year,Yes,27186,152,45,0
42269,Female,24,1,8,1,< 1 Year,No,49837,152,101,0
47003,Male,56,1,48,0,1-2 Year,Yes,2630,124,90,1
25763,Male,46,1,33,1,1-2 Year,No,30698,122,180,0
75018,Male,29,1,5,0,< 1 Year,Yes,2630,156,278,1
44524,Male,69,1,28,1,1-2 Year,No,29754,124,58,0
57344,Male,32,1,37,0,< 1 Year,Yes,2630,26,240,1
31810,Female,73,1,28,0,1-2 Year,Yes,41802,26,188,0
30139,Male,23,1,27,0,< 1 Year,Yes,28325,151,102,0
13595,Male,35,1,28,0,> 2 Years,Yes,32763,26,285,0
21185,Female,51,1,3,0,> 2 Years,Yes,2630,157,296,0
37612,Male,64,1,28,0,> 2 Years,Yes,48059,124,124,0
80238,Male,44,1,6,0,1-2 Year,Yes,33233,26,106,1
18417,Female,29,1,30,1,< 1 Year,No,25976,152,114,0
71275,Female,46,1,8,0,1-2 Year,Yes,48137,124,124,1
46922,Male,70,1,28,0,> 2 Years,Yes,32477,124,148,1
27475,Female,73,1,28,0,1-2 Year,Yes,38489,37,250,0
68217,Male,39,1,46,0,1-2 Year,Yes,26146,157,137,1
84702,Female,31,1,28,0,1-2 Year,Yes,34038,124,180,1
65683,Male,30,1,28,0,1-2 Year,Yes,19799,31,258,1
2249,Male,36,1,15,0,1-2 Year,Yes,30174,152,45,0
37250,Female,58,1,28,0,1-2 Year,No,35208,122,75,0
38323,Male,70,1,28,1,1-2 Year,No,49995,122,83,0
90183,Female,41,1,28,0,1-2 Year,Yes,43052,124,22,1
41531,Male,37,1,35,0,1-2 Year,No,23345,152,217,0
64529,Male,25,1,30,0,< 1 Year,Yes,20387,163,149,1
67820,Female,50,1,7,0,1-2 Year,Yes,29356,156,99,1
54569,Female,54,1,28,0,1-2 Year,Yes,34856,124,204,1
5511,Male,53,1,3,1,1-2 Year,No,30037,26,258,0
89102,Male,34,1,50,0,1-2 Year,Yes,45580,124,212,1
7396,Female,57,1,33,0,1-2 Year,Yes,31988,124,10,0
41180,Male,29,1,46,1,1-2 Year,Yes,28111,124,269,0
74583,Female,52,1,28,0,1-2 Year,Yes,47225,26,112,1
5467,Female,22,1,8,0,< 1 Year,Yes,72561,152,113,0
87061,Female,40,1,28,0,> 2 Years,Yes,61252,124,240,1
66638,Female,30,1,46,0,1-2 Year,Yes,2630,156,223,1
85521,Female,21,1,46,0,1-2 Year,Yes,27878,124,253,1
54054,Male,38,1,47,0,1-2 Year,Yes,29832,124,57,1
26148,Female,22,1,46,0,< 1 Year,Yes,2630,151,30,0
31587,Male,36,1,28,0,1-2 Year,Yes,2630,124,150,0
37311,Male,25,1,14,1,< 1 Year,No,50818,152,251,0
50933,Male,22,1,46,0,< 1 Year,Yes,26205,152,197,1
20655,Male,62,1,28,0,1-2 Year,Yes,29036,26,203,0
61433,Female,45,1,28,0,1-2 Year,Yes,50447,26,67,1
35081,Male,63,1,8,0,> 2 Years,Yes,48301,26,147,0
81815,Female,40,1,28,0,1-2 Year,Yes,35658,26,69,1
57781,Male,48,1,28,0,1-2 Year,Yes,47131,26,197,1
49259,Male,45,1,9,0,1-2 Year,Yes,2630,156,192,1
70750,Female,40,1,47,0,1-2 Year,Yes,31784,163,265,1
11701,Male,26,1,46,0,1-2 Year,Yes,2630,26,258,0
1517,Female,25,1,8,1,< 1 Year,No,39675,152,101,0
33151,Female,58,1,28,1,1-2 Year,No,77169,52,83,0
69539,Female,33,1,14,0,1-2 Year,Yes,36210,157,240,1
65000,Male,48,1,28,0,1-2 Year,Yes,28156,26,90,1
87067,Female,45,1,28,0,1-2 Year,Yes,43579,26,206,1
55018,Female,23,1,15,0,< 1 Year,Yes,27932,151,285,1
60531,Male,44,1,46,0,1-2 Year,Yes,36565,124,149,1
31090,Female,26,1,37,0,< 1 Year,No,36273,152,212,0
50118,Female,64,1,8,0,1-2 Year,Yes,34335,26,69,1
76901,Female,23,1,27,0,< 1 Year,Yes,38504,152,35,1
92720,Female,38,1,46,0,1-2 Year,Yes,25239,154,106,1
76164,Female,39,1,20,0,1-2 Year,Yes,2630,124,252,1
91347,Male,27,1,37,0,< 1 Year,Yes,29822,152,130,1
20510,Female,28,1,21,1,< 1 Year,No,20653,152,245,0
76554,Male,48,1,8,0,1-2 Year,Yes,41911,26,143,1
19248,Female,23,1,41,1,< 1 Year,No,48267,152,54,0
7034,Male,28,1,30,1,< 1 Year,No,24040,152,288,0
33752,Female,31,1,6,1,< 1 Year,No,23733,152,155,0
61891,Male,29,1,3,0,< 1 Year,Yes,2630,154,42,1
25229,Male,38,1,41,1,1-2 Year,No,35591,124,18,0
1165,Female,40,1,28,1,1-2 Year,No,33082,124,272,0
3318,Male,27,1,30,1,< 1 Year,No,32568,152,135,0
13899,Female,26,1,37,1,< 1 Year,Yes,27856,152,156,0
56869,Female,74,1,28,0,> 2 Years,Yes,43049,26,285,1
58620,Male,39,1,46,0,1-2 Year,No,2630,156,254,1
83285,Male,29,1,8,0,1-2 Year,Yes,2630,157,224,1
41175,Female,27,1,8,1,< 1 Year,No,44481,152,216,0
82672,Male,52,1,8,0,1-2 Year,Yes,40709,124,182,1
8234,Female,22,1,47,1,< 1 Year,No,29960,152,283,0
93234,Male,29,1,45,0,1-2 Year,Yes,27581,156,81,1
37399,Male,47,1,28,0,1-2 Year,Yes,42201,122,135,0
92661,Male,38,1,10,0,> 2 Years,Yes,30085,152,39,1
92012,Male,40,1,46,0,1-2 Year,Yes,24979,124,260,1
67582,Male,54,1,39,0,1-2 Year,Yes,42713,124,226,1
78694,Male,41,1,11,0,1-2 Year,No,23019,124,101,1
28696,Female,22,1,46,0,< 1 Year,Yes,26118,152,46,0
38370,Male,49,1,28,1,1-2 Year,Yes,34489,26,289,0
40709,Male,20,1,25,0,< 1 Year,Yes,24830,160,86,0
48375,Female,37,1,28,0,1-2 Year,Yes,39698,157,268,1
59605,Female,40,1,28,0,1-2 Year,Yes,37810,122,67,1
39633,Male,59,1,3,1,1-2 Year,No,41966,124,98,0
33845,Male,31,1,15,1,< 1 Year,No,37937,152,30,0
53209,Male,43,1,29,0,1-2 Year,Yes,40177,26,94,1
7344,Male,59,1,11,0,1-2 Year,Yes,30483,124,283,0
38140,Female,27,1,7,1,< 1 Year,No,2630,152,119,0
72395,Female,25,1,32,0,< 1 Year,Yes,27514,151,39,1
35817,Female,27,1,41,1,< 1 Year,Yes,26168,153,187,0
58837,Male,36,1,28,0,1-2 Year,Yes,38378,124,150,1
330,Female,38,1,3,0,1-2 Year,Yes,34092,124,138,0
63387,Male,51,1,18,0,1-2 Year,Yes,27955,26,85,1
73684,Male,42,1,8,0,1-2 Year,Yes,27041,26,49,1
86904,Male,57,1,33,0,1-2 Year,Yes,31213,124,184,1
37386,Male,57,1,8,1,1-2 Year,No,36981,124,286,0
30127,Female,41,1,47,0,1-2 Year,Yes,30290,124,92,0
11143,Male,28,1,41,1,< 1 Year,No,29137,152,21,0
2434,Male,53,1,28,1,1-2 Year,No,38452,23,161,0
636,Male,24,1,29,1,< 1 Year,No,29642,151,94,0
64038,Female,44,1,28,0,1-2 Year,Yes,45056,26,116,1
8422,Male,21,1,46,1,< 1 Year,No,30519,160,77,0
24465,Female,25,1,30,1,< 1 Year,No,27733,152,177,0
24977,Male,42,1,28,1,1-2 Year,No,38782,26,232,0
85781,Female,55,1,7,0,1-2 Year,Yes,2630,124,229,1
77844,Male,36,1,3,0,1-2 Year,Yes,2630,155,237,1
9000,Female,29,1,28,0,< 1 Year,Yes,34868,152,84,0
80211,Female,20,1,37,0,< 1 Year,Yes,33083,160,87,1
21008,Female,23,1,29,0,< 1 Year,Yes,26772,152,93,0
29864,Female,24,1,25,1,< 1 Year,No,27709,152,180,0
47933,Male,38,1,28,0,1-2 Year,Yes,42331,124,238,1
70432,Female,40,1,28,0,1-2 Year,Yes,27789,124,75,1
1152,Male,22,1,14,0,< 1 Year,No,23955,152,161,0
21453,Female,25,1,47,1,< 1 Year,No,29689,152,227,0
65493,Male,26,1,41,0,< 1 Year,Yes,51709,124,161,1
33919,Male,25,1,29,1,< 1 Year,No,2630,152,107,0
43651,Female,24,1,15,1,< 1 Year,No,43527,152,44,0
86101,Female,24,1,29,0,1-2 Year,Yes,32236,26,114,1
89260,Male,38,1,50,0,1-2 Year,Yes,36966,8,52,1
47717,Male,29,1,28,0,1-2 Year,Yes,30562,61,286,1
4057,Female,80,1,28,1,1-2 Year,No,39138,124,219,0
3457,Female,54,1,28,1,1-2 Year,No,21662,122,41,0
32474,Female,30,1,37,0,< 1 Year,No,2630,160,39,0
44723,Female,23,1,33,1,< 1 Year,No,44076,152,110,0
87255,Female,54,1,29,0,1-2 Year,Yes,22332,124,38,1
88810,Female,44,1,28,0,1-2 Year,Yes,37863,26,210,1
86897,Female,54,1,28,0,1-2 Year,Yes,23135,124,139,1
77637,Male,41,1,8,0,1-2 Year,Yes,2630,26,250,1
40575,Male,46,1,8,0,1-2 Year,No,40646,124,219,0
64574,Male,48,1,18,0,1-2 Year,Yes,27637,26,216,1
3349,Male,27,1,47,1,< 1 Year,No,26997,152,277,0
67232,Male,52,1,28,0,1-2 Year,Yes,36555,26,122,1
82653,Female,44,1,29,0,1-2 Year,Yes,25416,12,15,1
55745,Female,60,1,46,0,1-2 Year,Yes,26740,4,198,1
39084,Male,23,1,35,0,< 1 Year,Yes,32019,152,83,0
39481,Male,41,1,28,0,1-2 Year,Yes,53854,55,166,0
20947,Male,26,1,3,1,< 1 Year,No,2630,152,179,0
88433,Female,30,1,27,0,< 1 Year,Yes,2630,152,161,1
78288,Female,50,1,48,0,1-2 Year,Yes,2630,26,195,1
57349,Male,41,1,28,0,1-2 Year,Yes,36316,25,108,1
9897,Female,22,1,15,1,< 1 Year,No,26350,152,216,0
86523,Male,43,1,29,0,1-2 Year,Yes,2630,26,100,1
25628,Male,50,1,9,0,1-2 Year,Yes,27561,124,37,0
50709,Male,40,1,28,0,1-2 Year,Yes,35972,124,117,1
92019,Male,32,1,39,0,< 1 Year,Yes,35715,124,177,1
35529,Female,21,1,28,1,< 1 Year,No,63799,160,203,0
86198,Female,63,1,28,0,1-2 Year,Yes,53396,122,270,1
27017,Male,34,1,3,0,1-2 Year,Yes,2630,156,88,0
74661,Male,41,1,28,0,1-2 Year,Yes,36660,124,28,1
47252,Male,34,1,6,0,1-2 Year,Yes,27671,155,34,1
30698,Male,29,1,6,1,1-2 Year,No,2630,157,83,0
70991,Female,68,1,28,0,1-2 Year,Yes,30979,124,273,1
38881,Male,49,1,37,1,1-2 Year,Yes,27901,124,207,0
14937,Male,53,1,28,0,1-2 Year,Yes,30431,26,57,0
2909,Male,44,1,28,1,1-2 Year,No,38748,23,141,0
4613,Male,47,1,35,0,1-2 Year,Yes,26001,124,297,0
88506,Male,32,1,28,0,1-2 Year,Yes,31256,124,114,1
12195,Male,49,1,28,0,1-2 Year,Yes,44725,26,117,0
92664,Male,36,1,5,0,1-2 Year,Yes,31915,26,192,1
19589,Female,67,1,8,1,1-2 Year,No,54053,124,148,0
82077,Male,21,1,3,0,1-2 Year,Yes,28967,124,146,1
65267,Male,43,1,8,0,1-2 Year,No,52654,124,139,1
3969,Male,46,1,29,0,1-2 Year,No,41777,26,237,0
70944,Female,24,1,6,0,< 1 Year,Yes,35027,152,190,1
14768,Male,57,1,47,0,> 2 Years,Yes,39998,26,73,0
6285,Female,21,1,2,0,< 1 Year,Yes,26291,152,218,0
70666,Male,45,1,37,0,1-2 Year,Yes,25468,152,32,1
71231,Female,36,1,3,0,1-2 Year,Yes,2630,124,113,1
83443,Male,47,1,45,0,1-2 Year,Yes,32389,26,121,1
67503,Male,62,1,28,0,> 2 Years,Yes,48068,26,18,1
9673,Male,23,1,18,0,< 1 Year,Yes,2630,152,166,0
60616,Male,69,1,14,0,1-2 Year,Yes,2630,26,193,1
42785,Male,25,1,6,1,< 1 Year,No,31439,152,292,0
72720,Male,40,1,29,0,1-2 Year,Yes,38720,124,167,1
26687,Female,23,1,2,1,< 1 Year,No,45298,152,243,0
30864,Male,25,1,8,1,< 1 Year,No,46057,152,274,0
61368,Female,46,1,28,0,1-2 Year,Yes,43552,26,151,1
45906,Female,41,1,29,0,1-2 Year,No,2630,157,94,0
89512,Male,34,1,28,0,1-2 Year,Yes,44834,26,146,1
19595,Female,45,1,28,0,1-2 Year,Yes,42686,124,264,0
32761,Female,26,1,50,1,< 1 Year,No,36066,152,79,0
18423,Female,26,1,22,1,< 1 Year,No,21005,152,68,0
13785,Male,23,1,8,1,< 1 Year,No,2630,152,136,0
33653,Female,22,1,50,0,< 1 Year,No,41659,152,85,0
79753,Male,38,1,36,0,1-2 Year,Yes,27474,124,289,1
28630,Male,44,1,38,0,1-2 Year,Yes,48229,26,189,0
66400,Male,29,1,28,0,< 1 Year,Yes,36548,124,107,1
19044,Male,22,1,14,0,< 1 Year,Yes,2630,152,235,0
88092,Male,21,1,11,0,< 1 Year,Yes,27841,152,264,1
81905,Female,34,1,28,0,1-2 Year,Yes,31394,18,288,1
78953,Female,69,1,28,0,> 2 Years,Yes,56584,124,82,1
6567,Male,69,1,28,0,> 2 Years,Yes,43598,124,131,0
4792,Female,25,1,34,1,< 1 Year,No,16788,152,194,0
42514,Male,56,1,50,1,1-2 Year,No,26772,26,181,0
83044,Male,31,1,36,0,1-2 Year,Yes,33308,124,249,1
76958,Male,41,1,28,0,1-2 Year,Yes,51255,26,108,1
13620,Female,29,1,41,1,< 1 Year,No,35711,152,72,0
49692,Male,53,1,23,0,1-2 Year,Yes,2630,26,187,1
65314,Female,35,1,28,0,1-2 Year,Yes,2630,156,249,1
73877,Female,49,1,8,0,> 2 Years,Yes,50048,124,177,1
13070,Male,56,1,48,1,1-2 Year,No,2630,26,251,0
1075,Male,34,1,28,0,< 1 Year,Yes,2630,160,149,0
68843,Male,44,1,22,1,> 2 Years,Yes,28616,26,200,1
45530,Female,28,1,10,0,< 1 Year,Yes,2630,152,164,0
38955,Female,22,1,46,1,< 1 Year,No,21914,160,253,0
1092,Male,40,1,8,0,1-2 Year,Yes,28406,124,225,0
6949,Female,38,1,28,1,1-2 Year,No,22779,122,195,0
68245,Female,46,1,1,0,1-2 Year,Yes,2630,157,17,1
83794,Female,26,1,35,0,< 1 Year,Yes,36790,152,58,1
60286,Male,37,1,41,0,1-2 Year,Yes,25722,154,152,1
82236,Female,40,1,28,0,1-2 Year,Yes,34032,156,214,1
43816,Male,23,1,8,0,< 1 Year,Yes,28244,152,127,0
28598,Male,22,1,47,1,< 1 Year,No,38681,152,194,0
56830,Female,68,1,3,0,1-2 Year,Yes,34656,26,128,1
1766,Male,78,1,28,0,1-2 Year,Yes,63116,26,24,0
4031,Male,35,1,35,0,1-2 Year,Yes,2630,124,51,0
81160,Male,61,1,48,0,1-2 Year,Yes,2630,122,156,1
34034,Male,63,1,17,0,1-2 Year,Yes,2630,25,229,0
55066,Male,68,1,28,0,> 2 Years,Yes,35414,124,52,1
42413,Male,26,1,41,1,< 1 Year,No,31680,152,161,0
64522,Male,47,1,15,0,1-2 Year,Yes,20378,124,242,1
19213,Male,43,1,39,0,1-2 Year,Yes,40722,124,245,0
51506,Female,40,1,28,0,1-2 Year,Yes,51304,124,137,1
21249,Female,41,1,28,0,1-2 Year,Yes,44044,26,88,0
62269,Female,33,1,28,0,1-2 Year,Yes,70304,124,158,1
24398,Male,49,1,29,0,1-2 Year,Yes,2630,156,88,0
1728,Male,26,1,45,0,< 1 Year,No,23630,152,160,0
70898,Female,55,1,28,0,1-2 Year,Yes,25284,26,161,1
39659,Male,23,1,46,0,< 1 Year,No,2630,152,86,0
29413,Female,51,1,39,0,1-2 Year,Yes,2630,157,224,0
65616,Male,49,1,29,0,> 2 Years,Yes,54666,124,288,1
71272,Female,32,1,35,0,< 1 Year,Yes,21320,152,142,1
29857,Male,65,1,28,0,> 2 Years,Yes,26699,122,122,0
12684,Male,57,1,20,1,1-2 Year,No,2630,133,102,0
81128,Female,44,1,28,0,> 2 Years,Yes,35407,26,83,1
439,Female,72,1,28,1,1-2 Year,No,35053,122,11,0
16581,Female,39,1,36,0,1-2 Year,Yes,33080,152,149,0
6161,Male,23,1,29,1,< 1 Year,No,28578,152,46,0
28915,Female,47,1,37,0,1-2 Year,Yes,26059,124,266,0
49467,Male,35,1,2,0,1-2 Year,Yes,28084,124,72,1
38071,Male,43,1,28,0,1-2 Year,Yes,32418,156,113,0
10813,Male,30,1,30,1,< 1 Year,No,23660,152,66,0
16584,Male,47,1,28,0,1-2 Year,Yes,26529,125,18,0
66121,Male,30,1,11,0,1-2 Year,Yes,2630,157,258,1
26871,Female,27,1,8,1,< 1 Year,Yes,34405,152,60,0
83247,Male,40,1,48,0,1-2 Year,Yes,2630,26,233,1
48260,Female,45,1,28,0,1-2 Year,Yes,50800,26,177,1
27575,Female,44,1,1,0,1-2 Year,No,2630,124,207,0
23275,Male,76,1,9,0,1-2 Year,No,47067,30,170,0
39696,Male,44,1,28,1,1-2 Year,No,24233,26,89,0
76531,Female,76,1,35,0,1-2 Year,Yes,2630,26,17,1
41968,Female,26,1,10,1,< 1 Year,No,24424,152,117,0
78189,Female,53,1,28,0,1-2 Year,Yes,73105,55,141,1
31469,Female,37,1,45,0,1-2 Year,Yes,23820,152,267,0
80912,Female,56,1,41,0,1-2 Year,Yes,39355,157,113,1
17718,Male,33,1,41,0,1-2 Year,Yes,2630,154,114,0
89731,Male,24,1,10,0,< 1 Year,Yes,34808,152,248,1
3316,Female,25,1,19,1,< 1 Year,No,39739,152,251,0
24391,Female,70,1,43,0,1-2 Year,Yes,37808,26,285,0
91434,Female,52,1,28,0,1-2 Year,Yes,38497,26,47,1
14509,Male,43,1,28,0,1-2 Year,Yes,52966,26,151,0
43246,Male,26,1,5,1,< 1 Year,No,27269,152,216,0
10606,Female,55,1,14,1,1-2 Year,No,28960,120,169,0
74306,Male,40,1,41,0,1-2 Year,Yes,57259,12,229,1
23097,Male,35,1,18,1,1-2 Year,No,2630,152,135,0
44420,Male,24,1,46,1,< 1 Year,No,33646,152,41,0
27942,Female,24,1,2,0,< 1 Year,No,2630,152,167,0
78326,Female,31,1,28,0,1-2 Year,Yes,46737,26,112,1
85174,Female,39,1,28,0,1-2 Year,Yes,33338,124,178,1
15540,Female,24,1,46,1,< 1 Year,No,29257,152,237,0
21597,Female,28,1,29,1,< 1 Year,No,2630,152,204,0
38799,Male,52,1,28,1,1-2 Year,No,51845,55,274,0
42882,Male,38,1,23,0,1-2 Year,Yes,27284,124,159,0
9877,Male,37,1,30,0,1-2 Year,Yes,28553,124,27,0
37864,Male,58,1,24,1,1-2 Year,No,31199,26,158,0
64629,Male,29,1,28,0,< 1 Year,Yes,44961,160,246,1
66491,Male,26,1,28,0,< 1 Year,Yes,43840,156,126,1
12833,Female,23,1,50,1,< 1 Year,No,32028,152,164,0
68468,Male,29,1,41,0,< 1 Year,Yes,17928,163,26,1
63551,Male,51,1,3,0,1-2 Year,Yes,26575,154,217,1
19527,Male,21,1,21,1,< 1 Year,No,25900,152,152,0
65585,Female,61,1,47,0,1-2 Year,Yes,32956,124,286,1
85087,Male,51,1,31,0,> 2 Years,Yes,2630,9,191,1
73072,Female,40,1,46,0,1-2 Year,Yes,42513,154,65,1
42409,Female,21,1,27,0,< 1 Year,Yes,29074,152,53,0
23907,Female,66,1,28,1,1-2 Year,No,28701,59,45,0
65677,Female,55,1,18,0,1-2 Year,Yes,28180,26,18,1
57122,Male,74,1,41,0,1-2 Year,Yes,34649,3,13,1
27151,Female,54,1,28,0,1-2 Year,Yes,2630,156,109,0
38443,Female,22,1,27,0,< 1 Year,Yes,22446,26,112,0
75217,Male,52,1,41,0,1-2 Year,Yes,2630,26,225,1
2297,Female,46,1,8,0,1-2 Year,Yes,23948,124,285,0
2765,Female,49,1,28,0,> 2 Years,Yes,34462,26,290,0
66763,Female,47,1,2,0,1-2 Year,Yes,31416,26,266,1
61105,Male,40,1,25,0,1-2 Year,Yes,31420,26,131,1
85180,Female,24,1,11,0,< 1 Year,Yes,28909,152,66,1
72944,Male,21,1,41,0,< 1 Year,Yes,54108,156,219,1
53852,Male,42,1,41,0,1-2 Year,Yes,33761,124,89,1
69318,Male,56,1,43,0,1-2 Year,Yes,43679,26,41,1
90285,Female,40,1,8,0,1-2 Year,Yes,35469,154,251,1
11634,Male,39,1,48,1,1-2 Year,No,2630,154,185,0
91690,Female,27,1,37,0,< 1 Year,Yes,29838,152,97,1
29068,Male,68,1,28,0,1-2 Year,Yes,48037,124,234,0
35800,Male,57,1,28,0,1-2 Year,No,44633,26,116,0
14692,Male,25,1,10,0,< 1 Year,Yes,20489,152,113,0
42806,Female,56,1,28,0,1-2 Year,Yes,22543,124,70,0
11973,Female,22,1,27,0,< 1 Year,Yes,26351,152,262,0
92663,Male,43,1,28,0,1-2 Year,Yes,50073,122,75,1
57710,Female,50,1,41,0,1-2 Year,Yes,2630,156,265,1
89190,Male,24,1,28,0,1-2 Year,Yes,2630,163,265,1
84991,Female,42,1,28,0,1-2 Year,Yes,46754,26,256,1
23623,Female,74,1,28,0,> 2 Years,Yes,34049,26,28,0
40913,Female,21,1,15,1,< 1 Year,No,27921,152,96,0
19210,Female,20,1,28,0,< 1 Year,No,2630,160,243,0
45055,Female,31,1,35,1,< 1 Year,No,2630,152,272,0
31565,Male,22,1,37,0,< 1 Year,Yes,41217,152,132,0
65800,Female,39,1,28,0,1-2 Year,Yes,24925,26,134,1
89132,Male,47,1,2,0,1-2 Year,Yes,29691,31,138,1
89618,Male,59,1,2,0,1-2 Year,Yes,30902,157,211,1
50397,Male,31,1,28,0,1-2 Year,Yes,24981,26,188,1
15691,Female,21,1,42,1,< 1 Year,No,21360,152,271,0
85932,Male,65,1,28,0,1-2 Year,Yes,34251,124,118,1
64293,Female,49,1,28,0,1-2 Year,Yes,24390,157,153,1
57052,Male,63,1,48,0,1-2 Year,Yes,2630,26,276,1
14364,Male,51,1,3,0,1-2 Year,No,20855,124,191,0
26445,Female,48,1,3,1,1-2 Year,No,20714,152,194,0
5543,Female,69,1,46,0,1-2 Year,Yes,30485,11,241,0
29524,Female,61,1,28,1,1-2 Year,No,53733,124,90,0
9478,Male,28,1,45,0,< 1 Year,Yes,24157,152,210,0
31111,Female,21,1,46,0,< 1 Year,Yes,2630,152,94,0
8591,Male,29,1,9,0,< 1 Year,Yes,32369,152,40,0
49404,Male,32,1,30,0,< 1 Year,Yes,2630,152,109,1
7647,Female,21,1,29,0,< 1 Year,Yes,2630,160,40,0
29867,Female,21,1,3,0,< 1 Year,Yes,2630,156,102,0
11123,Male,22,1,2,0,< 1 Year,Yes,36924,152,158,0
37409,Male,25,1,8,1,< 1 Year,No,31284,152,159,0
63215,Male,36,1,28,0,1-2 Year,Yes,37609,124,56,1
12607,Male,50,1,41,0,1-2 Year,Yes,43105,124,53,0
39998,Male,31,1,11,0,1-2 Year,No,24843,124,245,0
41886,Male,31,1,28,1,< 1 Year,No,57674,152,195,0
56640,Male,56,1,28,0,> 2 Years,Yes,46334,122,157,1
44373,Male,33,1,11,1,1-2 Year,Yes,32656,26,193,0
73009,Male,54,1,9,0,1-2 Year,Yes,28939,26,266,1
45649,Male,56,1,8,1,1-2 Year,No,54202,124,109,0
6945,Female,27,1,3,0,< 1 Year,Yes,26061,160,11,0
42999,Female,27,1,8,1,< 1 Year,No,49687,152,155,0
41353,Female,22,1,26,0,< 1 Year,Yes,38188,152,142,0
82046,Female,30,1,43,0,1-2 Year,Yes,2630,156,82,1
72415,Male,47,1,28,0,1-2 Year,Yes,35597,163,47,1
51042,Female,39,1,28,0,> 2 Years,Yes,30990,55,239,1
13499,Female,34,1,28,0,1-2 Year,Yes,38944,124,199,0
60526,Female,59,1,28,0,1-2 Year,Yes,41095,26,78,1
1129,Male,57,1,36,1,1-2 Year,No,34507,26,251,0
36867,Male,48,1,28,1,1-2 Year,No,44360,124,252,0
91973,Male,45,1,28,0,1-2 Year,Yes,43352,26,192,1
68676,Male,37,1,4,0,1-2 Year,Yes,32100,124,32,1
52213,Male,47,1,47,0,1-2 Year,Yes,45505,26,162,1
87175,Female,37,1,41,0,1-2 Year,Yes,31694,124,198,1
20777,Male,27,1,28,1,< 1 Year,No,42132,152,119,0
14600,Female,24,1,41,1,< 1 Year,No,24409,152,173,0
21744,Male,22,1,46,1,1-2 Year,No,21376,154,83,0
70856,Male,39,1,28,0,1-2 Year,Yes,32777,124,295,1
16176,Male,52,1,28,0,1-2 Year,Yes,76756,55,154,0
76274,Male,75,1,28,0,1-2 Year,Yes,40337,124,17,1
79557,Male,46,1,18,0,1-2 Year,Yes,35546,124,165,1
46204,Male,34,1,28,0,1-2 Year,Yes,34463,152,73,0
29456,Male,50,1,28,0,1-2 Year,Yes,51770,120,19,0
34039,Male,22,1,32,1,< 1 Year,No,37572,152,32,0
87948,Male,73,1,36,0,> 2 Years,Yes,39357,124,54,1
66650,Male,31,1,36,0,< 1 Year,Yes,31334,152,58,1
13847,Female,57,1,46,0,1-2 Year,Yes,32644,26,273,0
58757,Male,37,1,28,0,1-2 Year,Yes,39285,163,126,1
32796,Female,26,1,11,1,< 1 Year,No,23733,152,292,0
19018,Female,21,1,29,0,< 1 Year,No,31575,152,172,0
11374,Male,27,1,28,1,< 1 Year,No,69879,152,41,0
77686,Female,39,1,28,0,1-2 Year,Yes,2630,154,151,1
79495,Female,51,1,8,0,1-2 Year,Yes,52750,26,255,1
72796,Female,41,1,29,0,1-2 Year,Yes,2630,26,113,1
15371,Female,22,1,8,0,< 1 Year,Yes,2630,152,176,0
16758,Female,25,1,46,1,< 1 Year,No,32750,152,62,0
73588,Female,39,1,21,0,1-2 Year,Yes,21359,124,228,1
9004,Female,66,1,28,0,1-2 Year,Yes,32219,26,174,0
64818,Female,40,1,29,0,1-2 Year,Yes,48102,26,203,1
33548,Male,70,1,28,0,1-2 Year,Yes,40625,124,117,0
39039,Male,24,1,41,1,< 1 Year,No,39376,152,256,0
79131,Male,35,1,13,0,1-2 Year,Yes,30015,26,40,1
18999,Female,21,1,11,1,< 1 Year,No,30263,152,250,0
54549,Female,71,1,28,0,1-2 Year,Yes,44746,55,167,1
6579,Female,42,1,29,0,1-2 Year,No,2630,124,86,0
42425,Female,24,1,16,1,< 1 Year,No,33112,152,228,0
35023,Male,40,1,28,0,1-2 Year,No,35909,122,245,0
9976,Male,28,1,3,0,1-2 Year,Yes,2630,154,75,0
44368,Male,23,1,13,0,< 1 Year,Yes,29997,160,69,0
67691,Female,33,1,3,0,< 1 Year,Yes,2630,157,60,1
3454,Male,44,1,23,0,1-2 Year,Yes,34376,124,101,0
55447,Male,61,1,28,0,1-2 Year,Yes,58997,26,242,1
3030,Male,33,1,8,0,< 1 Year,Yes,2630,156,46,0
34277,Male,22,1,27,0,< 1 Year,No,23103,152,82,0
39449,Male,69,1,28,1,1-2 Year,Yes,44264,13,97,0
59006,Male,57,1,16,0,> 2 Years,Yes,20646,26,39,1
25699,Female,49,1,28,0,1-2 Year,Yes,38554,124,108,0
41121,Male,51,1,36,0,1-2 Year,Yes,32618,30,20,0
7349,Male,57,1,8,0,1-2 Year,Yes,57889,124,174,0
14237,Female,47,1,28,1,1-2 Year,No,32906,26,203,0
59413,Female,66,1,33,0,1-2 Year,Yes,36592,26,197,1
51322,Male,49,1,28,0,1-2 Year,Yes,57249,124,99,1
31201,Male,21,1,17,1,< 1 Year,No,41381,152,16,0
38814,Female,60,1,14,0,1-2 Year,Yes,18004,124,84,0
1131,Female,22,1,3,0,< 1 Year,Yes,25275,152,114,0
75169,Female,43,1,28,0,> 2 Years,Yes,2630,26,103,1
83144,Male,33,1,41,0,< 1 Year,Yes,2630,156,269,1
66849,Female,47,1,28,0,1-2 Year,Yes,39873,157,275,1
10053,Female,27,1,46,0,1-2 Year,No,45518,157,193,0
79629,Male,42,1,18,0,1-2 Year,Yes,29945,124,65,1
70468,Female,77,1,36,0,1-2 Year,Yes,2630,124,20,1
82228,Male,39,1,23,0,1-2 Year,Yes,29815,124,16,1
51930,Male,49,1,46,0,1-2 Year,Yes,41255,26,243,1
62392,Male,48,1,28,0,1-2 Year,Yes,31033,122,55,1
18573,Male,33,1,28,1,< 1 Year,No,2630,160,173,0
4084,Male,45,1,8,0,1-2 Year,Yes,40686,124,133,0
49670,Male,78,1,41,0,1-2 Year,Yes,66658,12,252,1
36101,Female,28,1,8,1,< 1 Year,No,26794,152,218,0
74825,Male,55,1,18,0,1-2 Year,Yes,2630,26,276,1
82180,Female,45,1,8,0,1-2 Year,Yes,39286,26,13,1
8126,Female,21,1,28,0,< 1 Year,Yes,40770,157,210,0
93167,Male,37,1,28,0,1-2 Year,Yes,42207,124,135,1
22463,Female,22,1,37,0,< 1 Year,Yes,32675,152,128,0
67174,Male,41,1,28,0,1-2 Year,Yes,59165,156,84,1
56182,Female,67,1,45,0,1-2 Year,Yes,27669,124,39,1
40464,Female,79,1,28,1,1-2 Year,No,36181,26,207,0
40813,Male,22,1,8,1,< 1 Year,No,42849,152,170,0
1466,Male,29,1,37,0,< 1 Year,Yes,39672,152,179,0
59104,Male,40,1,30,0,1-2 Year,Yes,20528,124,213,1
33442,Female,79,1,8,0,1-2 Year,Yes,70140,160,126,0
42262,Male,27,1,45,0,< 1 Year,No,38478,151,54,0
27302,Male,63,1,11,1,1-2 Year,No,27790,26,143,0
66431,Female,32,1,29,0,1-2 Year,Yes,2630,156,225,1
80039,Male,46,1,28,0,1-2 Year,Yes,32795,26,85,1
89992,Male,47,1,28,0,1-2 Year,Yes,32232,26,24,1
66080,Male,72,1,28,0,> 2 Years,Yes,32664,122,13,1
62931,Female,58,1,48,0,1-2 Year,Yes,2630,15,118,1
25259,Male,51,1,28,0,1-2 Year,Yes,35132,26,68,0
4967,Female,36,1,49,1,1-2 Year,No,31464,152,62,0
71468,Male,38,1,35,0,1-2 Year,Yes,2630,156,207,1
1781,Male,29,1,6,1,< 1 Year,No,28545,152,84,0
25271,Male,52,1,28,0,1-2 Year,No,32810,124,280,0
13206,Female,29,1,29,1,< 1 Year,No,26252,152,175,0
18329,Female,20,1,8,0,1-2 Year,Yes,33234,26,47,0
4657,Female,43,1,28,0,1-2 Year,Yes,62596,26,44,0
69134,Male,38,1,8,0,1-2 Year,Yes,30987,124,211,1
44449,Male,58,1,48,0,1-2 Year,Yes,2630,15,229,0
71600,Female,57,1,28,0,> 2 Years,Yes,43999,26,10,1
31285,Female,25,1,6,1,< 1 Year,No,23153,152,212,0
23765,Male,42,1,15,1,1-2 Year,No,47401,124,287,0
91681,Male,45,1,28,0,1-2 Year,Yes,36370,124,161,1
33975,Female,25,1,26,1,< 1 Year,No,36407,152,271,0
91947,Male,35,1,28,0,1-2 Year,Yes,32060,122,77,1
13729,Male,43,1,28,1,1-2 Year,No,2630,26,48,0
83263,Female,28,1,3,0,< 1 Year,Yes,21889,152,107,1
53133,Female,64,1,33,0,1-2 Year,Yes,27754,157,114,1
4932,Female,25,1,28,1,< 1 Year,No,33271,152,10,0
46519,Female,24,1,11,1,< 1 Year,No,29300,151,113,0
37450,Male,26,1,8,1,< 1 Year,No,113379,152,157,0
65935,Female,50,1,34,0,1-2 Year,Yes,39970,124,32,1
80337,Male,74,1,28,0,1-2 Year,Yes,29554,122,49,1
31390,Female,24,1,18,1,< 1 Year,No,25496,152,48,0
33145,Male,24,1,9,1,< 1 Year,No,37362,152,208,0
28838,Male,42,1,28,0,1-2 Year,Yes,45316,26,268,0
6298,Male,56,1,28,0,1-2 Year,Yes,69440,124,146,0
11917,Male,44,1,2,1,1-2 Year,No,2630,26,228,0
79906,Female,28,1,28,0,1-2 Year,Yes,36936,156,165,1
67815,Male,20,1,15,0,< 1 Year,Yes,38743,160,249,1
80833,Female,36,1,35,0,1-2 Year,Yes,29793,26,76,1
31270,Female,26,1,15,1,< 1 Year,No,39652,151,213,0
43287,Female,23,1,8,1,< 1 Year,No,51758,152,241,0
4634,Female,24,1,8,0,< 1 Year,No,24070,152,183,0
30257,Female,28,1,39,1,< 1 Year,No,2630,152,126,0
67120,Female,42,1,41,0,> 2 Years,Yes,31579,26,83,1
52574,Male,61,1,28,0,> 2 Years,Yes,69856,26,201,1
23018,Female,47,1,0,0,1-2 Year,Yes,2630,26,24,0
16072,Male,37,1,28,0,1-2 Year,Yes,37624,26,269,0
55685,Male,41,1,45,0,1-2 Year,Yes,33713,124,176,1
77298,Male,32,1,46,0,< 1 Year,Yes,21144,154,101,1
21504,Male,40,1,28,0,1-2 Year,Yes,2630,156,254,0
61480,Male,32,1,46,0,1-2 Year,Yes,29998,124,210,1
77380,Male,39,1,18,0,1-2 Year,Yes,27924,124,63,1
61824,Male,46,1,28,0,1-2 Year,Yes,22914,26,106,1
4504,Female,46,1,48,0,1-2 Year,Yes,2630,26,139,0
62130,Male,38,1,28,0,1-2 Year,Yes,42919,26,21,1
90804,Male,49,1,46,0,1-2 Year,Yes,29072,26,186,1
4599,Male,59,1,26,0,1-2 Year,Yes,39978,26,245,0
32977,Male,32,1,39,0,1-2 Year,No,28393,124,53,0
53273,Female,45,1,28,0,1-2 Year,Yes,40212,13,72,1
62049,Male,38,1,28,0,1-2 Year,Yes,40211,26,126,1
4832,Female,23,1,2,1,< 1 Year,No,30959,152,72,0
19695,Female,25,1,28,1,< 1 Year,No,36889,152,219,0
55690,Male,69,1,28,0,> 2 Years,Yes,48592,124,27,1
67692,Male,34,1,19,0,1-2 Year,Yes,40248,124,36,1
31498,Female,26,1,46,1,< 1 Year,No,27777,152,78,0
60229,Female,45,1,28,0,1-2 Year,Yes,50434,26,207,1
3002,Male,22,1,6,1,< 1 Year,No,31994,152,246,0
2991,Male,64,1,45,1,1-2 Year,No,22077,124,228,0
43162,Female,26,1,37,0,< 1 Year,Yes,34103,152,33,0
29865,Female,25,1,8,0,< 1 Year,Yes,43766,152,252,0
66292,Female,42,1,41,0,1-2 Year,Yes,2630,124,233,1
34928,Male,35,1,41,1,1-2 Year,No,2630,124,145,0
68900,Male,47,1,2,0,1-2 Year,Yes,32922,26,242,1
56144,Female,54,1,28,0,1-2 Year,Yes,42826,26,84,1
66737,Male,51,1,28,0,1-2 Year,Yes,2630,26,125,1
70519,Male,50,1,28,0,1-2 Year,Yes,2630,26,293,1
79488,Female,48,1,41,0,1-2 Year,Yes,20164,60,219,1
49403,Male,38,1,28,0,1-2 Year,Yes,48357,26,45,1
91719,Male,40,1,45,0,1-2 Year,Yes,29831,124,220,1
82638,Female,52,1,28,0,1-2 Year,Yes,38710,26,197,1
21400,Male,21,1,46,1,< 1 Year,No,24892,160,12,0
17373,Male,76,1,9,0,1-2 Year,Yes,2630,156,163,0
58764,Female,37,1,28,0,1-2 Year,Yes,29687,124,288,1
41582,Female,45,1,33,1,1-2 Year,No,28230,26,202,0
82121,Male,24,1,28,0,< 1 Year,Yes,2630,124,126,1
46868,Male,42,1,6,0,1-2 Year,Yes,2630,124,210,1
33431,Female,31,1,28,1,< 1 Year,No,38668,152,227,0
57285,Male,48,1,8,0,1-2 Year,Yes,30851,124,68,1
1298,Male,53,1,28,0,1-2 Year,Yes,48196,124,196,0
65034,Female,33,1,23,0,1-2 Year,Yes,30254,26,50,1
43483,Male,71,1,18,1,1-2 Year,No,54622,26,30,0
832,Female,21,1,35,1,< 1 Year,No,35012,160,215,0
51268,Male,51,1,28,0,1-2 Year,Yes,42919,26,251,1
75258,Male,52,1,28,0,1-2 Year,Yes,41427,26,172,1
45852,Female,35,1,28,1,1-2 Year,No,24799,124,13,0
26101,Female,25,1,44,0,< 1 Year,Yes,45102,152,193,0
41830,Male,22,1,28,1,< 1 Year,No,27032,152,193,0
12589,Female,24,1,28,1,< 1 Year,No,60216,152,204,0
76823,Female,49,1,8,0,1-2 Year,Yes,41464,124,153,1
67785,Male,45,1,5,0,1-2 Year,Yes,39167,26,165,1
50339,Male,38,1,38,0,1-2 Year,Yes,22006,154,139,1
37031,Female,43,1,28,1,1-2 Year,No,37542,26,254,0
19362,Male,47,1,40,1,1-2 Year,No,2630,152,281,0
3410,Female,22,1,35,1,< 1 Year,No,25365,160,251,0
69736,Male,70,1,28,0,> 2 Years,Yes,34110,26,50,1
27260,Male,23,1,8,1,< 1 Year,No,31211,152,244,0
90615,Female,42,1,46,0,1-2 Year,Yes,23566,26,146,1
49787,Female,34,1,28,0,1-2 Year,Yes,38175,124,296,1
69118,Male,37,1,28,0,1-2 Year,Yes,57089,124,276,1
44827,Female,48,1,28,0,1-2 Year,Yes,39814,26,157,0
78583,Female,38,1,28,0,1-2 Year,Yes,45714,124,199,1
19098,Male,27,1,37,1,< 1 Year,No,30918,152,146,0
47878,Female,47,1,28,0,1-2 Year,Yes,36277,122,128,1
85211,Female,76,1,8,0,1-2 Year,Yes,61087,26,90,1
20554,Female,25,1,11,1,< 1 Year,No,26071,152,26,0
19225,Male,49,1,6,0,1-2 Year,Yes,32640,154,80,0
83629,Male,52,1,29,0,1-2 Year,Yes,38440,124,142,1
33899,Female,45,1,28,0,> 2 Years,Yes,57596,26,295,0
8344,Male,23,1,50,1,< 1 Year,Yes,37697,152,57,0
33144,Female,29,1,39,1,< 1 Year,No,46691,152,147,0
16229,Male,53,1,29,0,> 2 Years,Yes,38355,124,221,0
68561,Male,50,1,11,0,1-2 Year,Yes,2630,26,123,1
15726,Female,28,1,32,1,< 1 Year,No,35685,152,166,0
76692,Male,41,1,38,0,1-2 Year,Yes,36578,124,19,1
35599,Male,38,1,5,1,1-2 Year,No,22993,152,213,0
28659,Female,24,1,8,0,< 1 Year,Yes,49775,152,294,0
37397,Male,61,1,28,1,1-2 Year,Yes,2630,156,232,0
3138,Male,50,1,8,0,1-2 Year,No,48460,26,218,0
86448,Male,68,1,28,0,1-2 Year,Yes,36994,26,134,1
25548,Male,57,1,28,0,1-2 Year,Yes,38537,122,148,0
82463,Female,42,1,11,0,1-2 Year,Yes,42211,163,213,1
42547,Female,41,1,28,0,1-2 Year,Yes,25687,26,152,0
4631,Male,33,1,21,1,< 1 Year,No,33291,152,279,0
81729,Female,36,1,28,0,1-2 Year,Yes,32521,124,219,1
59991,Male,46,1,29,0,1-2 Year,Yes,2630,26,265,1
54079,Male,34,1,4,0,1-2 Year,Yes,31648,124,133,1
63236,Female,42,1,28,0,1-2 Year,Yes,39771,56,197,1
17721,Female,20,1,36,1,< 1 Year,No,33215,160,207,0
21846,Female,24,1,13,1,< 1 Year,No,29496,152,184,0
72312,Female,55,1,3,0,1-2 Year,Yes,2630,156,100,1
32014,Male,27,1,28,1,< 1 Year,No,34046,152,147,0
86477,Male,44,1,28,0,1-2 Year,Yes,38108,124,47,1
14246,Female,25,1,24,1,< 1 Year,No,60200,152,245,0
19381,Male,30,1,15,1,< 1 Year,No,2630,152,49,0
47379,Male,25,1,11,0,< 1 Year,Yes,32155,152,262,1
1636,Male,23,1,46,1,< 1 Year,No,33587,160,36,0
57346,Female,42,1,9,0,1-2 Year,Yes,47853,26,12,1
40775,Male,36,1,30,1,1-2 Year,No,2630,124,105,0
65914,Male,46,1,28,0,1-2 Year,Yes,32208,13,237,1
15569,Male,77,1,50,1,1-2 Year,No,49369,122,224,0
83195,Male,52,1,28,0,1-2 Year,Yes,2630,26,129,1
41807,Male,23,1,35,1,< 1 Year,No,2630,160,106,0
90844,Male,48,1,35,0,1-2 Year,Yes,21870,124,203,1
1727,Female,22,1,25,1,< 1 Year,No,25997,152,141,0
45490,Female,33,1,2,1,< 1 Year,No,26366,152,99,0
60190,Male,38,1,28,0,1-2 Year,Yes,48707,124,257,1
72306,Female,51,1,15,0,1-2 Year,Yes,36163,157,221,1
39002,Female,58,1,8,1,1-2 Year,No,38229,124,51,0
81606,Male,55,1,28,0,1-2 Year,Yes,48065,124,209,1
58516,Female,43,1,28,0,1-2 Year,Yes,37343,124,148,1
38645,Female,64,1,47,1,1-2 Year,No,2630,26,55,0
47872,Male,23,1,15,0,< 1 Year,Yes,29871,152,298,1
63924,Male,56,1,39,0,1-2 Year,Yes,37925,124,25,1
36989,Male,43,1,28,1,1-2 Year,No,41750,122,53,0
30988,Male,76,1,41,0,1-2 Year,Yes,21471,26,262,0
859,Female,27,1,27,0,< 1 Year,No,38121,152,228,0
10550,Female,78,1,28,0,1-2 Year,Yes,38818,26,153,0
53076,Female,25,1,28,0,< 1 Year,Yes,30723,152,177,1
19277,Male,49,1,36,0,1-2 Year,No,55908,122,252,0
48657,Female,49,1,15,0,> 2 Years,Yes,2630,26,34,1
77520,Male,48,1,18,0,1-2 Year,Yes,31097,26,127,1
14998,Male,49,1,11,1,1-2 Year,No,2630,120,77,0
50833,Female,46,1,28,0,1-2 Year,Yes,85019,124,146,1
66899,Male,35,1,30,0,1-2 Year,Yes,2630,151,292,1
73856,Male,45,1,19,0,1-2 Year,Yes,2630,124,159,1
7467,Female,55,1,28,1,1-2 Year,No,43264,26,72,0
59026,Male,31,1,28,0,< 1 Year,Yes,31344,152,57,1
38273,Female,71,1,3,1,1-2 Year,No,2630,124,269,0
51450,Male,51,1,28,0,1-2 Year,Yes,38351,124,175,1
72707,Male,34,1,1,0,1-2 Year,Yes,2630,157,186,1
47855,Male,45,1,28,0,> 2 Years,Yes,30953,26,91,1
76592,Female,55,1,28,0,1-2 Year,Yes,32032,26,105,1
51451,Female,36,1,48,0,1-2 Year,Yes,2630,26,35,1
9918,Male,28,1,6,1,< 1 Year,No,26595,152,50,0
90003,Male,24,1,23,0,< 1 Year,Yes,30760,124,129,1
76504,Female,46,1,8,0,1-2 Year,Yes,43047,124,57,1
38627,Female,34,1,29,1,1-2 Year,Yes,27168,124,148,0
90544,Female,22,1,32,0,< 1 Year,Yes,36705,152,276,1
34595,Female,36,1,10,1,1-2 Year,No,34902,152,49,0
74477,Female,43,1,3,0,1-2 Year,Yes,22879,124,152,1
4234,Female,54,1,46,1,1-2 Year,No,45971,124,173,0
52352,Female,40,1,28,0,1-2 Year,Yes,48837,124,62,1
80449,Male,50,1,45,0,1-2 Year,Yes,30271,26,178,1
30044,Male,24,1,15,0,< 1 Year,Yes,2630,152,290,0
15166,Female,60,1,35,0,1-2 Year,Yes,2630,124,132,0
72188,Male,58,1,28,0,1-2 Year,Yes,34945,26,73,1
46953,Male,48,1,35,0,1-2 Year,Yes,36738,10,256,1
91976,Female,41,1,28,0,> 2 Years,Yes,48987,124,221,1
44520,Female,25,1,11,1,< 1 Year,No,32077,152,157,0
56938,Male,38,1,28,0,1-2 Year,Yes,35154,124,140,1
52794,Female,35,1,3,0,1-2 Year,Yes,2630,124,60,1
91111,Male,29,1,41,0,< 1 Year,Yes,22050,152,66,1
46834,Male,24,1,37,0,< 1 Year,Yes,38903,152,279,1
65516,Male,48,1,28,0,1-2 Year,Yes,43575,26,185,1
46219,Female,77,1,46,0,1-2 Year,Yes,19861,26,106,0
61502,Male,33,1,28,0,1-2 Year,Yes,50936,124,231,1
83717,Male,30,1,8,0,1-2 Year,Yes,2630,156,148,1
78561,Male,43,1,28,0,1-2 Year,Yes,2630,26,46,1
42496,Male,37,1,11,0,1-2 Year,Yes,28182,124,163,0
91300,Female,36,1,28,0,1-2 Year,Yes,39540,26,150,1
14039,Female,39,1,28,0,1-2 Year,Yes,33591,122,154,0
1520,Female,48,1,49,0,1-2 Year,Yes,25701,26,118,0
91673,Male,51,1,8,0,1-2 Year,Yes,29690,26,52,1
42530,Female,22,1,47,0,< 1 Year,Yes,45961,152,35,0
51717,Male,35,1,28,0,1-2 Year,Yes,44035,124,125,1
41852,Female,27,1,35,1,< 1 Year,Yes,2630,160,45,0
44850,Female,26,1,28,0,1-2 Year,Yes,43343,124,288,0
5457,Female,34,1,28,0,1-2 Year,Yes,50925,124,47,0
31009,Male,46,1,28,0,1-2 Year,Yes,47103,26,201,0
7937,Male,66,1,39,1,1-2 Year,No,2630,26,28,0
8817,Male,30,1,28,0,1-2 Year,Yes,34379,124,28,0
67507,Female,23,1,47,0,< 1 Year,Yes,32715,152,118,1
87018,Male,63,1,28,0,> 2 Years,Yes,60450,26,250,1
20666,Female,49,1,28,1,1-2 Year,No,35956,26,280,0
35018,Female,24,1,21,0,< 1 Year,Yes,2630,152,86,0
71492,Male,33,1,23,0,< 1 Year,Yes,28661,154,109,1
36443,Male,79,1,52,1,1-2 Year,No,55938,26,98,0
87124,Female,38,1,28,0,1-2 Year,Yes,2630,163,238,1
69459,Female,39,1,28,0,1-2 Year,Yes,58708,122,137,1
6133,Male,55,1,8,1,1-2 Year,No,2630,7,36,0
78747,Male,23,1,25,0,< 1 Year,Yes,28249,152,64,1
20477,Male,35,1,3,1,1-2 Year,No,17224,152,193,0
61587,Female,44,1,28,0,1-2 Year,Yes,28865,26,33,1
27309,Male,21,1,15,0,1-2 Year,No,2630,157,43,0
25257,Male,38,1,14,0,1-2 Year,Yes,29015,24,55,0
12425,Male,24,1,29,1,< 1 Year,No,31825,152,281,0
49881,Male,21,1,28,0,< 1 Year,Yes,33350,152,135,1
67924,Female,44,1,28,0,1-2 Year,Yes,41379,26,290,1
15754,Female,23,1,3,1,< 1 Year,No,25403,160,12,0
85465,Male,35,1,29,0,1-2 Year,Yes,34938,152,88,1
61068,Female,52,1,50,0,1-2 Year,Yes,43403,124,193,1
79594,Female,75,1,28,0,1-2 Year,Yes,52725,26,119,1
11357,Male,75,1,28,1,1-2 Year,No,82682,13,151,0
76545,Male,31,1,2,0,1-2 Year,Yes,46765,157,21,1
35846,Male,23,1,8,0,< 1 Year,Yes,37826,152,217,0
80846,Male,23,1,8,0,< 1 Year,Yes,58132,152,169,1
2294,Male,42,1,46,1,1-2 Year,No,25125,26,120,0
7335,Male,46,1,28,0,1-2 Year,Yes,62657,124,46,0
14596,Male,45,1,50,0,1-2 Year,Yes,27490,124,128,0
18169,Male,25,1,8,1,< 1 Year,No,45752,152,67,0
3399,Female,31,1,36,1,< 1 Year,No,31716,152,154,0
55245,Male,22,1,37,0,< 1 Year,Yes,27045,152,117,1
33029,Female,21,1,47,1,< 1 Year,No,42235,160,269,0
14085,Female,22,1,29,1,< 1 Year,No,28098,152,231,0
4428,Male,23,1,39,0,< 1 Year,Yes,2630,156,81,0
63742,Female,47,1,28,0,1-2 Year,Yes,66641,26,248,1
13739,Male,48,1,28,1,1-2 Year,No,43152,26,65,0
61877,Male,60,1,41,0,1-2 Year,Yes,30370,124,232,1
73241,Male,42,1,7,0,> 2 Years,Yes,34785,124,47,1
18375,Female,21,1,46,1,< 1 Year,No,28741,160,144,0
68626,Female,32,1,28,0,1-2 Year,Yes,48418,158,223,1
55818,Female,41,1,28,0,1-2 Year,Yes,42490,124,276,1
69197,Male,51,1,28,0,1-2 Year,Yes,45606,124,197,1
11984,Female,43,1,23,1,1-2 Year,No,28470,124,105,0
54206,Female,48,1,28,0,1-2 Year,Yes,48423,25,24,1
25386,Male,37,1,28,0,< 1 Year,No,2630,1,205,0
63110,Female,30,1,23,0,< 1 Year,Yes,22863,152,204,1
74060,Male,46,1,28,0,1-2 Year,Yes,40799,26,70,1
87169,Female,58,1,28,0,> 2 Years,Yes,81714,124,221,1
22334,Male,23,1,15,0,< 1 Year,No,31044,152,23,0
74441,Female,23,1,11,0,< 1 Year,No,2630,152,171,1
86260,Female,29,1,28,0,< 1 Year,Yes,30702,158,284,1
26467,Male,22,1,35,1,< 1 Year,No,25760,152,118,0
70045,Female,44,1,29,0,1-2 Year,Yes,24205,124,53,1
20705,Female,74,1,24,1,1-2 Year,No,20484,26,99,0
48699,Male,23,1,15,0,< 1 Year,Yes,39534,152,140,1
87247,Male,44,1,7,0,1-2 Year,Yes,33766,26,169,1
19202,Male,27,1,8,1,< 1 Year,No,35746,152,235,0
52287,Male,58,1,3,0,> 2 Years,Yes,2630,26,90,1
40060,Male,30,1,33,1,1-2 Year,No,29179,26,256,0
78830,Female,39,1,20,0,1-2 Year,Yes,2630,26,227,1
38778,Female,32,1,30,1,< 1 Year,No,26974,152,149,0
9774,Male,69,1,28,0,> 2 Years,Yes,49403,122,237,0
55681,Female,48,1,15,0,1-2 Year,Yes,34605,26,195,1
67463,Male,44,1,3,0,1-2 Year,Yes,23376,124,278,1
69461,Male,26,1,28,0,< 1 Year,Yes,2630,156,298,1
84985,Male,38,1,7,0,1-2 Year,Yes,49982,163,68,1
65690,Female,48,1,28,0,1-2 Year,Yes,50113,122,227,1
80340,Female,61,1,28,0,1-2 Year,Yes,39704,13,87,1
7880,Female,35,1,41,1,1-2 Year,No,41057,124,118,0
91578,Male,54,1,41,0,1-2 Year,Yes,45448,124,160,1
80601,Male,51,1,41,0,1-2 Year,Yes,28573,26,276,1
3589,Female,26,1,44,1,< 1 Year,No,15570,152,194,0
33014,Female,31,1,3,1,< 1 Year,No,20512,26,106,0
34038,Female,57,1,28,0,1-2 Year,Yes,41305,26,219,0
32117,Male,23,1,47,0,< 1 Year,Yes,25779,152,285,0
6073,Male,42,1,28,0,1-2 Year,Yes,43374,124,197,0
33050,Male,23,1,49,0,< 1 Year,Yes,2630,160,61,0
10069,Female,26,1,15,0,< 1 Year,Yes,26249,152,254,0
1265,Male,33,1,35,0,< 1 Year,Yes,2630,156,221,0
72558,Female,65,1,24,0,1-2 Year,Yes,54375,26,25,1
62578,Female,41,1,39,0,1-2 Year,Yes,2630,122,244,1
14722,Male,28,1,37,1,< 1 Year,Yes,2630,160,168,0
5100,Female,46,1,37,1,1-2 Year,No,33483,152,225,0
39650,Female,21,1,8,0,< 1 Year,Yes,40420,160,282,0
69750,Male,50,1,46,0,1-2 Year,Yes,26647,26,208,1
35888,Male,21,1,10,0,< 1 Year,Yes,37118,160,39,0
16627,Male,42,1,8,0,1-2 Year,Yes,43132,26,17,0
12331,Female,26,1,13,1,< 1 Year,No,29990,152,146,0
31148,Female,39,1,28,1,1-2 Year,No,73830,124,198,0
16213,Female,26,1,17,1,< 1 Year,No,2630,152,96,0
22231,Female,27,1,30,1,< 1 Year,No,28162,153,185,0
35118,Female,78,1,28,0,> 2 Years,Yes,25349,157,265,0
64064,Male,28,1,28,0,1-2 Year,Yes,2630,158,288,1
14935,Female,23,1,28,0,< 1 Year,Yes,35608,26,277,0
44816,Female,71,1,28,0,1-2 Year,No,55320,122,276,0
58614,Female,46,1,8,0,1-2 Year,Yes,31272,26,34,1
83202,Female,42,1,11,0,1-2 Year,Yes,2630,157,20,1
72252,Female,36,1,39,0,1-2 Year,Yes,38673,124,56,1
58687,Male,69,1,33,0,1-2 Year,Yes,30184,132,247,1
77297,Female,41,1,20,0,1-2 Year,Yes,2630,124,65,1
88957,Female,42,1,28,0,1-2 Year,Yes,58755,26,68,1
29726,Male,20,1,15,1,< 1 Year,No,29369,160,205,0
83567,Male,42,1,28,0,1-2 Year,Yes,39634,26,112,1
26416,Female,29,1,15,1,< 1 Year,No,36835,152,76,0
84202,Female,39,1,30,0,1-2 Year,Yes,39413,157,241,1
46727,Female,32,1,28,0,1-2 Year,Yes,33011,122,275,1
30426,Female,24,1,29,1,< 1 Year,No,50725,152,161,0
73938,Male,46,1,28,0,1-2 Year,Yes,34554,24,247,1
89881,Female,48,1,28,0,> 2 Years,Yes,37105,26,192,1
67836,Female,36,1,28,0,1-2 Year,Yes,22399,26,170,1
53223,Male,24,1,37,0,< 1 Year,Yes,27665,152,52,1
35461,Male,53,1,50,0,1-2 Year,Yes,2630,26,193,0
48856,Female,42,1,46,0,1-2 Year,Yes,2630,124,16,1
72338,Female,53,1,28,0,1-2 Year,Yes,58609,26,31,1
7790,Female,23,1,15,1,< 1 Year,Yes,2630,152,178,0
25632,Female,54,1,38,0,> 2 Years,Yes,37709,157,234,0
38769,Male,52,1,46,1,1-2 Year,No,2630,156,73,0
12318,Female,42,1,28,0,1-2 Year,Yes,39977,124,276,0
36461,Female,45,1,33,0,1-2 Year,Yes,33273,124,87,0
47867,Female,45,1,28,0,> 2 Years,Yes,62961,26,78,1
41587,Female,28,1,46,1,< 1 Year,No,23329,152,88,0
7167,Female,24,1,15,0,< 1 Year,Yes,34909,160,276,0
47383,Male,57,1,47,0,1-2 Year,Yes,2630,124,61,1
25756,Male,22,1,14,0,1-2 Year,Yes,22089,163,215,0
4158,Female,28,1,8,1,< 1 Year,No,32514,152,130,0
60042,Female,36,1,30,0,1-2 Year,Yes,2630,163,235,1
4445,Female,39,1,41,0,1-2 Year,Yes,29246,154,39,0
23375,Male,23,1,3,1,< 1 Year,No,21065,152,242,0
6330,Male,24,1,8,1,< 1 Year,No,27726,152,45,0
80847,Female,67,1,28,0,1-2 Year,Yes,41498,124,107,1
65908,Male,58,1,28,0,> 2 Years,Yes,45627,124,140,1
12562,Female,76,1,28,0,> 2 Years,Yes,28926,26,268,0
66382,Male,42,1,29,0,1-2 Year,Yes,49691,124,150,1
41782,Male,57,1,19,0,1-2 Year,Yes,34845,124,267,0
57202,Female,45,1,46,0,> 2 Years,Yes,42172,26,45,1
91058,Male,54,1,35,0,> 2 Years,Yes,2630,26,52,1
79107,Male,39,1,46,0,1-2 Year,Yes,27462,152,141,1
2591,Female,24,1,16,1,< 1 Year,No,32579,152,177,0
78974,Male,25,1,28,0,< 1 Year,Yes,26577,124,59,1
64754,Male,43,1,38,0,1-2 Year,Yes,2630,26,234,1
72757,Male,23,1,9,0,< 1 Year,Yes,28857,160,15,1
70439,Male,42,1,28,0,1-2 Year,Yes,48775,26,192,1
41756,Female,41,1,28,0,1-2 Year,Yes,42067,26,80,0
22733,Male,62,1,28,0,1-2 Year,Yes,30474,26,268,0
11750,Female,22,1,25,1,< 1 Year,No,26739,152,106,0
26866,Female,23,1,11,1,< 1 Year,No,27138,152,275,0
55923,Male,57,1,28,0,1-2 Year,Yes,38952,26,255,1
9125,Female,20,1,45,1,< 1 Year,No,25637,160,27,0
87478,Male,72,1,8,0,> 2 Years,Yes,38496,124,29,1
65762,Male,34,1,4,0,1-2 Year,Yes,33113,156,255,1
1860,Male,22,1,35,1,< 1 Year,No,23008,152,268,0
13283,Female,39,1,8,1,1-2 Year,No,39535,7,275,0
37190,Male,24,1,13,1,< 1 Year,Yes,2630,160,86,0
86384,Male,38,1,35,0,1-2 Year,Yes,2630,124,196,1
50102,Female,44,1,28,0,1-2 Year,Yes,30798,124,144,1
66927,Male,45,1,28,0,> 2 Years,Yes,57877,124,223,1
29947,Female,22,1,37,0,< 1 Year,Yes,2630,152,130,0
26186,Female,25,1,11,1,< 1 Year,No,35853,152,206,0
19040,Male,43,1,9,0,1-2 Year,Yes,35248,30,270,0
3112,Male,70,1,46,1,1-2 Year,No,27899,26,237,0
78018,Male,31,1,28,0,1-2 Year,Yes,48292,26,68,1
35834,Male,33,1,28,0,1-2 Year,Yes,43589,26,91,0
3137,Male,35,1,28,1,1-2 Year,No,2630,156,256,0
10556,Female,21,1,8,1,< 1 Year,No,37716,160,37,0
78645,Female,42,1,28,0,1-2 Year,Yes,36806,124,143,1
9659,Male,56,1,8,0,1-2 Year,Yes,46215,26,48,0
56594,Male,41,1,28,0,1-2 Year,Yes,27639,124,213,1
55074,Female,38,1,8,0,1-2 Year,Yes,46290,124,282,1
75244,Female,39,1,28,0,> 2 Years,Yes,76960,24,268,1
53620,Male,23,1,28,0,< 1 Year,Yes,48966,26,149,1
42019,Female,26,1,28,1,< 1 Year,No,34016,152,18,0
70424,Male,23,1,16,0,< 1 Year,No,30641,152,251,1
46706,Male,32,1,28,1,< 1 Year,No,38187,124,153,0
19204,Male,51,1,41,1,1-2 Year,No,68652,124,166,0
26312,Male,31,1,28,0,< 1 Year,Yes,35456,152,297,0
88692,Male,39,1,28,0,1-2 Year,Yes,40597,124,127,1
65785,Female,24,1,13,0,1-2 Year,Yes,26170,124,189,1
74508,Female,46,1,28,0,1-2 Year,Yes,46009,26,59,1
90864,Male,72,1,48,0,1-2 Year,Yes,2630,26,22,1
34087,Male,22,1,30,1,< 1 Year,Yes,38252,152,295,0
34672,Female,22,1,45,1,< 1 Year,No,2630,152,34,0
28067,Male,68,0,28,0,1-2 Year,Yes,38904,26,110,0
62990,Female,31,1,28,0,1-2 Year,Yes,2630,156,39,1
66747,Male,32,1,8,0,< 1 Year,Yes,43150,124,190,1
58715,Female,23,1,35,0,< 1 Year,Yes,31019,152,57,1
17409,Female,44,1,25,0,1-2 Year,Yes,24968,124,13,0
73472,Female,44,1,11,0,1-2 Year,No,2630,156,80,1
89845,Male,43,1,28,0,1-2 Year,Yes,41658,157,221,1
37407,Male,21,1,8,1,< 1 Year,No,48163,160,146,0
60570,Male,45,1,28,0,1-2 Year,Yes,40978,26,67,1
31512,Male,72,1,33,0,1-2 Year,Yes,36728,124,197,0
73060,Male,23,1,13,0,< 1 Year,Yes,23595,151,28,1
23083,Male,37,1,45,0,1-2 Year,Yes,20955,26,80,0
59122,Female,51,1,28,0,1-2 Year,Yes,47371,4,127,1
29934,Female,53,1,43,0,1-2 Year,Yes,35872,157,123,0
60880,Male,59,1,29,0,1-2 Year,Yes,38010,26,228,1
75154,Female,46,1,28,0,1-2 Year,Yes,43102,122,255,1
13493,Male,55,1,28,0,1-2 Year,Yes,42976,124,23,0
30447,Female,48,1,28,1,1-2 Year,No,32317,124,142,0
30920,Male,26,1,28,1,< 1 Year,No,2630,160,50,0
40776,Male,27,1,41,1,< 1 Year,No,20215,152,30,0
80986,Male,53,1,45,0,1-2 Year,Yes,22357,125,200,1
21142,Male,26,1,46,0,< 1 Year,No,46508,152,254,0
25507,Male,29,1,46,0,< 1 Year,Yes,38738,124,203,0
73578,Male,52,1,28,0,1-2 Year,Yes,83873,124,299,1
34500,Male,48,1,28,0,1-2 Year,Yes,39677,124,296,0
74751,Male,67,1,28,0,1-2 Year,Yes,37654,124,73,1
73263,Female,24,1,41,0,< 1 Year,Yes,24375,152,32,1
65681,Male,36,1,15,0,1-2 Year,Yes,32026,154,260,1
51666,Female,66,1,28,0,1-2 Year,Yes,31415,124,28,1
20543,Female,38,1,28,0,1-2 Year,Yes,41143,150,262,0
84574,Female,37,1,20,0,1-2 Year,Yes,2630,26,13,1
69953,Male,56,1,47,0,1-2 Year,Yes,2630,157,124,1
21036,Female,26,1,36,1,< 1 Year,No,24804,152,181,0
79333,Male,36,1,18,0,1-2 Year,Yes,2630,152,25,1
34611,Female,57,1,28,0,1-2 Year,Yes,47209,125,224,0
73733,Male,46,1,27,0,1-2 Year,Yes,27953,26,211,1
16635,Female,25,1,29,1,< 1 Year,No,33366,152,46,0
44915,Female,77,1,28,0,1-2 Year,Yes,49429,124,119,0
1222,Female,28,1,35,1,< 1 Year,No,2630,152,155,0
14158,Male,32,1,3,0,< 1 Year,Yes,30513,152,103,0
20468,Male,50,1,47,0,1-2 Year,Yes,36553,124,240,0
65244,Female,47,1,46,0,1-2 Year,Yes,23289,26,228,1
74962,Male,49,1,41,0,> 2 Years,Yes,33376,124,259,1
78692,Female,43,1,28,0,1-2 Year,Yes,41317,154,141,1
12151,Male,44,1,8,0,1-2 Year,Yes,31341,26,58,0
19851,Male,47,1,33,0,1-2 Year,Yes,25004,124,120,0
73998,Female,46,1,28,0,1-2 Year,Yes,53914,26,262,1
80071,Male,48,1,28,0,1-2 Year,Yes,53585,26,207,1
30441,Male,21,1,30,1,< 1 Year,No,49989,152,79,0
2364,Female,21,1,17,1,< 1 Year,No,2630,160,114,0
22876,Female,63,1,20,1,1-2 Year,No,2630,124,114,0
4465,Male,27,1,32,1,< 1 Year,No,30620,152,65,0
40924,Female,27,1,11,1,< 1 Year,No,33269,152,80,0
19730,Female,21,1,11,0,< 1 Year,Yes,2630,160,273,0
88854,Female,27,1,28,0,1-2 Year,Yes,45018,124,238,1
8868,Female,44,1,3,1,1-2 Year,No,23101,124,144,0
39725,Male,23,1,36,0,< 1 Year,No,33328,152,53,0
62459,Female,34,1,23,0,1-2 Year,Yes,35255,124,200,1
74791,Male,23,1,28,0,1-2 Year,Yes,52039,124,207,1
7807,Female,39,1,28,1,1-2 Year,No,49195,152,227,0
26267,Male,25,1,15,0,< 1 Year,Yes,31379,152,139,0
68688,Female,24,1,37,0,< 1 Year,Yes,2630,152,55,1
78262,Male,48,1,28,0,1-2 Year,Yes,34813,26,249,1
21868,Female,53,1,28,0,1-2 Year,Yes,28688,124,157,0
61583,Female,41,1,28,0,1-2 Year,Yes,37314,26,289,1
51373,Male,40,1,46,0,1-2 Year,Yes,27707,124,64,1
38305,Male,34,1,46,1,1-2 Year,No,31027,152,264,0
55349,Female,24,1,50,0,< 1 Year,Yes,38463,152,123,1
25966,Female,59,1,7,0,1-2 Year,Yes,29822,26,35,0
23833,Female,62,1,28,1,1-2 Year,No,32920,124,212,0
55774,Male,55,1,28,0,1-2 Year,Yes,47688,124,228,1
70627,Male,42,1,41,0,1-2 Year,Yes,31571,109,112,1
53652,Male,46,1,28,0,> 2 Years,Yes,44271,26,184,1
31078,Female,51,1,28,0,1-2 Year,Yes,43735,124,250,0
13151,Male,27,1,30,0,< 1 Year,No,26148,152,91,0
15132,Male,27,1,8,1,< 1 Year,No,30645,152,201,0
59978,Female,54,1,28,0,1-2 Year,Yes,36807,124,188,1
91534,Male,58,1,18,0,1-2 Year,Yes,2630,124,13,1
65441,Female,34,1,28,0,1-2 Year,Yes,28293,26,246,1
39074,Male,26,1,28,1,< 1 Year,No,31530,152,43,0
47037,Female,32,1,28,0,< 1 Year,Yes,27398,154,57,1
62310,Male,23,1,21,0,< 1 Year,Yes,34158,152,182,1
25872,Female,45,1,28,1,1-2 Year,No,2630,26,185,0
14918,Female,36,1,45,0,1-2 Year,Yes,28960,157,251,0
36041,Male,24,1,28,1,< 1 Year,No,53398,152,293,0
70365,Male,51,1,28,0,1-2 Year,Yes,45319,26,123,1
12343,Male,25,1,18,1,< 1 Year,No,32937,152,29,0
89721,Male,20,1,8,0,1-2 Year,Yes,2630,156,85,1
14295,Male,56,1,6,0,1-2 Year,Yes,43556,26,148,0
87245,Male,51,1,28,0,1-2 Year,Yes,35589,26,92,1
78696,Female,34,1,28,0,1-2 Year,Yes,37902,124,286,1
52516,Male,30,1,41,0,1-2 Year,Yes,2630,163,183,1
71310,Female,22,1,28,0,< 1 Year,Yes,34498,160,34,1
26537,Female,60,1,3,1,1-2 Year,No,2630,26,207,0
29181,Female,37,1,35,0,1-2 Year,Yes,32568,10,254,0
32059,Female,27,1,9,1,< 1 Year,No,33838,152,284,0
27911,Male,41,1,28,1,1-2 Year,No,42507,124,120,0
977,Male,65,1,41,1,1-2 Year,No,29016,120,235,0
93013,Male,52,1,8,0,1-2 Year,Yes,48250,26,114,1
25612,Male,30,1,41,1,< 1 Year,No,32108,26,192,0
65735,Male,22,1,28,0,< 1 Year,Yes,51296,124,230,1
81662,Male,32,1,33,0,< 1 Year,Yes,25506,26,182,1
17051,Male,23,1,36,0,< 1 Year,No,52114,152,20,0
72050,Male,28,1,28,0,1-2 Year,Yes,30668,155,73,1
87477,Female,45,1,28,0,1-2 Year,Yes,54526,124,288,1
83377,Male,72,1,28,0,1-2 Year,Yes,38267,26,108,1
26502,Male,37,1,28,0,< 1 Year,No,2630,1,92,0
66944,Male,25,1,15,0,< 1 Year,Yes,19675,152,161,1
69955,Male,49,1,15,0,1-2 Year,Yes,2630,156,84,1
76657,Female,36,1,2,0,1-2 Year,Yes,24772,31,81,1
62784,Male,43,1,28,0,1-2 Year,Yes,55080,26,107,1
31698,Female,63,1,28,1,1-2 Year,No,25910,124,154,0
2950,Male,36,1,29,0,1-2 Year,Yes,29824,163,119,0
45151,Male,26,1,28,1,< 1 Year,No,33064,152,164,0
64636,Female,29,1,46,0,< 1 Year,Yes,21903,124,51,1
53774,Male,21,1,28,0,< 1 Year,Yes,2630,156,205,1
70791,Female,40,1,4,0,1-2 Year,Yes,30841,124,268,1
9635,Male,23,1,28,0,< 1 Year,Yes,38087,26,160,0
90991,Female,48,1,28,0,> 2 Years,Yes,52315,26,197,1
77069,Male,38,1,28,0,1-2 Year,Yes,26027,124,126,1
71569,Female,43,1,41,0,1-2 Year,Yes,36210,106,239,1
20549,Male,41,1,28,0,1-2 Year,Yes,28884,26,206,0
83070,Male,65,1,28,0,1-2 Year,Yes,44448,26,100,1
37349,Male,30,1,21,1,< 1 Year,No,30283,152,272,0
36635,Female,25,1,29,1,< 1 Year,No,38903,152,282,0
6145,Male,23,1,46,1,< 1 Year,No,34734,152,58,0
49528,Male,46,1,37,0,1-2 Year,Yes,27908,26,257,1
18049,Female,24,1,18,1,< 1 Year,No,28536,152,76,0
63456,Female,25,1,28,0,< 1 Year,Yes,30889,152,56,1
66742,Female,27,1,11,0,< 1 Year,Yes,28608,152,145,1
62976,Male,41,1,10,0,> 2 Years,Yes,36995,163,193,1
61791,Female,33,1,46,0,< 1 Year,Yes,2630,156,195,1
54498,Male,22,1,41,0,< 1 Year,Yes,29686,153,273,1
32366,Male,67,1,28,0,1-2 Year,Yes,45361,26,91,0
4824,Male,65,1,28,0,> 2 Years,Yes,43266,26,281,0
44360,Male,34,1,8,1,1-2 Year,No,49889,152,252,0
43394,Male,40,1,28,1,1-2 Year,No,38474,124,107,0
19883,Female,41,1,28,0,1-2 Year,Yes,46447,124,86,0
57842,Female,39,1,9,0,1-2 Year,Yes,27112,31,59,1
20834,Male,69,1,8,0,1-2 Year,Yes,40669,7,47,0
51422,Male,33,1,19,0,1-2 Year,Yes,32328,124,295,1
64394,Male,32,1,7,0,< 1 Year,Yes,35435,124,212,1
78869,Female,33,1,48,0,< 1 Year,Yes,2630,124,105,1
49275,Male,38,1,33,0,1-2 Year,Yes,2630,156,39,1
34029,Male,39,1,2,0,1-2 Year,Yes,31108,26,45,0
12497,Female,65,1,46,0,1-2 Year,Yes,26284,124,173,0
1020,Male,46,1,28,0,1-2 Year,Yes,36462,124,284,0
25057,Female,37,1,2,0,1-2 Year,Yes,2630,156,229,0
27776,Male,49,1,30,0,1-2 Year,No,2630,124,115,0
14627,Male,71,1,28,0,1-2 Year,Yes,41869,124,161,0
36716,Female,26,1,37,1,< 1 Year,No,31863,26,116,0
77234,Male,60,1,33,0,1-2 Year,Yes,23975,163,118,1
85844,Female,40,1,50,0,> 2 Years,Yes,58788,124,115,1
21867,Male,25,1,41,0,< 1 Year,Yes,28689,152,111,0
80306,Female,45,1,28,0,1-2 Year,Yes,32779,30,275,1
54543,Male,51,1,28,0,1-2 Year,Yes,52074,26,150,1
31223,Female,56,1,9,1,1-2 Year,No,28376,7,198,0
12080,Male,43,1,8,0,1-2 Year,No,2630,26,35,0
66397,Female,42,1,8,0,1-2 Year,Yes,45712,124,225,1
47893,Male,46,1,17,0,1-2 Year,Yes,54821,26,108,1
13851,Male,22,1,25,0,< 1 Year,Yes,27391,152,293,0
16954,Female,53,1,28,0,1-2 Year,Yes,43268,156,141,0
4487,Male,24,1,33,1,< 1 Year,No,32287,152,168,0
64702,Female,40,1,28,0,1-2 Year,Yes,69856,124,159,1
16085,Male,24,1,41,1,< 1 Year,No,36799,152,197,0
29142,Female,23,1,46,1,< 1 Year,No,36552,152,12,0
92287,Female,24,1,39,0,< 1 Year,Yes,39194,151,11,1
77264,Female,38,1,35,0,1-2 Year,Yes,2630,26,26,1
64896,Female,57,1,28,0,1-2 Year,Yes,39648,124,148,1
10612,Male,71,1,28,0,1-2 Year,Yes,2630,122,17,0
63897,Female,41,1,50,0,1-2 Year,Yes,24575,8,70,1
27625,Male,50,1,33,0,1-2 Year,Yes,29282,124,97,0
23604,Male,22,1,47,0,< 1 Year,Yes,25721,152,210,0
81690,Female,40,1,28,0,1-2 Year,Yes,32643,124,259,1
38975,Male,23,1,26,0,< 1 Year,Yes,28829,152,277,0
46434,Female,21,1,50,0,< 1 Year,Yes,20347,160,99,0
28054,Female,31,1,28,0,1-2 Year,Yes,29326,124,109,0
13243,Male,40,1,28,1,1-2 Year,No,35119,124,201,0
36018,Male,54,1,35,0,1-2 Year,Yes,2630,124,256,0
62386,Female,57,1,29,0,1-2 Year,Yes,30965,154,236,1
81816,Male,54,1,11,0,> 2 Years,Yes,2630,26,26,1
1349,Male,49,1,20,0,1-2 Year,No,2630,124,115,0
47308,Female,47,1,11,0,1-2 Year,Yes,29849,157,188,1
59726,Female,35,1,30,0,1-2 Year,Yes,28108,152,228,1
42688,Male,54,1,28,1,1-2 Year,No,21530,124,142,0
74304,Male,74,1,28,0,> 2 Years,Yes,55358,124,154,1
15595,Male,21,1,33,1,< 1 Year,No,26526,152,265,0
55325,Male,51,1,28,0,1-2 Year,Yes,54976,26,108,1
76735,Male,47,1,28,0,1-2 Year,Yes,31613,26,92,1
9175,Female,24,1,50,1,< 1 Year,No,35453,152,198,0
36823,Male,25,1,49,0,< 1 Year,Yes,2630,160,96,0
51787,Male,32,1,7,0,< 1 Year,Yes,49106,124,28,1
34057,Male,24,1,8,0,< 1 Year,No,41096,152,122,0
80386,Male,44,1,28,0,1-2 Year,Yes,23206,124,164,1
36940,Female,58,1,46,1,1-2 Year,Yes,27258,26,53,0
2458,Male,46,1,3,1,1-2 Year,No,2630,124,264,0
25707,Female,31,1,37,0,< 1 Year,Yes,32234,124,249,0
88176,Male,43,1,28,0,> 2 Years,Yes,60534,13,24,1
11093,Male,71,1,6,1,1-2 Year,No,28357,124,63,0
21752,Female,55,1,8,0,1-2 Year,Yes,44432,124,132,0
79304,Female,44,1,28,0,1-2 Year,Yes,30355,26,278,1
38505,Female,26,1,11,1,< 1 Year,No,18848,152,53,0
70566,Female,34,1,18,0,1-2 Year,Yes,2630,124,79,1
53141,Male,67,1,46,0,1-2 Year,Yes,27463,26,164,1
14873,Male,74,1,31,1,1-2 Year,Yes,2630,30,207,0
37609,Male,26,1,35,0,< 1 Year,No,46222,152,223,0
27144,Male,29,1,3,1,< 1 Year,No,32699,152,228,0
39003,Female,24,1,28,1,< 1 Year,No,38272,152,168,0
6429,Female,25,1,13,1,< 1 Year,No,2630,152,179,0
84642,Male,35,1,32,0,1-2 Year,Yes,29336,124,21,1
54072,Male,50,1,28,0,1-2 Year,Yes,33398,26,67,1
65707,Male,50,1,28,0,1-2 Year,Yes,51663,125,127,1
49663,Male,43,1,28,0,1-2 Year,Yes,38353,122,113,1
5296,Male,56,1,8,1,1-2 Year,No,26877,26,26,0
6716,Male,25,1,8,1,< 1 Year,No,30231,152,247,0
48468,Female,29,1,41,0,< 1 Year,Yes,29879,152,210,1
44897,Male,23,1,50,1,< 1 Year,No,39256,152,71,0
38162,Male,23,1,8,1,< 1 Year,No,40851,152,193,0
9520,Male,24,1,6,1,< 1 Year,No,28057,152,51,0
5007,Female,26,1,45,1,< 1 Year,No,30858,152,150,0
66389,Male,54,1,50,0,1-2 Year,Yes,37777,25,261,1
5808,Male,46,1,17,0,1-2 Year,No,32969,124,79,0
92162,Male,46,1,11,0,1-2 Year,Yes,41729,124,124,1
39866,Female,21,1,46,1,< 1 Year,No,30110,160,247,0
46193,Female,25,1,8,1,< 1 Year,No,50914,152,208,0
17958,Female,26,1,47,0,< 1 Year,Yes,29865,152,39,0
69,Female,29,1,6,1,< 1 Year,No,29744,152,113,0
37338,Male,42,1,41,0,1-2 Year,Yes,20126,163,170,0
53356,Female,37,1,15,0,1-2 Year,Yes,25807,26,121,1
42382,Female,25,1,36,1,< 1 Year,No,37153,152,143,0
27415,Female,21,1,27,0,< 1 Year,Yes,31390,160,211,0
14258,Female,34,1,15,0,1-2 Year,Yes,33718,157,238,0
79572,Female,20,1,4,0,1-2 Year,Yes,28544,156,159,1
6599,Male,22,1,45,1,< 1 Year,No,2630,152,237,0
12284,Male,29,1,21,1,< 1 Year,No,32857,163,96,0
4177,Female,55,1,28,0,1-2 Year,Yes,2630,157,166,0
34957,Male,23,1,18,1,< 1 Year,No,28826,152,255,0
54546,Male,58,1,8,0,> 2 Years,Yes,2630,124,133,1
90605,Male,49,1,28,0,1-2 Year,Yes,45664,26,257,1
456,Female,30,1,47,0,< 1 Year,Yes,36445,152,122,0
25123,Female,27,1,14,1,< 1 Year,No,34447,152,175,0
74997,Female,41,1,7,0,1-2 Year,Yes,2630,156,121,1
72155,Male,53,1,39,0,1-2 Year,Yes,25724,26,49,1
63700,Male,27,1,29,0,1-2 Year,Yes,41270,124,136,1
29942,Male,34,1,8,1,1-2 Year,No,39300,152,191,0
57813,Female,50,1,28,0,1-2 Year,Yes,48330,26,263,1
72250,Male,48,1,46,0,1-2 Year,Yes,28961,156,201,1
56502,Male,68,1,8,0,> 2 Years,Yes,36754,26,266,1
29102,Male,52,1,41,1,1-2 Year,No,31795,124,186,0
80089,Female,29,1,41,0,1-2 Year,Yes,37919,155,191,1
68310,Male,47,1,28,0,> 2 Years,Yes,30912,122,84,1
44252,Male,21,1,35,1,< 1 Year,No,24829,160,151,0
40558,Male,26,1,11,1,< 1 Year,No,27089,152,174,0
85566,Female,23,1,28,0,< 1 Year,Yes,34661,124,134,1
81267,Male,65,1,28,0,> 2 Years,Yes,51743,26,297,1
21612,Female,47,1,32,0,1-2 Year,Yes,36781,124,272,0
86461,Male,42,1,28,0,1-2 Year,Yes,29833,124,18,1
27206,Male,51,1,20,1,1-2 Year,No,2630,133,273,0
40834,Male,45,1,28,0,1-2 Year,Yes,41687,26,121,0
73845,Female,36,1,8,0,1-2 Year,Yes,2630,156,277,1
57159,Male,43,1,8,0,1-2 Year,Yes,26587,124,39,1
35682,Male,26,1,45,1,< 1 Year,No,24288,152,123,0
75845,Female,40,1,28,0,1-2 Year,Yes,36540,124,105,1
85000,Male,45,1,28,0,1-2 Year,Yes,42245,26,78,1
19920,Male,44,1,11,0,1-2 Year,Yes,33990,120,256,0
76239,Male,48,1,28,0,1-2 Year,Yes,31102,26,53,1
44397,Male,44,1,8,0,1-2 Year,Yes,36889,124,265,0
64301,Female,41,1,28,0,1-2 Year,Yes,41754,26,195,1
13965,Female,22,1,46,1,< 1 Year,No,23766,152,24,0
16931,Male,26,1,35,1,< 1 Year,No,2630,152,119,0
73594,Female,51,1,28,0,> 2 Years,Yes,42518,124,271,1
74433,Male,65,1,31,0,1-2 Year,Yes,2630,9,285,1
3819,Female,42,1,28,0,1-2 Year,Yes,45079,156,109,0
57327,Male,46,1,28,0,1-2 Year,Yes,48144,26,248,1
76493,Male,42,1,28,0,1-2 Year,Yes,35469,26,269,1
55693,Male,42,1,39,0,1-2 Year,Yes,25839,124,198,1
42414,Male,24,1,28,1,< 1 Year,Yes,79422,157,293,0
42023,Male,23,1,11,1,< 1 Year,No,38154,152,43,0
60524,Male,60,1,28,0,> 2 Years,Yes,21253,26,232,1
77111,Male,30,1,15,0,1-2 Year,Yes,23961,124,40,1
14734,Female,24,1,26,0,< 1 Year,Yes,32289,151,17,0
33501,Male,40,1,28,1,1-2 Year,No,32475,124,292,0
31981,Female,24,1,28,1,< 1 Year,No,26707,152,29,0
92893,Male,25,1,41,0,< 1 Year,Yes,58120,152,230,1
81019,Male,43,1,28,0,> 2 Years,Yes,42339,124,263,1
75583,Male,43,1,28,0,> 2 Years,Yes,43300,124,34,1
47616,Female,21,1,46,0,< 1 Year,Yes,31320,160,20,1
2849,Male,25,1,27,1,< 1 Year,No,33078,152,242,0
23601,Male,23,1,41,0,< 1 Year,Yes,27315,152,150,0
28380,Female,21,1,30,0,< 1 Year,Yes,25872,160,155,0
26893,Female,33,1,28,1,< 1 Year,No,31928,26,172,0
27877,Female,22,1,30,1,< 1 Year,No,33085,152,48,0
57171,Female,39,1,15,0,1-2 Year,Yes,33982,152,195,1
32593,Male,23,1,10,1,< 1 Year,No,23705,152,273,0
62814,Male,49,1,28,0,1-2 Year,Yes,28099,124,85,1
86455,Female,49,1,28,0,1-2 Year,No,33334,157,240,1
87023,Male,41,1,28,0,1-2 Year,Yes,24363,26,93,1
24010,Female,24,1,41,0,< 1 Year,No,21083,152,21,0
7169,Male,38,1,46,0,1-2 Year,No,41594,11,148,0
77710,Female,37,1,26,0,1-2 Year,Yes,33930,124,224,1
37694,Female,35,1,28,0,1-2 Year,Yes,2630,157,46,0
50885,Male,39,1,3,0,1-2 Year,Yes,57614,154,288,1
62240,Male,48,1,28,0,< 1 Year,Yes,39578,26,273,1
13863,Female,35,1,24,0,1-2 Year,Yes,38189,124,152,0
24670,Male,42,1,41,0,1-2 Year,Yes,35154,26,92,0
36633,Female,34,1,28,0,1-2 Year,Yes,29478,124,111,0
1661,Male,45,1,8,1,1-2 Year,No,31291,124,22,0
72545,Female,35,1,11,0,1-2 Year,Yes,38292,124,85,1
1100,Male,72,1,28,0,1-2 Year,Yes,33801,26,114,0
64633,Male,54,1,42,0,1-2 Year,Yes,26666,26,198,1
52742,Male,55,1,28,0,> 2 Years,Yes,2630,26,165,1
74878,Male,56,1,28,0,1-2 Year,Yes,49449,26,242,1
92917,Male,65,1,28,0,> 2 Years,Yes,43685,122,250,1
4724,Female,48,1,9,0,1-2 Year,Yes,33020,124,228,0
65920,Female,49,1,28,0,> 2 Years,Yes,44004,26,254,1
21855,Female,24,1,45,1,< 1 Year,No,27991,152,297,0
76691,Male,40,1,28,0,1-2 Year,Yes,21112,26,50,1
42333,Female,24,1,14,1,< 1 Year,No,22867,152,158,0
58198,Female,27,1,28,0,< 1 Year,Yes,37307,124,260,1
34575,Female,25,1,47,0,< 1 Year,Yes,35287,152,221,0
62515,Female,56,1,28,0,1-2 Year,Yes,36943,26,225,1
86456,Female,23,1,28,0,< 1 Year,Yes,49692,152,46,1
84443,Female,23,1,46,0,< 1 Year,Yes,29035,26,65,1
57411,Female,33,1,29,0,1-2 Year,Yes,2630,156,79,1
52061,Male,44,1,40,0,1-2 Year,Yes,27226,26,65,1
71670,Male,58,1,39,0,> 2 Years,Yes,31107,26,297,1
73946,Female,54,1,28,0,1-2 Year,Yes,72231,26,148,1
54138,Male,46,1,28,0,1-2 Year,Yes,30212,26,253,1
3135,Male,24,1,41,1,< 1 Year,No,26326,152,137,0
7085,Male,21,1,28,1,< 1 Year,No,37628,152,29,0
82035,Male,59,1,28,0,1-2 Year,Yes,51576,25,22,1
32119,Female,72,1,50,0,1-2 Year,Yes,31033,8,209,0
6386,Female,30,1,12,0,< 1 Year,No,2630,152,43,0
67733,Male,33,1,28,0,< 1 Year,Yes,2630,124,295,1
27401,Female,31,1,41,1,< 1 Year,No,92518,151,243,0
24237,Female,71,1,28,0,1-2 Year,Yes,66142,26,79,0
72469,Female,36,1,28,0,1-2 Year,Yes,41189,124,277,1
81006,Male,44,1,36,0,1-2 Year,Yes,2630,156,295,1
88655,Female,33,1,28,0,1-2 Year,Yes,2630,157,88,1
71937,Female,30,1,41,0,< 1 Year,Yes,32954,152,123,1
53493,Female,46,1,28,0,1-2 Year,Yes,38565,26,37,1
77842,Male,21,1,6,1,< 1 Year,Yes,2630,160,201,1
48283,Female,51,1,29,0,1-2 Year,Yes,63593,26,290,1
2859,Female,21,1,50,1,< 1 Year,No,32073,152,90,0
53895,Male,75,1,28,0,1-2 Year,Yes,44582,25,134,1
87611,Male,57,1,3,0,1-2 Year,Yes,28555,26,188,1
54933,Female,43,1,33,0,> 2 Years,Yes,27675,26,46,1
30660,Female,64,1,22,1,1-2 Year,Yes,33869,124,176,0
298,Female,45,1,8,1,1-2 Year,No,33930,124,77,0
9966,Female,62,1,28,0,1-2 Year,Yes,41446,124,86,0
74849,Female,34,1,3,0,1-2 Year,Yes,29832,124,59,1
16185,Female,28,1,33,1,< 1 Year,No,32266,152,80,0
10159,Male,42,1,50,1,1-2 Year,No,40010,124,162,0
13388,Female,25,1,30,1,< 1 Year,No,31885,152,293,0
52520,Male,24,1,28,0,< 1 Year,Yes,39851,152,160,1
4748,Male,52,1,8,1,1-2 Year,No,50818,124,186,0
29205,Female,24,1,41,1,< 1 Year,No,25171,152,61,0
89748,Female,35,1,28,0,1-2 Year,Yes,30636,152,278,1
4133,Male,43,1,33,0,1-2 Year,Yes,28399,156,79,0
68175,Female,21,1,45,0,< 1 Year,Yes,28181,152,92,1
15549,Female,71,1,28,0,1-2 Year,Yes,38694,124,217,0
20417,Female,61,1,8,0,1-2 Year,Yes,44280,26,276,0
81142,Male,53,1,28,0,1-2 Year,Yes,35698,122,36,1
42918,Male,48,1,28,0,1-2 Year,Yes,51328,26,65,0
53314,Male,32,1,3,0,< 1 Year,Yes,18349,26,112,1
14112,Female,77,1,28,0,1-2 Year,Yes,32616,122,186,0
74275,Male,52,1,29,0,1-2 Year,Yes,30029,122,14,1
44214,Male,75,1,31,1,1-2 Year,Yes,2630,9,151,0
52204,Female,51,1,12,0,1-2 Year,Yes,24346,157,216,1
64949,Female,27,1,28,0,1-2 Year,Yes,23246,156,208,1
39922,Male,26,1,47,0,< 1 Year,No,26822,152,197,0
17453,Female,43,1,28,1,1-2 Year,Yes,40842,13,75,0
5465,Male,21,1,11,0,< 1 Year,No,31484,160,252,0
187,Female,44,1,36,1,1-2 Year,No,32275,152,118,0
12494,Male,55,1,28,1,1-2 Year,No,33555,26,61,0
93244,Female,38,1,28,0,1-2 Year,Yes,52605,124,289,1
69790,Male,53,1,28,0,1-2 Year,Yes,30076,122,52,1
45552,Male,57,1,3,0,1-2 Year,Yes,2630,26,208,0
67823,Female,44,1,28,0,1-2 Year,Yes,46069,124,114,1
81512,Female,40,1,8,0,1-2 Year,Yes,50605,124,139,1
28541,Female,22,1,4,1,< 1 Year,No,28450,152,291,0
78056,Female,43,1,28,0,1-2 Year,Yes,73424,122,20,1
79203,Male,43,1,28,0,1-2 Year,Yes,58037,26,161,1
24651,Male,32,1,49,1,< 1 Year,No,35593,152,269,0
19749,Male,28,1,3,0,1-2 Year,Yes,2630,156,47,0
37747,Female,23,1,28,0,< 1 Year,Yes,33609,152,200,0
1758,Male,24,1,30,1,< 1 Year,No,25364,152,151,0
16396,Female,32,1,28,0,1-2 Year,No,2630,156,59,0
60870,Male,35,1,33,0,1-2 Year,Yes,27783,124,65,1
6648,Female,22,1,46,1,< 1 Year,No,23647,152,123,0
75475,Male,49,1,28,0,1-2 Year,Yes,38657,26,128,1
48652,Female,47,1,28,0,1-2 Year,Yes,32472,26,238,1
76598,Male,54,1,15,0,1-2 Year,Yes,2630,26,298,1
30455,Female,22,1,13,1,< 1 Year,No,20090,152,158,0
44016,Female,27,1,29,1,< 1 Year,No,36636,152,188,0
49714,Male,54,1,28,0,1-2 Year,Yes,2630,163,57,1
28584,Female,22,1,12,1,< 1 Year,No,24909,152,169,0
40911,Male,26,1,28,1,< 1 Year,No,34252,152,25,0
80813,Male,35,1,28,0,1-2 Year,Yes,57738,26,173,1
43022,Female,25,1,4,0,< 1 Year,Yes,26176,26,172,0
52752,Male,53,1,28,0,> 2 Years,Yes,2630,26,85,1
5414,Female,40,1,28,0,1-2 Year,Yes,40651,26,75,0
60791,Male,39,1,46,0,1-2 Year,Yes,29823,26,49,1
89660,Female,41,1,47,0,1-2 Year,Yes,2630,26,235,1
8656,Female,30,1,41,1,< 1 Year,No,2630,152,275,0
16322,Male,58,1,28,1,1-2 Year,No,33233,124,175,0
55945,Male,45,1,47,0,1-2 Year,Yes,34620,26,10,1
20976,Male,22,1,46,0,< 1 Year,No,30319,152,210,0
35963,Female,22,1,2,0,< 1 Year,Yes,35674,152,116,0
9598,Male,26,1,21,1,< 1 Year,No,33375,152,270,0
77556,Male,53,0,8,0,1-2 Year,Yes,31947,124,26,1
65927,Male,34,1,1,0,1-2 Year,Yes,2630,124,110,1
16044,Male,29,1,18,1,< 1 Year,No,21406,152,88,0
86975,Male,37,1,11,0,1-2 Year,Yes,2630,157,135,1
53900,Female,37,1,3,0,1-2 Year,Yes,21780,124,258,1
41211,Male,25,1,28,1,< 1 Year,No,41522,152,25,0
77916,Female,33,1,28,0,< 1 Year,Yes,35113,26,248,1
19511,Male,25,1,29,1,< 1 Year,No,39833,152,88,0
59956,Male,50,1,18,0,1-2 Year,Yes,2630,26,100,1
148,Female,23,1,23,1,< 1 Year,No,48379,152,169,0
35241,Male,24,1,6,1,< 1 Year,No,2630,152,183,0
49536,Male,33,1,9,0,1-2 Year,Yes,38685,26,201,1
85722,Male,31,1,33,0,< 1 Year,Yes,35397,124,96,1
52729,Female,33,1,18,0,1-2 Year,Yes,28838,157,23,1
58261,Male,46,1,28,0,1-2 Year,Yes,46137,26,119,1
52401,Male,47,1,46,0,1-2 Year,Yes,26275,26,11,1
72173,Female,32,1,18,0,< 1 Year,Yes,30569,124,265,1
20669,Male,25,1,41,1,< 1 Year,No,41243,152,191,0
49734,Male,54,1,28,0,1-2 Year,Yes,42864,124,173,1
28141,Male,75,1,8,0,1-2 Year,Yes,40912,124,140,0
33342,Male,57,1,45,1,1-2 Year,No,41716,52,196,0
72334,Female,43,1,28,0,1-2 Year,Yes,2630,26,193,1
4960,Male,25,1,8,1,< 1 Year,No,72923,152,131,0
85413,Male,29,1,3,0,< 1 Year,Yes,23299,152,61,1
30796,Male,25,1,8,0,< 1 Year,No,30267,26,35,0
27314,Female,27,1,15,0,< 1 Year,Yes,31321,152,242,0
16671,Male,62,1,10,1,1-2 Year,No,23599,152,82,0
81988,Male,29,1,41,0,< 1 Year,Yes,36320,124,245,1
85486,Female,39,1,28,0,1-2 Year,Yes,42498,124,233,1
32078,Male,40,1,10,0,1-2 Year,Yes,2630,156,150,0
69027,Male,39,1,11,1,1-2 Year,Yes,27283,154,268,1
10066,Male,28,1,18,0,< 1 Year,Yes,2630,156,277,0
40338,Female,46,1,8,1,1-2 Year,No,33224,156,123,0
9727,Male,64,1,28,1,1-2 Year,No,29192,125,208,0
27168,Male,21,1,35,1,< 1 Year,No,24790,160,201,0
21729,Female,26,1,11,1,< 1 Year,No,38617,152,255,0
87973,Male,73,1,28,0,1-2 Year,Yes,60649,122,265,1
11858,Male,56,1,45,1,1-2 Year,No,33589,124,267,0
90137,Male,43,1,28,0,> 2 Years,Yes,30925,122,173,1
41100,Male,52,1,28,0,1-2 Year,Yes,35064,26,164,0
38424,Male,40,1,46,0,1-2 Year,Yes,36207,124,134,0
4461,Female,24,1,39,1,< 1 Year,No,30042,152,60,0
31367,Male,27,1,8,0,< 1 Year,Yes,26245,152,76,0
20156,Male,48,1,6,1,1-2 Year,No,27505,26,250,0
19892,Female,21,1,36,0,< 1 Year,Yes,55787,152,263,0
68152,Male,46,1,8,0,1-2 Year,Yes,38249,26,262,1
84708,Male,47,1,29,0,1-2 Year,Yes,42321,124,44,1
31689,Female,40,1,28,0,> 2 Years,Yes,44455,26,133,0
10178,Male,25,1,28,1,< 1 Year,No,41379,152,182,0
78838,Male,44,1,28,0,1-2 Year,Yes,2630,124,250,1
16312,Male,31,1,21,1,< 1 Year,No,26783,152,52,0
1625,Male,44,1,8,1,1-2 Year,No,41603,26,143,0
28058,Male,42,1,39,1,1-2 Year,No,38995,124,95,0
22370,Male,21,1,8,1,< 1 Year,No,46485,152,91,0
65382,Male,46,1,28,0,1-2 Year,Yes,42779,26,75,1
75320,Male,52,1,28,0,> 2 Years,Yes,42813,124,211,1
12047,Female,52,1,28,0,1-2 Year,Yes,56219,13,113,0
79674,Male,52,1,28,0,1-2 Year,Yes,61439,122,25,1
51955,Male,63,1,46,0,1-2 Year,Yes,35276,124,149,1
52793,Female,43,1,28,0,1-2 Year,Yes,38051,26,45,1
78666,Male,41,1,8,0,1-2 Year,Yes,46932,124,36,1
15937,Female,27,1,46,1,< 1 Year,No,23758,152,208,0
72776,Male,47,1,35,0,1-2 Year,Yes,32349,124,186,1
54190,Male,50,1,28,0,> 2 Years,Yes,53905,124,253,1
66452,Male,49,1,8,0,1-2 Year,Yes,25417,26,250,1
56656,Female,40,1,28,0,1-2 Year,Yes,40466,26,254,1
29722,Male,31,1,50,1,1-2 Year,Yes,2630,157,247,0
5893,Female,38,1,23,0,1-2 Year,Yes,2630,26,111,0
15420,Male,56,1,41,0,1-2 Year,Yes,29667,26,229,0
28548,Female,22,1,34,1,< 1 Year,No,34249,152,98,0
26232,Female,24,1,16,1,< 1 Year,No,23031,151,198,0
5849,Male,25,1,47,0,< 1 Year,Yes,35752,152,139,0
8844,Female,25,1,37,0,< 1 Year,No,42827,152,97,0
22281,Female,28,1,29,0,< 1 Year,Yes,2630,156,213,0
1640,Female,54,1,2,0,1-2 Year,No,27796,124,162,0
7179,Female,23,1,8,1,< 1 Year,No,44353,152,24,0
38970,Female,41,1,28,1,1-2 Year,No,38125,26,246,0
48794,Male,39,1,28,0,1-2 Year,Yes,42111,124,46,1
7037,Male,24,1,12,1,< 1 Year,No,20964,152,156,0
43850,Male,24,1,27,1,< 1 Year,No,24167,152,52,0
33820,Male,36,1,28,0,1-2 Year,Yes,60320,124,21,0
50473,Male,50,1,28,0,1-2 Year,Yes,24398,26,211,1
8144,Female,62,1,28,0,1-2 Year,Yes,49240,55,221,0
2353,Male,37,1,31,0,1-2 Year,Yes,2630,26,46,0
28728,Female,48,1,41,0,1-2 Year,No,2630,26,145,0
56773,Male,42,1,8,0,1-2 Year,Yes,34649,26,120,1
26952,Male,34,1,28,0,1-2 Year,Yes,70314,124,134,0
42889,Male,42,1,28,0,1-2 Year,Yes,32039,163,217,0
58607,Male,46,1,28,0,1-2 Year,Yes,47816,124,155,1
59797,Male,45,1,24,0,1-2 Year,Yes,2630,156,26,1
63685,Male,34,1,15,0,1-2 Year,Yes,39451,152,111,1
80122,Male,45,1,28,0,> 2 Years,Yes,34825,26,232,1
31022,Male,67,1,8,1,1-2 Year,No,46785,7,246,0
70022,Female,22,1,3,0,< 1 Year,Yes,25585,26,177,1
2566,Male,50,1,28,1,1-2 Year,No,26216,124,234,0
77732,Male,35,1,28,0,1-2 Year,Yes,35249,124,164,1
28513,Male,53,1,28,0,1-2 Year,Yes,50103,26,156,0
62973,Male,44,1,28,0,1-2 Year,Yes,41619,26,38,1
37928,Female,25,1,14,0,< 1 Year,Yes,2630,152,228,0
68780,Male,38,1,28,0,> 2 Years,Yes,42513,122,54,1
91038,Male,54,1,28,0,1-2 Year,Yes,29866,26,104,1
72931,Male,39,1,28,0,1-2 Year,No,2630,122,209,1
85597,Female,20,1,18,0,< 1 Year,No,2630,160,27,1
92315,Female,35,1,28,0,1-2 Year,Yes,38813,124,203,1
16672,Male,28,1,8,0,< 1 Year,Yes,43179,26,193,0
7236,Male,28,1,28,0,< 1 Year,Yes,2630,158,286,0
60300,Male,33,1,4,0,< 1 Year,Yes,35324,124,107,1
54542,Male,35,1,18,0,1-2 Year,Yes,2630,26,76,1
33035,Female,26,1,30,1,< 1 Year,No,54788,152,146,0
78644,Female,21,1,28,0,1-2 Year,Yes,2630,156,102,1
72703,Female,39,1,3,0,1-2 Year,Yes,33470,26,228,1
72175,Male,33,1,28,0,1-2 Year,Yes,25032,124,69,1
6380,Male,48,1,24,0,1-2 Year,Yes,29339,26,120,0
88304,Female,48,1,28,0,1-2 Year,Yes,48967,26,118,1
76925,Female,21,1,27,0,< 1 Year,No,2630,160,29,1
51968,Female,30,1,46,0,< 1 Year,Yes,28849,152,29,1
12884,Male,26,1,29,1,< 1 Year,No,27828,152,22,0
34678,Female,65,1,46,0,1-2 Year,No,2630,156,227,0
35559,Female,47,1,42,1,1-2 Year,No,28112,30,135,0
4522,Female,22,1,14,1,< 1 Year,No,38167,152,194,0
61460,Male,35,1,28,0,1-2 Year,Yes,65826,124,178,1
88660,Female,43,1,28,0,1-2 Year,Yes,32952,26,57,1
33689,Female,22,1,39,1,< 1 Year,No,29604,26,77,0
77690,Female,47,1,20,0,1-2 Year,Yes,2630,26,227,1
46920,Male,36,1,35,0,1-2 Year,Yes,2630,156,44,1
62552,Female,36,1,33,0,1-2 Year,Yes,33630,152,193,1
49172,Male,26,1,18,0,< 1 Year,Yes,2630,152,97,1
53216,Female,38,1,28,0,1-2 Year,Yes,52291,26,283,1
84888,Male,51,1,8,0,1-2 Year,Yes,54045,26,250,1
92120,Female,57,1,28,0,1-2 Year,Yes,50208,26,45,1
73432,Male,64,1,8,0,1-2 Year,Yes,32596,26,136,1
53481,Male,57,1,28,0,> 2 Years,Yes,48262,26,78,1
59344,Male,44,1,31,0,1-2 Year,Yes,2630,98,44,1
62175,Female,21,1,28,0,1-2 Year,Yes,2630,156,211,1
33269,Female,22,1,33,1,< 1 Year,No,35248,152,37,0
25797,Male,23,1,15,1,< 1 Year,No,25605,160,256,0
92451,Male,37,1,28,0,1-2 Year,Yes,29954,26,158,1
86019,Female,68,1,28,0,1-2 Year,Yes,29555,157,37,1
10952,Male,34,1,30,0,1-2 Year,Yes,29640,124,157,0
24192,Male,49,1,28,0,1-2 Year,Yes,41830,13,113,0
16093,Female,49,1,28,0,1-2 Year,Yes,54277,26,199,0
12921,Male,24,1,28,1,< 1 Year,No,48436,152,23,0
50028,Male,47,1,12,0,1-2 Year,Yes,2630,26,271,1
9533,Female,27,1,50,1,< 1 Year,No,27656,152,124,0
24578,Male,69,1,28,0,1-2 Year,Yes,72662,124,200,0
88602,Female,37,1,28,0,1-2 Year,Yes,47609,124,29,1
56875,Male,65,1,28,0,1-2 Year,Yes,90789,26,186,1
32790,Female,49,1,48,1,1-2 Year,No,2630,15,146,0
39488,Male,32,1,28,0,1-2 Year,No,32126,124,165,0
62312,Female,25,1,28,0,< 1 Year,Yes,41918,152,112,1
33514,Female,23,1,10,0,< 1 Year,Yes,20922,152,269,0
21427,Female,41,1,41,1,1-2 Year,No,31160,136,79,0
38043,Male,28,1,28,0,< 1 Year,Yes,100772,26,253,0
55629,Male,47,1,28,0,1-2 Year,Yes,47201,124,160,1
10225,Male,29,1,36,0,< 1 Year,Yes,34372,124,135,0
35073,Male,24,1,30,0,< 1 Year,No,2630,152,50,0
9119,Male,29,1,50,1,< 1 Year,No,45431,26,172,0
85464,Male,39,1,35,0,1-2 Year,Yes,32885,122,131,1
65479,Female,48,1,28,0,> 2 Years,Yes,48940,124,77,1
11286,Female,24,1,13,0,< 1 Year,Yes,27990,26,50,0
66073,Male,42,1,8,0,1-2 Year,Yes,38527,124,215,1
15594,Female,26,1,15,1,< 1 Year,No,38129,152,157,0
92509,Male,34,1,28,0,1-2 Year,Yes,57549,124,247,1
15575,Male,74,1,24,1,1-2 Year,No,28918,26,155,0
41953,Female,33,1,28,0,> 2 Years,Yes,2630,157,207,0
24259,Female,59,1,28,1,1-2 Year,No,52757,25,129,0
82596,Male,55,1,28,0,1-2 Year,Yes,44657,26,65,1
62780,Female,63,1,28,0,1-2 Year,Yes,45497,122,236,1
8340,Male,43,1,41,0,1-2 Year,Yes,2630,156,149,0
74059,Female,31,1,23,0,1-2 Year,Yes,2630,156,127,1
92589,Male,22,1,29,0,< 1 Year,Yes,43698,152,146,1
76928,Male,39,1,10,0,1-2 Year,Yes,29217,26,172,1
22704,Female,25,1,15,1,< 1 Year,No,46305,152,118,0
65392,Female,22,1,41,0,< 1 Year,Yes,19055,152,225,1
37668,Male,52,1,28,0,> 2 Years,Yes,2630,124,137,0
83587,Male,65,1,50,0,1-2 Year,Yes,48312,69,105,1
23069,Male,66,1,34,0,1-2 Year,Yes,34475,124,143,0
65898,Male,62,1,52,0,> 2 Years,Yes,45114,124,102,1
87311,Male,34,1,28,0,1-2 Year,Yes,33397,26,22,1
52252,Female,33,1,8,0,1-2 Year,Yes,35764,124,187,1
66995,Male,53,1,28,0,1-2 Year,Yes,42474,157,162,1
24103,Female,52,1,12,0,1-2 Year,Yes,2630,154,132,0
70857,Male,56,1,47,0,1-2 Year,Yes,34518,124,22,1
65316,Male,45,1,28,0,1-2 Year,Yes,34663,26,170,1
26248,Female,45,1,28,0,1-2 Year,Yes,42295,55,144,0
93238,Female,39,1,28,0,1-2 Year,Yes,39880,24,217,1
49210,Female,46,1,3,0,1-2 Year,Yes,29641,124,114,1
43357,Female,21,1,5,0,< 1 Year,Yes,36638,152,126,0
2029,Female,37,1,13,0,1-2 Year,Yes,2630,157,99,0
53121,Female,46,1,28,0,1-2 Year,Yes,2630,122,108,1
9860,Male,31,1,46,0,< 1 Year,No,26295,124,42,0
46286,Male,26,1,11,1,< 1 Year,No,2630,152,223,0
